{"type":"FeatureCollection","features":[{"type":"Feature","properties":{"category":"R","category_source":"airspace_type","airspace_class":"","airspace_type":"R","local_type":"RPZ","designator":"EGR1U010E","name":"KEMBLE RWY 26G","source":"NATS UK ICAO AIP Dataset","airac":"2026-08-06"},"geometry":{"type":"Polygon","coordinates":[[[-1.9814111,51.6813694],[-1.9789917,51.6725083],[-2.003553944,51.669930611],[-2.0570083,51.6680611],[-2.006303056,51.678757056],[-1.9814111,51.6813694]]]}},{"type":"Feature","properties":{"category":"R","category_source":"airspace_type","airspace_class":"","airspace_type":"R","local_type":"RPZ","designator":"EGR2U008E","name":"WOLVERHAMPTON/HALFPENNY GREEN RWY 34","source":"NATS UK ICAO AIP Dataset","airac":"2026-08-06"},"geometry":{"type":"Polygon","coordinates":[[[-2.2202611,52.4749056],[-2.2336861,52.471225],[-2.24413575,52.485453306],[-2.2595472,52.5173833],[-2.230704194,52.489131194],[-2.2202611,52.4749056]]]}},{"type":"Feature","properties":{"category":"D","category_source":"airspace_type","airspace_class":"","airspace_type":"D","local_type":"","designator":"EGD710","name":"RAASAY","source":"NATS UK ICAO AIP Dataset","airac":"2026-08-06"},"geometry":{"type":"Polygon","coordinates":[[[-5.82417,57.36667],[-5.99306,57.36667],[-5.96667,57.58333],[-5.96667,57.63333],[-5.96667,57.63333],[-5.83333,57.63333],[-5.83333,57.63333],[-5.83333,57.57917],[-5.82417,57.36667],[-5.82417,57.36667]]]}},{"type":"Feature","properties":{"category":"R","category_source":"airspace_type","airspace_class":"","airspace_type":"R","local_type":"RPZ","designator":"EGR1U032E","name":"LONDON GATWICK RWY 26L","source":"NATS UK ICAO AIP Dataset","airac":"2026-08-06"},"geometry":{"type":"Polygon","coordinates":[[[-0.1036389,51.1646583],[-0.100575,51.1558806],[-0.124502361,51.152597472],[-0.19028,51.14806],[-0.127580778,51.1613735],[-0.1036389,51.1646583]]]}},{"type":"Feature","properties":{"category":"R","category_source":"airspace_type","airspace_class":"","airspace_type":"R","local_type":"RPZ","designator":"EGR1U009C","name":"GLOUCESTERSHIRE RWY 21","source":"NATS UK ICAO AIP Dataset","airac":"2026-08-06"},"geometry":{"type":"Polygon","coordinates":[[[-2.1254278,51.93475],[-2.1134611,51.9296444],[-2.127793528,51.916825333],[-2.16722,51.89417],[-2.139074333,51.922541167],[-2.1254278,51.93475]]]}},{"type":"Feature","properties":{"category":"D","category_source":"airspace_type","airspace_class":"","airspace_type":"D","local_type":"","designator":"EGD006A","name":"FALMOUTH BAY","source":"NATS UK ICAO AIP Dataset","airac":"2026-08-06"},"geometry":{"type":"Polygon","coordinates":[[[-4.78306,50.21222],[-4.70778,50.12389],[-4.90833,50.0],[-4.90833,50.15667],[-4.78306,50.21222]]]}},{"type":"Feature","properties":{"category":"R","category_source":"airspace_type","airspace_class":"","airspace_type":"R","local_type":"RPZ","designator":"EGR1U124C","name":"SOUTHAMPTON RWY 20","source":"NATS UK ICAO AIP Dataset","airac":"2026-08-06"},"geometry":{"type":"Polygon","coordinates":[[[-1.3360194,51.0010722],[-1.3225806,50.9980889],[-1.328299306,50.987845],[-1.35667,50.95028],[-1.341741333,50.990815639],[-1.3360194,51.0010722]]]}},{"type":"Feature","properties":{"category":"D","category_source":"airspace_type","airspace_class":"","airspace_type":"D","local_type":"","designator":"EGD406C","name":"ESKMEALS","source":"NATS UK ICAO AIP Dataset","airac":"2026-08-06"},"geometry":{"type":"Polygon","coordinates":[[[-3.41806,54.31667],[-3.89333,54.13444],[-4.14556,54.17417],[-3.41806,54.31667],[-4.17361,54.23694],[-3.98722,54.32111],[-3.41806,54.31667]]]}},{"type":"Feature","properties":{"category":"D","category_source":"airspace_type","airspace_class":"","airspace_type":"D","local_type":"","designator":"EGD141","name":"HYTHE RANGES","source":"NATS UK ICAO AIP Dataset","airac":"2026-08-06"},"geometry":{"type":"Polygon","coordinates":[[[1.07389,51.07194],[1.09194,51.03667],[1.03,51.02222],[1.01972,51.03278],[1.03722,51.05639],[1.07389,51.07194]]]}},{"type":"Feature","properties":{"category":"R","category_source":"airspace_type","airspace_class":"","airspace_type":"R","local_type":"FRZ","designator":"EGR2U039","name":"HMP DRAKE HALL","source":"NATS UK ICAO AIP Dataset","airac":"2026-08-06"},"geometry":{"type":"Polygon","coordinates":[[[-2.2413306,52.8857111],[-2.23105,52.8802389],[-2.2392972,52.8733056],[-2.2458917,52.8730917],[-2.2509111,52.878175],[-2.2480139,52.8818361],[-2.2413306,52.8857111]]]}},{"type":"Feature","properties":{"category":"R","category_source":"airspace_type","airspace_class":"","airspace_type":"R","local_type":"RPZ","designator":"EGR1U048F","name":"LITTLE RISSINGTON RWY 13","source":"NATS UK ICAO AIP Dataset","airac":"2026-08-06"},"geometry":{"type":"Polygon","coordinates":[[[-1.759927472,51.893272528],[-1.750372583,51.9000425],[-1.732547528,51.8904255],[-1.6941889,51.8670889],[-1.741254778,51.883199167],[-1.759927472,51.893272528]]]}},{"type":"Feature","properties":{"category":"D","category_source":"airspace_type","airspace_class":"","airspace_type":"D","local_type":"","designator":"EGD202B","name":"WEST WALES","source":"NATS UK ICAO AIP Dataset","airac":"2026-08-06"},"geometry":{"type":"Polygon","coordinates":[[[-4.35583,52.21389],[-4.2,52.26667],[-4.00111,52.2425],[-4.06194,52.05556],[-4.39333,52.09583],[-4.35583,52.21389]]]}},{"type":"Feature","properties":{"category":"R","category_source":"airspace_type","airspace_class":"","airspace_type":"R","local_type":"FRZ","designator":"EGR2U037","name":"HMP BURE","source":"NATS UK ICAO AIP Dataset","airac":"2026-08-06"},"geometry":{"type":"Polygon","coordinates":[[[1.3413778,52.763725],[1.3476528,52.7643278],[1.3564444,52.7601556],[1.3470583,52.7531694],[1.3352139,52.7589056],[1.3413778,52.763725]]]}},{"type":"Feature","properties":{"category":"D","category_source":"airspace_type","airspace_class":"","airspace_type":"D","local_type":"","designator":"EGD201A","name":"ABERPORTH","source":"NATS UK ICAO AIP Dataset","airac":"2026-08-06"},"geometry":{"type":"Polygon","coordinates":[[[-5.36340167,52.57403361],[-5.0158333,52.1508333],[-5.13935,52.16673889],[-5.27116944,52.21853611],[-5.36414556,52.33680583],[-5.36340167,52.57403361]]]}},{"type":"Feature","properties":{"category":"D","category_source":"airspace_type","airspace_class":"","airspace_type":"D","local_type":"","designator":"EGD323K","name":"SOUTHERN COMPLEX","source":"NATS UK ICAO AIP Dataset","airac":"2026-08-06"},"geometry":{"type":"Polygon","coordinates":[[[-0.000536111,54.112180556],[0.599175,53.636938889],[-0.1348056,53.7253806],[-0.4349,53.985566667],[-0.000536111,54.112180556]]]}},{"type":"Feature","properties":{"category":"R","category_source":"airspace_type","airspace_class":"","airspace_type":"R","local_type":"","designator":"EGR323","name":"NORTH WEST TRANSIT CORRIDOR","source":"NATS UK ICAO AIP Dataset","airac":"2026-08-06"},"geometry":{"type":"Polygon","coordinates":[[[-2.5172222,53.5233333],[-2.5175,53.3488889],[-2.5,53.361261722],[-2.5,53.215185083],[-2.4705556,53.1805556],[-2.4705556,53.1805556],[-2.54,53.1805556],[-2.54,53.1805556],[-2.6288889,53.1916667],[-2.6288889,53.4522222],[-2.6897222,53.5030556],[-2.5172222,53.5233333]]]}},{"type":"Feature","properties":{"category":"R","category_source":"airspace_type","airspace_class":"","airspace_type":"R","local_type":"RPZ","designator":"EGR1U005C","name":"CARDIFF RWY 30","source":"NATS UK ICAO AIP Dataset","airac":"2026-08-06"},"geometry":{"type":"Polygon","coordinates":[[[-3.2628444,51.3761972],[-3.2693111,51.3681722],[-3.287540972,51.373941917],[-3.343325,51.3966028],[-3.281061611,51.381963306],[-3.2628444,51.3761972]]]}},{"type":"Feature","properties":{"category":"D","category_source":"airspace_type","airspace_class":"","airspace_type":"D","local_type":"","designator":"EGD714B","name":"SPACEPORT ONE","source":"NATS UK ICAO AIP Dataset","airac":"2026-08-06"},"geometry":{"type":"Polygon","coordinates":[[[-7.6173694,57.6910778],[-7.25,57.8231472],[-7.375525,57.6677444],[-7.3695833,57.600225],[-7.5047222,57.5513889],[-7.6173694,57.6910778]]]}},{"type":"Feature","properties":{"category":"D","category_source":"airspace_type","airspace_class":"","airspace_type":"D","local_type":"","designator":"EGD701T","name":"HEBRIDES","source":"NATS UK ICAO AIP Dataset","airac":"2026-08-06"},"geometry":{"type":"Polygon","coordinates":[[[-12.0,59.5],[-10.0,59.5],[-10.0,59.5],[-10.0,58.4831389],[-12.0,58.7539083],[-12.0,59.5]]]}},{"type":"Feature","properties":{"category":"R","category_source":"airspace_type","airspace_class":"","airspace_type":"R","local_type":"RPZ","designator":"EGR3U016J","name":"SYERSTON RWY 06R","source":"NATS UK ICAO AIP Dataset","airac":"2026-08-06"},"geometry":{"type":"Polygon","coordinates":[[[-0.9844611,52.9948861],[-0.9913389,53.0028556],[-0.963356806,53.011665111],[-0.91167,53.02333],[-0.956294417,53.003753083],[-0.9844611,52.9948861]]]}},{"type":"Feature","properties":{"category":"R","category_source":"airspace_type","airspace_class":"","airspace_type":"R","local_type":"RPZ","designator":"EGR1U024G","name":"WHITE WALTHAM RWY 29","source":"NATS UK ICAO AIP Dataset","airac":"2026-08-06"},"geometry":{"type":"Polygon","coordinates":[[[-0.6978833,51.4859083],[-0.7027833,51.4774583],[-0.729186806,51.483441861],[-0.7748333,51.5006583],[-0.723461806,51.491705722],[-0.6978833,51.4859083]]]}},{"type":"Feature","properties":{"category":"R","category_source":"airspace_type","airspace_class":"","airspace_type":"R","local_type":"RPZ","designator":"EGR2U012D","name":"WELLESBOURNE MOUNTFORD RWY 18","source":"NATS UK ICAO AIP Dataset","airac":"2026-08-06"},"geometry":{"type":"Polygon","coordinates":[[[-1.6271083,52.240825],[-1.6125028,52.2414333],[-1.610735167,52.225420111],[-1.6144,52.1922083],[-1.625335222,52.224811417],[-1.6271083,52.240825]]]}},{"type":"Feature","properties":{"category":"D","category_source":"airspace_type","airspace_class":"","airspace_type":"D","local_type":"","designator":"EGD218C","name":"FAIRFORD","source":"NATS UK ICAO AIP Dataset","airac":"2026-08-06"},"geometry":{"type":"Polygon","coordinates":[[[-2.252699917,52.259276056],[-2.067910333,52.088321833],[-2.358822139,51.894865083],[-2.567252,51.950235278],[-2.644907417,52.021429333],[-2.252699917,52.259276056]]]}},{"type":"Feature","properties":{"category":"R","category_source":"airspace_type","airspace_class":"","airspace_type":"R","local_type":"RPZ","designator":"EGR2U014C","name":"EAST MIDLANDS RWY 27","source":"NATS UK ICAO AIP Dataset","airac":"2026-08-06"},"geometry":{"type":"Polygon","coordinates":[[[-1.2346667,52.8371667],[-1.2342139,52.8281833],[-1.259310556,52.827742083],[-1.32778,52.83111],[-1.259706361,52.836726028],[-1.2346667,52.8371667]]]}},{"type":"Feature","properties":{"category":"R","category_source":"airspace_type","airspace_class":"","airspace_type":"R","local_type":"RPZ","designator":"EGR5U008C","name":"NEWCASTLE RWY 25","source":"NATS UK ICAO AIP Dataset","airac":"2026-08-06"},"geometry":{"type":"Polygon","coordinates":[[[-1.6074556,55.0646833],[-1.6008889,55.0565278],[-1.62115225,55.051168361],[-1.6898111,55.0379222],[-1.627703667,55.0593275],[-1.6074556,55.0646833]]]}},{"type":"Feature","properties":{"category":"D","category_source":"airspace_type","airspace_class":"","airspace_type":"D","local_type":"","designator":"EGD513B","name":"DRURIDGE BAY","source":"NATS UK ICAO AIP Dataset","airac":"2026-08-06"},"geometry":{"type":"Polygon","coordinates":[[[-1.26194,55.73333],[0.12389,55.73333],[0.12389,55.73333],[0.28333,55.33333],[-0.66667,55.03333],[-0.38333,55.33333],[-0.38333,55.33333],[-1.11111,55.33333],[-1.11111,55.33333],[-1.26194,55.73333]]]}},{"type":"Feature","properties":{"category":"R","category_source":"airspace_type","airspace_class":"","airspace_type":"R","local_type":"RPZ","designator":"EGR1U128J","name":"SHOREHAM RWY 31","source":"NATS UK ICAO AIP Dataset","airac":"2026-08-06"},"geometry":{"type":"Polygon","coordinates":[[[-0.2274556,50.8142417],[-0.2355556,50.8068639],[-0.255214278,50.815538583],[-0.29722,50.83556],[-0.248263028,50.823424361],[-0.2274556,50.8142417]]]}},{"type":"Feature","properties":{"category":"TMZ","category_source":"local_type","airspace_class":"","airspace_type":"OTHER:TMZ","local_type":"TMZ","designator":"EGTMZ004","name":"ARGYLL CTA 1 TMZ","source":"NATS UK ICAO AIP Dataset","airac":"2026-08-06"},"geometry":{"type":"Polygon","coordinates":[[[-5.7800472,56.3123028],[-5.0521,56.124200278],[-4.674331667,56.024150833],[-4.7333333,56.0],[-4.895178889,55.898888889],[-5.178315278,55.9736111],[-5.903003333,56.160726944],[-5.7800472,56.3123028]]]}},{"type":"Feature","properties":{"category":"R","category_source":"airspace_type","airspace_class":"","airspace_type":"R","local_type":"RPZ","designator":"EGR1U048G","name":"LITTLE RISSINGTON RWY 31","source":"NATS UK ICAO AIP Dataset","airac":"2026-08-06"},"geometry":{"type":"Polygon","coordinates":[[[-1.630865333,51.835435056],[-1.640406528,51.828665028],[-1.662065917,51.840395889],[-1.6941889,51.8670889],[-1.651678833,51.84670925],[-1.630865333,51.835435056]]]}},{"type":"Feature","properties":{"category":"R","category_source":"airspace_type","airspace_class":"","airspace_type":"R","local_type":"RPZ","designator":"EGR1U033L","name":"REDHILL RWY H25","source":"NATS UK ICAO AIP Dataset","airac":"2026-08-06"},"geometry":{"type":"Polygon","coordinates":[[[-0.0707139,51.2291944],[-0.0669194,51.2205278],[-0.085979972,51.21724825],[-0.1386694,51.2135861],[-0.089456972,51.2259695],[-0.0707139,51.2291944]]]}},{"type":"Feature","properties":{"category":"R","category_source":"airspace_type","airspace_class":"","airspace_type":"R","local_type":"RPZ","designator":"EGR9U012B","name":"LERWICK/TINGWALL RWY 01","source":"NATS UK ICAO AIP Dataset","airac":"2026-08-06"},"geometry":{"type":"Polygon","coordinates":[[[-1.2567778,60.1442333],[-1.2743028,60.1462833],[-1.267445667,60.160892056],[-1.24361,60.19194],[-1.249910361,60.158847889],[-1.2567778,60.1442333]]]}},{"type":"Feature","properties":{"category":"R","category_source":"airspace_type","airspace_class":"","airspace_type":"R","local_type":"RPZ","designator":"EGR1U120F","name":"MERRYFIELD RWY 16","source":"NATS UK ICAO AIP Dataset","airac":"2026-08-06"},"geometry":{"type":"Polygon","coordinates":[[[-2.968585639,51.010107639],[-2.955057333,51.01293025],[-2.950427,51.004104194],[-2.9388139,50.9631361],[-2.964104722,51.001571139],[-2.968585639,51.010107639]]]}},{"type":"Feature","properties":{"category":"R","category_source":"airspace_type","airspace_class":"","airspace_type":"R","local_type":"RPZ","designator":"EGR1U118C","name":"EXETER RWY 26","source":"NATS UK ICAO AIP Dataset","airac":"2026-08-06"},"geometry":{"type":"Polygon","coordinates":[[[-3.3329056,50.7515472],[-3.3295111,50.7428194],[-3.348804444,50.739814222],[-3.4138111,50.7342917],[-3.352184167,50.748544167],[-3.3329056,50.7515472]]]}},{"type":"Feature","properties":{"category":"ATZ","category_source":"local_type","airspace_class":"","airspace_type":"RAS","local_type":"ATZ","designator":"EGDP001","name":"PORTLAND ATZ","source":"NATS UK ICAO AIP Dataset","airac":"2026-08-06"},"geometry":{"type":"Polygon","coordinates":[[[-2.4494444,50.5677778],[-2.5,50.5592556],[-2.5,50.5666667],[-2.5,50.5666667],[-2.5017167,50.5666667],[-2.4494444,50.5677778]]]}},{"type":"Feature","properties":{"category":"R","category_source":"airspace_type","airspace_class":"","airspace_type":"R","local_type":"RPZ","designator":"EGR7U003B","name":"INVERNESS RWY 05","source":"NATS UK ICAO AIP Dataset","airac":"2026-08-06"},"geometry":{"type":"Polygon","coordinates":[[[-4.1166389,57.5047583],[-4.1274806,57.5115833],[-4.111342944,57.519027],[-4.0475444,57.5424944],[-4.100485861,57.512207861],[-4.1166389,57.5047583]]]}},{"type":"Feature","properties":{"category":"R","category_source":"airspace_type","airspace_class":"","airspace_type":"R","local_type":"FRZ","designator":"EGR1U095","name":"NSA POOLE (AREA 2)","source":"NATS UK ICAO AIP Dataset","airac":"2026-08-06"},"geometry":{"type":"Polygon","coordinates":[[[-2.0286278,50.7224306],[-2.0209389,50.7240389],[-2.0174944,50.7164333],[-2.01845,50.7155222],[-2.0200389,50.7149639],[-2.0230306,50.71565],[-2.0284639,50.7188583],[-2.0286278,50.7224306]]]}},{"type":"Feature","properties":{"category":"R","category_source":"airspace_type","airspace_class":"","airspace_type":"R","local_type":"FRZ","designator":"EGR2U075","name":"NSA RAF LAKENHEATH","source":"NATS UK ICAO AIP Dataset","airac":"2026-08-06"},"geometry":{"type":"Polygon","coordinates":[[[0.5336444,52.4054],[0.5395889,52.422775],[0.5915028,52.4226722],[0.5764583,52.4000444],[0.5454611,52.3897306],[0.5423111,52.3841306],[0.5343194,52.3846861],[0.5326583,52.3902333],[0.5336444,52.4054]]]}},{"type":"Feature","properties":{"category":"R","category_source":"airspace_type","airspace_class":"","airspace_type":"R","local_type":"RPZ","designator":"EGR1U013C","name":"BOSCOMBE RWY 23","source":"NATS UK ICAO AIP Dataset","airac":"2026-08-06"},"geometry":{"type":"Polygon","coordinates":[[[-1.684181444,51.19420625],[-1.675015333,51.187305611],[-1.695906972,51.176365639],[-1.7510111,51.1533083],[-1.705065972,51.183268889],[-1.684181444,51.19420625]]]}},{"type":"Feature","properties":{"category":"R","category_source":"airspace_type","airspace_class":"","airspace_type":"R","local_type":"RPZ","designator":"EGR1U122B","name":"COMPTON ABBAS RWY 08","source":"NATS UK ICAO AIP Dataset","airac":"2026-08-06"},"geometry":{"type":"Polygon","coordinates":[[[-2.2270083,50.9520972],[-2.2301694,50.9608611],[-2.206138917,50.964334361],[-2.15361,50.96722],[-2.202997194,50.955567556],[-2.2270083,50.9520972]]]}},{"type":"Feature","properties":{"category":"D","category_source":"airspace_type","airspace_class":"","airspace_type":"D","local_type":"","designator":"EGD115A","name":"MANORBIER","source":"NATS UK ICAO AIP Dataset","airac":"2026-08-06"},"geometry":{"type":"Polygon","coordinates":[[[-4.783310449371293,51.604226556293995],[-4.779489548280947,51.60431215989398],[-4.7756881653434045,51.6045668025815],[-4.7719256208061385,51.604989187358406],[-4.768221038813363,51.60557716284824],[-4.764593250811484,51.60632773425414],[-4.761060700394195,51.60723707861245],[-4.757641350056446,51.608300564264724],[-4.754352590318155,51.60951277444856],[-4.7512111516680715,51.61086753488739],[-4.748233019765713,51.61235794523858],[-4.745433354324809,51.61397641423962],[-4.742826412085164,51.61571469837355],[-4.740425474261462,51.61756394385649],[-4.738242778837163,51.61951473173354],[-4.736289458049498,51.62155712585332],[-4.734575481387578,51.62368072347686],[-4.7331096044,51.62587470826288],[-4.731899323581004,51.62812790535983],[-4.7309508375754215,51.63042883832394],[-4.730269014912395,51.632765787573334],[-4.729857368446233,51.63512685008067],[-4.729718036650057,51.6375],[-4.729851771873996,51.63987314991934],[-4.730257935645013,51.64223421242667],[-4.730934501049958,51.64457116167607],[-4.7318780622073895,51.64687209464017],[-4.7330838507973,51.64912529173713],[-4.7345457595812315,51.65131927652315],[-4.73625637280866,51.653442874146684],[-4.7382070033691,51.65548526826647],[-4.74038773651338,51.65743605614352],[-4.742787479932211,51.659285301626454],[-4.745394019945621,51.66102358576038],[-4.7481940835234315,51.66264205476143],[-4.751173405824814,51.664132465112615],[-4.7543168029143175,51.665487225551445],[-4.757608249282838,51.66669943573528],[-4.761030959775026,51.667762921387556],[-4.764567475499675,51.66867226574587],[-4.76819975327705,51.669422837151764],[-4.771909258156929,51.6700108126416],[-4.775677058523526,51.670433197418504],[-4.779483923288621,51.67068784010603],[-4.78331042066217,51.67077344370601],[-4.73,51.6375],[-4.83667,51.6375],[-4.783310449371293,51.604226556293995]]]}},{"type":"Feature","properties":{"category":"R","category_source":"airspace_type","airspace_class":"","airspace_type":"R","local_type":"RPZ","designator":"EGR2U031B","name":"OLD BUCKENHAM RWY 02","source":"NATS UK ICAO AIP Dataset","airac":"2026-08-06"},"geometry":{"type":"Polygon","coordinates":[[[1.0331583,52.4542778],[1.0193194,52.4573278],[1.025841278,52.468377389],[1.0520222,52.497575],[1.039587889,52.465165833],[1.0331583,52.4542778]]]}},{"type":"Feature","properties":{"category":"R","category_source":"airspace_type","airspace_class":"","airspace_type":"R","local_type":"RPZ","designator":"EGR1U125B","name":"LEE-ON-SOLENT RWY 05","source":"NATS UK ICAO AIP Dataset","airac":"2026-08-06"},"geometry":{"type":"Polygon","coordinates":[[[-1.2564056,50.7780111],[-1.2663917,50.7843917],[-1.248480528,50.795675944],[-1.2065417,50.8157361],[-1.238484722,50.789299778],[-1.2564056,50.7780111]]]}},{"type":"Feature","properties":{"category":"R","category_source":"airspace_type","airspace_class":"","airspace_type":"R","local_type":"FRZ","designator":"EGR1U063","name":"HMP FELTHAM","source":"NATS UK ICAO AIP Dataset","airac":"2026-08-06"},"geometry":{"type":"Polygon","coordinates":[[[-0.4374556,51.4456917],[-0.4255778,51.4443639],[-0.4298361,51.4329861],[-0.4464194,51.4351611],[-0.4445889,51.4440722],[-0.4374556,51.4456917]]]}},{"type":"Feature","properties":{"category":"R","category_source":"airspace_type","airspace_class":"","airspace_type":"R","local_type":"RPZ","designator":"EGR5U002B","name":"ISLAY RWY 07","source":"NATS UK ICAO AIP Dataset","airac":"2026-08-06"},"geometry":{"type":"Polygon","coordinates":[[[-6.3310583,55.6632111],[-6.3363611,55.6716778],[-6.316976028,55.675569778],[-6.25972,55.68333],[-6.311206528,55.667196889],[-6.3310583,55.6632111]]]}},{"type":"Feature","properties":{"category":"R","category_source":"airspace_type","airspace_class":"","airspace_type":"R","local_type":"RPZ","designator":"EGR1U028B","name":"LONDON HEATHROW RWY 09L","source":"NATS UK ICAO AIP Dataset","airac":"2026-08-06"},"geometry":{"type":"Polygon","coordinates":[[[-0.556900333,51.470493333],[-0.557017333,51.483975389],[-0.52717625,51.484097472],[-0.46135,51.4775833],[-0.527047278,51.470615472],[-0.556900333,51.470493333]]]}},{"type":"Feature","properties":{"category":"D","category_source":"airspace_type","airspace_class":"","airspace_type":"D","local_type":"","designator":"EGD008B","name":"PLYMOUTH","source":"NATS UK ICAO AIP Dataset","airac":"2026-08-06"},"geometry":{"type":"Polygon","coordinates":[[[-4.575,49.79444],[-4.07944,49.74389],[-4.16056,49.62194],[-4.1675,49.62083],[-4.575,49.79444]]]}},{"type":"Feature","properties":{"category":"R","category_source":"airspace_type","airspace_class":"","airspace_type":"R","local_type":"RPZ","designator":"EGR2U007D","name":"COSFORD RWY 06L","source":"NATS UK ICAO AIP Dataset","airac":"2026-08-06"},"geometry":{"type":"Polygon","coordinates":[[[-2.371474639,52.610899528],[-2.379291139,52.618523167],[-2.355592361,52.627540778],[-2.3052,52.6405],[-2.348053472,52.619810972],[-2.371474639,52.610899528]]]}},{"type":"Feature","properties":{"category":"R","category_source":"airspace_type","airspace_class":"","airspace_type":"R","local_type":"RPZ","designator":"EGR1U039D","name":"ROCHESTER RWY 02R","source":"NATS UK ICAO AIP Dataset","airac":"2026-08-06"},"geometry":{"type":"Polygon","coordinates":[[[0.4839722,51.3053889],[0.4705972,51.3086333],[0.478927583,51.322145972],[0.5028889,51.3518639],[0.492498444,51.319213306],[0.4839722,51.3053889]]]}},{"type":"Feature","properties":{"category":"D","category_source":"airspace_type","airspace_class":"","airspace_type":"D","local_type":"","designator":"EGD127","name":"PORTON","source":"NATS UK ICAO AIP Dataset","airac":"2026-08-06"},"geometry":{"type":"Polygon","coordinates":[[[-1.72083,51.09778],[-1.74306,51.10889],[-1.71333,51.125],[-1.71333,51.13361],[-1.63056,51.17],[-1.61389,51.13111],[-1.64528,51.1175],[-1.72083,51.09778]]]}},{"type":"Feature","properties":{"category":"R","category_source":"airspace_type","airspace_class":"","airspace_type":"R","local_type":"RPZ","designator":"EGR2U005C","name":"SHAWBURY RWY 23","source":"NATS UK ICAO AIP Dataset","airac":"2026-08-06"},"geometry":{"type":"Polygon","coordinates":[[[-2.615304472,52.836507472],[-2.604773139,52.830177333],[-2.627641056,52.816240667],[-2.6679389,52.793625],[-2.639151139,52.821971889],[-2.615304472,52.836507472]]]}},{"type":"Feature","properties":{"category":"R","category_source":"airspace_type","airspace_class":"","airspace_type":"R","local_type":"RPZ","designator":"EGR3U024B","name":"MONA RWY 04","source":"NATS UK ICAO AIP Dataset","airac":"2026-08-06"},"geometry":{"type":"Polygon","coordinates":[[[-4.420364889,53.215348889],[-4.432273694,53.220793806],[-4.413274194,53.235782056],[-4.3740111,53.2593],[-4.40135675,53.230340667],[-4.420364889,53.215348889]]]}},{"type":"Feature","properties":{"category":"R","category_source":"airspace_type","airspace_class":"","airspace_type":"R","local_type":"RPZ","designator":"EGR9U008F","name":"SUMBURGH RWY 15","source":"NATS UK ICAO AIP Dataset","airac":"2026-08-06"},"geometry":{"type":"Polygon","coordinates":[[[-1.358948944,59.913869167],[-1.34459625,59.919219778],[-1.329950861,59.909328611],[-1.2938222,59.881475],[-1.343497306,59.903436278],[-1.358948944,59.913869167]]]}},{"type":"Feature","properties":{"category":"R","category_source":"airspace_type","airspace_class":"","airspace_type":"R","local_type":"RPZ","designator":"EGR3U001C","name":"VALLEY RWY 19","source":"NATS UK ICAO AIP Dataset","airac":"2026-08-06"},"geometry":{"type":"Polygon","coordinates":[[[-4.5370639,53.3026917],[-4.5221556,53.3017056],[-4.524459139,53.28925525],[-4.5353333,53.2481667],[-4.539463944,53.289695417],[-4.5370639,53.3026917]]]}},{"type":"Feature","properties":{"category":"R","category_source":"airspace_type","airspace_class":"","airspace_type":"R","local_type":"RPZ","designator":"EGR1U121C","name":"YEOVIL/WESTLAND RWY 27","source":"NATS UK ICAO AIP Dataset","airac":"2026-08-06"},"geometry":{"type":"Polygon","coordinates":[[[-2.5801417,50.9429222],[-2.5805972,50.9339361],[-2.606894056,50.934485556],[-2.6588472,50.94005],[-2.606426806,50.943470972],[-2.5801417,50.9429222]]]}},{"type":"Feature","properties":{"category":"R","category_source":"airspace_type","airspace_class":"","airspace_type":"R","local_type":"RPZ","designator":"EGR4U009B","name":"TEESSIDE INTERNATIONAL RWY 05","source":"NATS UK ICAO AIP Dataset","airac":"2026-08-06"},"geometry":{"type":"Polygon","coordinates":[[[-1.4940167,54.468525],[-1.5044444,54.4751444],[-1.486979417,54.484498333],[-1.42944,54.50917],[-1.476537833,54.477884972],[-1.4940167,54.468525]]]}},{"type":"Feature","properties":{"category":"R","category_source":"airspace_type","airspace_class":"","airspace_type":"R","local_type":"RPZ","designator":"EGR4U004C","name":"NEWTOWNARDS RWY 21","source":"NATS UK ICAO AIP Dataset","airac":"2026-08-06"},"geometry":{"type":"Polygon","coordinates":[[[-5.6560306,54.6242111],[-5.6427833,54.6195611],[-5.655910778,54.606983722],[-5.69194,54.58111],[-5.669147639,54.611639583],[-5.6560306,54.6242111]]]}},{"type":"Feature","properties":{"category":"R","category_source":"airspace_type","airspace_class":"","airspace_type":"R","local_type":"RPZ","designator":"EGR1U128H","name":"SHOREHAM RWY 13","source":"NATS UK ICAO AIP Dataset","airac":"2026-08-06"},"geometry":{"type":"Polygon","coordinates":[[[-0.3568833,50.8602972],[-0.3487722,50.8676778],[-0.332227556,50.860405028],[-0.29722,50.83556],[-0.341489167,50.853531333],[-0.3568833,50.8602972]]]}},{"type":"Feature","properties":{"category":"R","category_source":"airspace_type","airspace_class":"","airspace_type":"R","local_type":"RPZ","designator":"EGR1U116H","name":"PREDANNACK RWY 18","source":"NATS UK ICAO AIP Dataset","airac":"2026-08-06"},"geometry":{"type":"Polygon","coordinates":[[[-5.238902528,50.052080194],[-5.224941361,50.052223222],[-5.224517972,50.035004472],[-5.2317694,50.0020333],[-5.238478917,50.035052083],[-5.238902528,50.052080194]]]}},{"type":"Feature","properties":{"category":"TMZ","category_source":"local_type","airspace_class":"","airspace_type":"OTHER:TMZ","local_type":"TMZ","designator":"EGTMZ022","name":"MORAY CTA 1 TMZ","source":"NATS UK ICAO AIP Dataset","airac":"2026-08-06"},"geometry":{"type":"Polygon","coordinates":[[[-1.9600889,57.6183],[-1.6527972,57.5989417],[-1.59435,57.5590528],[-1.4708611,57.406225],[-1.8247028,57.0713972],[-2.1277778,57.0919444],[-1.8386111,57.1458333],[-1.9763889,57.3647222],[-2.2672222,57.3094444],[-2.5655556,57.35],[-2.5983222,57.5446194],[-2.3089583,57.6036556],[-1.9600889,57.6183]]]}},{"type":"Feature","properties":{"category":"D","category_source":"airspace_type","airspace_class":"","airspace_type":"D","local_type":"","designator":"EGD323A","name":"SOUTHERN COMPLEX","source":"NATS UK ICAO AIP Dataset","airac":"2026-08-06"},"geometry":{"type":"Polygon","coordinates":[[[0.2412278,55.2861722],[1.298075,55.0285222],[-0.5256139,54.5171139],[-0.9156,54.8112972],[-0.9158333,54.9623333],[0.2412278,55.2861722]]]}},{"type":"Feature","properties":{"category":"R","category_source":"airspace_type","airspace_class":"","airspace_type":"R","local_type":"","designator":"EGR160","name":"THE SPECIFIED AREA","source":"NATS UK ICAO AIP Dataset","airac":"2026-08-06"},"geometry":{"type":"Polygon","coordinates":[[[-0.28778,51.48667],[-0.23528,51.57222],[-0.15111,51.555],[-0.055,51.56917],[-0.0125,51.525],[-0.01222,51.44583],[-0.10278,51.45333],[-0.20611,51.42083],[-0.23528,51.48167],[-0.28778,51.48667]]]}},{"type":"Feature","properties":{"category":"R","category_source":"airspace_type","airspace_class":"","airspace_type":"R","local_type":"RPZ","designator":"EGR2U008B","name":"WOLVERHAMPTON/HALFPENNY GREEN RWY 04","source":"NATS UK ICAO AIP Dataset","airac":"2026-08-06"},"geometry":{"type":"Polygon","coordinates":[[[-2.3045556,52.4777167],[-2.3163528,52.4830889],[-2.300953083,52.495712278],[-2.2595472,52.5173833],[-2.289901167,52.489726861],[-2.3045556,52.4777167]]]}},{"type":"Feature","properties":{"category":"R","category_source":"airspace_type","airspace_class":"","airspace_type":"R","local_type":"RPZ","designator":"EGR7U006C","name":"ABERDEEN/DYCE RWY 23","source":"NATS UK ICAO AIP Dataset","airac":"2026-08-06"},"geometry":{"type":"Polygon","coordinates":[[[-2.1416417,57.2412278],[-2.1302278,57.2347222],[-2.140047694,57.229667111],[-2.19806,57.2025],[-2.152178139,57.235802972],[-2.1416417,57.2412278]]]}},{"type":"Feature","properties":{"category":"R","category_source":"airspace_type","airspace_class":"","airspace_type":"R","local_type":"RPZ","designator":"EGR4U008E","name":"LEEMING RWY 21","source":"NATS UK ICAO AIP Dataset","airac":"2026-08-06"},"geometry":{"type":"Polygon","coordinates":[[[-1.504256306,54.344218417],[-1.490733444,54.339942806],[-1.500945083,54.328930333],[-1.53528,54.2925],[-1.515206278,54.332405306],[-1.504256306,54.344218417]]]}},{"type":"Feature","properties":{"category":"R","category_source":"airspace_type","airspace_class":"","airspace_type":"R","local_type":"FRZ","designator":"EGR1U133","name":"HMP GUYS MARSH","source":"NATS UK ICAO AIP Dataset","airac":"2026-08-06"},"geometry":{"type":"Polygon","coordinates":[[[-2.2236361,50.9901722],[-2.2145111,50.9911917],[-2.2080889,50.9837472],[-2.2209778,50.9782111],[-2.2300528,50.9858083],[-2.2236361,50.9901722]]]}},{"type":"Feature","properties":{"category":"R","category_source":"airspace_type","airspace_class":"","airspace_type":"R","local_type":"RPZ","designator":"EGR2U010C","name":"BIRMINGHAM RWY 33","source":"NATS UK ICAO AIP Dataset","airac":"2026-08-06"},"geometry":{"type":"Polygon","coordinates":[[[-1.6922444,52.4116167],[-1.7044,52.4065667],[-1.718605333,52.419369056],[-1.75056,52.45611],[-1.706443222,52.424416667],[-1.6922444,52.4116167]]]}},{"type":"Feature","properties":{"category":"R","category_source":"airspace_type","airspace_class":"","airspace_type":"R","local_type":"RPZ","designator":"EGR1U114G","name":"LAND'S END RWY 29","source":"NATS UK ICAO AIP Dataset","airac":"2026-08-06"},"geometry":{"type":"Polygon","coordinates":[[[-5.601996028,50.087806833],[-5.607394611,50.079514722],[-5.62694,50.084794167],[-5.6705806,50.1027028],[-5.621077361,50.092961139],[-5.601996028,50.087806833]]]}},{"type":"Feature","properties":{"category":"R","category_source":"airspace_type","airspace_class":"","airspace_type":"R","local_type":"RPZ","designator":"EGR9U008G","name":"SUMBURGH RWY 33","source":"NATS UK ICAO AIP Dataset","airac":"2026-08-06"},"geometry":{"type":"Polygon","coordinates":[[[-1.226986,59.839575361],[-1.241304417,59.834224667],[-1.266364833,59.851231222],[-1.2938222,59.881475],[-1.251241472,59.856040806],[-1.226986,59.839575361]]]}},{"type":"Feature","properties":{"category":"R","category_source":"airspace_type","airspace_class":"","airspace_type":"R","local_type":"RPZ","designator":"EGR1U001E","name":"HAVERFORDWEST RWY 27","source":"NATS UK ICAO AIP Dataset","airac":"2026-08-06"},"geometry":{"type":"Polygon","coordinates":[[[-4.886525,51.8408111],[-4.8859028,51.8318306],[-4.907215611,51.831274417],[-4.9608472,51.8333111],[-4.908287583,51.840243194],[-4.886525,51.8408111]]]}},{"type":"Feature","properties":{"category":"R","category_source":"airspace_type","airspace_class":"","airspace_type":"R","local_type":"RPZ","designator":"EGR2U002B","name":"WELSHPOOL RWY 04","source":"NATS UK ICAO AIP Dataset","airac":"2026-08-06"},"geometry":{"type":"Polygon","coordinates":[[[-3.1928167,52.5861333],[-3.2049306,52.5912639],[-3.19026225,52.604122556],[-3.1532861,52.6286194],[-3.178136611,52.598999139],[-3.1928167,52.5861333]]]}},{"type":"Feature","properties":{"category":"R","category_source":"airspace_type","airspace_class":"","airspace_type":"R","local_type":"RPZ","designator":"EGR2U012C","name":"WELLESBOURNE MOUNTFORD RWY 23","source":"NATS UK ICAO AIP Dataset","airac":"2026-08-06"},"geometry":{"type":"Polygon","coordinates":[[[-1.5644667,52.2256444],[-1.5542,52.2192417],[-1.568955028,52.21032975],[-1.6144,52.1922083],[-1.578524167,52.217153222],[-1.5644667,52.2256444]]]}},{"type":"Feature","properties":{"category":"R","category_source":"airspace_type","airspace_class":"","airspace_type":"R","local_type":"RPZ","designator":"EGR1U117C","name":"NEWQUAY RWY 30","source":"NATS UK ICAO AIP Dataset","airac":"2026-08-06"},"geometry":{"type":"Polygon","coordinates":[[[-4.9182167,50.4169],[-4.9253611,50.4091556],[-4.943161611,50.415874833],[-4.995375,50.440775],[-4.936005917,50.423615528],[-4.9182167,50.4169]]]}},{"type":"Feature","properties":{"category":"R","category_source":"airspace_type","airspace_class":"","airspace_type":"R","local_type":"RPZ","designator":"EGR3U016E","name":"SYERSTON RWY 20L","source":"NATS UK ICAO AIP Dataset","airac":"2026-08-06"},"geometry":{"type":"Polygon","coordinates":[[[-0.8850333,53.0698028],[-0.8716361,53.06585],[-0.883072778,53.051806639],[-0.91167,53.02333],[-0.896771944,53.055383028],[-0.8850333,53.0698028]]]}},{"type":"Feature","properties":{"category":"R","category_source":"airspace_type","airspace_class":"","airspace_type":"R","local_type":"RPZ","designator":"EGR3U001E","name":"VALLEY RWY 31","source":"NATS UK ICAO AIP Dataset","airac":"2026-08-06"},"geometry":{"type":"Polygon","coordinates":[[[-4.458411778,53.214721278],[-4.468117556,53.207880861],[-4.487723806,53.217921472],[-4.5353333,53.2481667],[-4.478008722,53.224758306],[-4.458411778,53.214721278]]]}},{"type":"Feature","properties":{"category":"R","category_source":"airspace_type","airspace_class":"","airspace_type":"R","local_type":"RPZ","designator":"EGR3U022C","name":"WICKENBY RWY 21","source":"NATS UK ICAO AIP Dataset","airac":"2026-08-06"},"geometry":{"type":"Polygon","coordinates":[[[-0.3218611,53.361625],[-0.308275,53.3577917],[-0.31849775,53.344840917],[-0.3487972,53.3169361],[-0.332077306,53.348677222],[-0.3218611,53.361625]]]}},{"type":"Feature","properties":{"category":"R","category_source":"airspace_type","airspace_class":"","airspace_type":"R","local_type":"RPZ","designator":"EGR3U004D","name":"BLACKPOOL RWY 13","source":"NATS UK ICAO AIP Dataset","airac":"2026-08-06"},"geometry":{"type":"Polygon","coordinates":[[[-3.106925,53.7973528],[-3.097725,53.8044972],[-3.083108389,53.797913],[-3.02861,53.77167],[-3.091369278,53.790345806],[-3.106925,53.7973528]]]}},{"type":"Feature","properties":{"category":"D","category_source":"airspace_type","airspace_class":"","airspace_type":"D","local_type":"","designator":"EGD902C","name":"SAXAVORD","source":"NATS UK ICAO AIP Dataset","airac":"2026-08-06"},"geometry":{"type":"Polygon","coordinates":[[[-1.1,60.7666667],[-0.4166667,60.7666667],[-0.4166667,60.7666667],[-0.4166667,60.6666667],[-0.4166667,60.6666667],[-1.1,60.6666667],[-1.1,60.6666667],[-1.1,60.7666667]]]}},{"type":"Feature","properties":{"category":"R","category_source":"airspace_type","airspace_class":"","airspace_type":"R","local_type":"RPZ","designator":"EGR2U006F","name":"TERNHILL RWY 17","source":"NATS UK ICAO AIP Dataset","airac":"2026-08-06"},"geometry":{"type":"Polygon","coordinates":[[[-2.552745306,52.9203575],[-2.538170722,52.922133389],[-2.53293525,52.906442222],[-2.5321917,52.8731611],[-2.547651,52.905104889],[-2.552745306,52.9203575]]]}},{"type":"Feature","properties":{"category":"R","category_source":"airspace_type","airspace_class":"","airspace_type":"R","local_type":"RPZ","designator":"EGR1U116G","name":"PREDANNACK RWY 31","source":"NATS UK ICAO AIP Dataset","airac":"2026-08-06"},"geometry":{"type":"Polygon","coordinates":[[[-5.168361778,49.9738475],[-5.176847028,49.966714667],[-5.197659889,49.977026722],[-5.2317694,50.0020333],[-5.188512444,49.983832444],[-5.168361778,49.9738475]]]}},{"type":"Feature","properties":{"category":"R","category_source":"airspace_type","airspace_class":"","airspace_type":"R","local_type":"RPZ","designator":"EGR1U018C","name":"BENSON RWY 19","source":"NATS UK ICAO AIP Dataset","airac":"2026-08-06"},"geometry":{"type":"Polygon","coordinates":[[[-1.0913722,51.6682889],[-1.0770528,51.6670639],[-1.081470694,51.647105389],[-1.0958472,51.6150389],[-1.09578375,51.648330139],[-1.0913722,51.6682889]]]}},{"type":"Feature","properties":{"category":"D","category_source":"airspace_type","airspace_class":"","airspace_type":"D","local_type":"","designator":"EGD305","name":"BECKINGHAM","source":"NATS UK ICAO AIP Dataset","airac":"2026-08-06"},"geometry":{"type":"Polygon","coordinates":[[[-0.69278,53.09833],[-0.67611,53.095],[-0.67889,53.07417],[-0.70139,53.07444],[-0.70472,53.09278],[-0.69278,53.09833]]]}},{"type":"Feature","properties":{"category":"R","category_source":"airspace_type","airspace_class":"","airspace_type":"R","local_type":"RPZ","designator":"EGR1U033G","name":"REDHILL RWY 36","source":"NATS UK ICAO AIP Dataset","airac":"2026-08-06"},"geometry":{"type":"Polygon","coordinates":[[[-0.1349667,51.1662944],[-0.1492611,51.1664556],[-0.148373583,51.19804275],[-0.133997583,51.200432778],[-0.1349667,51.1662944]]]}},{"type":"Feature","properties":{"category":"R","category_source":"airspace_type","airspace_class":"","airspace_type":"R","local_type":"RPZ","designator":"EGR1U041C","name":"EARLS COLNE RWY 24","source":"NATS UK ICAO AIP Dataset","airac":"2026-08-06"},"geometry":{"type":"Polygon","coordinates":[[[0.7473028,51.942025],[0.7545583,51.9342361],[0.7327025,51.926469139],[0.6825,51.91444],[0.725671333,51.9343375],[0.7473028,51.942025]]]}},{"type":"Feature","properties":{"category":"R","category_source":"airspace_type","airspace_class":"","airspace_type":"R","local_type":"RPZ","designator":"EGR1U033K","name":"REDHILL RWY H36","source":"NATS UK ICAO AIP Dataset","airac":"2026-08-06"},"geometry":{"type":"Polygon","coordinates":[[[-0.1340222,51.1672389],[-0.1482889,51.1666667],[-0.151429472,51.197534444],[-0.137333278,51.199878389],[-0.1340222,51.1672389]]]}},{"type":"Feature","properties":{"category":"R","category_source":"airspace_type","airspace_class":"","airspace_type":"R","local_type":"RPZ","designator":"EGR3U009E","name":"MANCHESTER BARTON RWY 26R","source":"NATS UK ICAO AIP Dataset","airac":"2026-08-06"},"geometry":{"type":"Polygon","coordinates":[[[-2.312025,53.4822083],[-2.3101361,53.4732944],[-2.333936528,53.471514444],[-2.3897167,53.4715722],[-2.335938083,53.480419861],[-2.312025,53.4822083]]]}},{"type":"Feature","properties":{"category":"R","category_source":"airspace_type","airspace_class":"","airspace_type":"R","local_type":"FRZ","designator":"EGR3U013A","name":"LEEDS EAST","source":"NATS UK ICAO AIP Dataset","airac":"2026-08-06"},"geometry":{"type":"Polygon","coordinates":[[[-1.19547972,53.83446806],[-1.1655417,53.7968222],[-1.1655417,53.7968222],[-1.217675,53.7842389],[-1.175611,53.806361],[-1.2527639,53.8102667],[-1.19547972,53.83446806]]]}},{"type":"Feature","properties":{"category":"R","category_source":"airspace_type","airspace_class":"","airspace_type":"R","local_type":"RPZ","designator":"EGR9U008D","name":"SUMBURGH RWY 09","source":"NATS UK ICAO AIP Dataset","airac":"2026-08-06"},"geometry":{"type":"Polygon","coordinates":[[[-1.392994722,59.87130875],[-1.394995611,59.880228056],[-1.359949056,59.882237306],[-1.2938222,59.881475],[-1.3579365,59.873318694],[-1.392994722,59.87130875]]]}},{"type":"Feature","properties":{"category":"R","category_source":"airspace_type","airspace_class":"","airspace_type":"R","local_type":"RPZ","designator":"EGR6U006B","name":"DUNDEE RWY 09","source":"NATS UK ICAO AIP Dataset","airac":"2026-08-06"},"geometry":{"type":"Polygon","coordinates":[[[-3.1183417,56.44835],[-3.1181917,56.4573306],[-3.085307667,56.457185667],[-3.02583,56.4525],[-3.085396722,56.448204833],[-3.1183417,56.44835]]]}},{"type":"Feature","properties":{"category":"D","category_source":"airspace_type","airspace_class":"","airspace_type":"D","local_type":"","designator":"EGD113A","name":"CASTLEMARTIN","source":"NATS UK ICAO AIP Dataset","airac":"2026-08-06"},"geometry":{"type":"Polygon","coordinates":[[[-5.30833,51.66028],[-5.07861,51.66028],[-5.07861,51.66028],[-5.05556,51.65167],[-5.09167,51.525],[-5.05833,51.48333],[-5.05833,51.48333],[-4.90889,51.48333],[-4.90889,51.48333],[-5.03889,51.40833],[-4.94639,51.70361],[-5.40222,51.60278],[-5.30833,51.66028]]]}},{"type":"Feature","properties":{"category":"R","category_source":"airspace_type","airspace_class":"","airspace_type":"R","local_type":"RPZ","designator":"EGR6U001C","name":"TIREE RWY 23","source":"NATS UK ICAO AIP Dataset","airac":"2026-08-06"},"geometry":{"type":"Polygon","coordinates":[[[-6.8076972,56.5368639],[-6.7966306,56.5302861],[-6.819976361,56.518316028],[-6.86917,56.49917],[-6.83103425,56.524896083],[-6.8076972,56.5368639]]]}},{"type":"Feature","properties":{"category":"R","category_source":"airspace_type","airspace_class":"","airspace_type":"R","local_type":"RPZ","designator":"EGR1U048B","name":"LITTLE RISSINGTON RWY 04","source":"NATS UK ICAO AIP Dataset","airac":"2026-08-06"},"geometry":{"type":"Polygon","coordinates":[[[-1.739121833,51.824314833],[-1.750533694,51.8298625],[-1.732771333,51.843906639],[-1.6941889,51.8670889],[-1.721352556,51.838361639],[-1.739121833,51.824314833]]]}},{"type":"Feature","properties":{"category":"R","category_source":"airspace_type","airspace_class":"","airspace_type":"R","local_type":"RPZ","designator":"EGR1U128C","name":"SHOREHAM RWY 20","source":"NATS UK ICAO AIP Dataset","airac":"2026-08-06"},"geometry":{"type":"Polygon","coordinates":[[[-0.2755389,50.8825167],[-0.2623278,50.8792056],[-0.271486389,50.864593083],[-0.29722,50.83556],[-0.284699861,50.867893917],[-0.2755389,50.8825167]]]}},{"type":"Feature","properties":{"category":"D","category_source":"airspace_type","airspace_class":"","airspace_type":"D","local_type":"","designator":"EGD902F","name":"SAXAVORD","source":"NATS UK ICAO AIP Dataset","airac":"2026-08-06"},"geometry":{"type":"Polygon","coordinates":[[[-2.0791667,61.0],[-1.5,61.0],[-1.5,61.0],[-1.5,60.8014028],[-2.0791667,61.0]]]}},{"type":"Feature","properties":{"category":"R","category_source":"airspace_type","airspace_class":"","airspace_type":"R","local_type":"","designator":"EGR219","name":"SANDRINGHAM HOUSE","source":"NATS UK ICAO AIP Dataset","airac":"2026-08-06"},"geometry":{"type":"Polygon","coordinates":[[[0.47778,52.8275],[0.47194,52.85222],[0.57333,52.85889],[0.57972,52.83417],[0.58611,52.80944],[0.48361,52.80278],[0.47778,52.8275]]]}},{"type":"Feature","properties":{"category":"R","category_source":"airspace_type","airspace_class":"","airspace_type":"R","local_type":"FRZ","designator":"EGR3U040","name":"HMP LOWDHAM GRANGE","source":"NATS UK ICAO AIP Dataset","airac":"2026-08-06"},"geometry":{"type":"Polygon","coordinates":[[[-1.0387222,53.0207639],[-1.0323028,53.019425],[-1.0301833,53.0151972],[-1.0340306,53.010775],[-1.0426389,53.0096306],[-1.0495444,53.0145167],[-1.04635,53.0188944],[-1.0387222,53.0207639]]]}},{"type":"Feature","properties":{"category":"R","category_source":"airspace_type","airspace_class":"","airspace_type":"R","local_type":"RPZ","designator":"EGR3U016T","name":"SYERSTON RWY 15L","source":"NATS UK ICAO AIP Dataset","airac":"2026-08-06"},"geometry":{"type":"Polygon","coordinates":[[[-0.9523778,53.0651111],[-0.9393694,53.0695083],[-0.926241028,53.0554365],[-0.91167,53.02333],[-0.940036917,53.051887806],[-0.9523778,53.0651111]]]}},{"type":"Feature","properties":{"category":"D","category_source":"airspace_type","airspace_class":"","airspace_type":"D","local_type":"","designator":"EGD701K","name":"HEBRIDES","source":"NATS UK ICAO AIP Dataset","airac":"2026-08-06"},"geometry":{"type":"Polygon","coordinates":[[[-10.0,56.5896417],[-7.7374528,56.0608028],[-8.0,55.8519],[-8.0,55.8519],[-8.0585556,55.8519],[-8.0585556,55.8519],[-10.0,56.4417389],[-10.0,56.5896417]]]}},{"type":"Feature","properties":{"category":"R","category_source":"airspace_type","airspace_class":"","airspace_type":"R","local_type":"RPZ","designator":"EGR3U009C","name":"MANCHESTER BARTON RWY 20","source":"NATS UK ICAO AIP Dataset","airac":"2026-08-06"},"geometry":{"type":"Polygon","coordinates":[[[-2.3760861,53.5186583],[-2.3614972,53.5163917],[-2.367730778,53.502160806],[-2.3897167,53.4715722],[-2.382258889,53.504554444],[-2.3760861,53.5186583]]]}},{"type":"Feature","properties":{"category":"D","category_source":"airspace_type","airspace_class":"","airspace_type":"D","local_type":"","designator":"EGD701I","name":"HEBRIDES","source":"NATS UK ICAO AIP Dataset","airac":"2026-08-06"},"geometry":{"type":"Polygon","coordinates":[[[-10.0,57.25],[-9.0,56.9342639],[-7.6666667,56.7172722],[-7.7185306,56.5859806],[-8.6245139,56.5898861],[-10.0,56.7633694],[-10.0,57.25]]]}},{"type":"Feature","properties":{"category":"R","category_source":"airspace_type","airspace_class":"","airspace_type":"R","local_type":"RPZ","designator":"EGR1U138E","name":"CULDROSE RWY 29","source":"NATS UK ICAO AIP Dataset","airac":"2026-08-06"},"geometry":{"type":"Polygon","coordinates":[[[-5.1752278,50.0688778],[-5.1806444,50.0605917],[-5.197533528,50.065180611],[-5.2540722,50.0853972],[-5.19210275,50.073462917],[-5.1752278,50.0688778]]]}},{"type":"Feature","properties":{"category":"D","category_source":"airspace_type","airspace_class":"","airspace_type":"D","local_type":"","designator":"EGD701G","name":"HEBRIDES","source":"NATS UK ICAO AIP Dataset","airac":"2026-08-06"},"geometry":{"type":"Polygon","coordinates":[[[-10.0,58.4831389],[-9.6834222,58.4831389],[-9.6834222,58.4831389],[-8.89806,58.0775],[-8.5201278,57.9030306],[-9.3442028,57.8003528],[-9.3463778,57.2840639],[-10.0,57.5501444],[-10.0,58.4831389]]]}},{"type":"Feature","properties":{"category":"R","category_source":"airspace_type","airspace_class":"","airspace_type":"R","local_type":"RPZ","designator":"EGR2U016C","name":"LEICESTER RWY 22","source":"NATS UK ICAO AIP Dataset","airac":"2026-08-06"},"geometry":{"type":"Polygon","coordinates":[[[-0.9871722,52.6458639],[-0.97535,52.640475],[-0.9896495,52.628879611],[-1.03194,52.60778],[-1.000533972,52.635026889],[-0.9871722,52.6458639]]]}},{"type":"Feature","properties":{"category":"R","category_source":"airspace_type","airspace_class":"","airspace_type":"R","local_type":"RPZ","designator":"EGR1U023C","name":"FARNBOROUGH RWY 24","source":"NATS UK ICAO AIP Dataset","airac":"2026-08-06"},"geometry":{"type":"Polygon","coordinates":[[[-0.709275,51.3031861],[-0.7025472,51.2952472],[-0.715928222,51.290801056],[-0.7775,51.27528],[-0.722677361,51.2987325],[-0.709275,51.3031861]]]}},{"type":"Feature","properties":{"category":"R","category_source":"airspace_type","airspace_class":"","airspace_type":"R","local_type":"RPZ","designator":"EGR4U010C","name":"TOPCLIFFE RWY 20","source":"NATS UK ICAO AIP Dataset","airac":"2026-08-06"},"geometry":{"type":"Polygon","coordinates":[[[-1.355170139,54.256615889],[-1.340917917,54.253288417],[-1.353665361,54.234590167],[-1.3816278,54.2056278],[-1.367910222,54.237918972],[-1.355170139,54.256615889]]]}},{"type":"Feature","properties":{"category":"R","category_source":"airspace_type","airspace_class":"","airspace_type":"R","local_type":"RPZ","designator":"EGR8U003C","name":"KIRKWALL RWY 27","source":"NATS UK ICAO AIP Dataset","airac":"2026-08-06"},"geometry":{"type":"Polygon","coordinates":[[[-2.8023417,58.9647639],[-2.8015528,58.9557972],[-2.836380833,58.955004083],[-2.9004806,58.9580139],[-2.837149806,58.963971194],[-2.8023417,58.9647639]]]}},{"type":"Feature","properties":{"category":"R","category_source":"airspace_type","airspace_class":"","airspace_type":"R","local_type":"FRZ","designator":"EGR3U026","name":"HMP ASKHAM GRANGE","source":"NATS UK ICAO AIP Dataset","airac":"2026-08-06"},"geometry":{"type":"Polygon","coordinates":[[[-1.1900611,53.9308583],[-1.1780778,53.9311083],[-1.1751583,53.9269861],[-1.1794583,53.9221],[-1.1848389,53.9211972],[-1.1895889,53.9222667],[-1.1936361,53.9275306],[-1.1900611,53.9308583]]]}},{"type":"Feature","properties":{"category":"R","category_source":"airspace_type","airspace_class":"","airspace_type":"R","local_type":"FRZ","designator":"EGR1U007A","name":"YEOVILTON","source":"NATS UK ICAO AIP Dataset","airac":"2026-08-06"},"geometry":{"type":"Polygon","coordinates":[[[-2.7039093348505445,50.98883541581429],[-2.7015919192519715,50.98629900185718],[-2.698997434275368,50.98387125013597],[-2.6961387350173704,50.98156416794015],[-2.6930299751055937,50.979389165746134],[-2.6896865364050906,50.97735700078281],[-2.686124952818191,50.975477723827915],[-2.682362828556909,50.97376062949844],[-2.6784187512911117,50.97221421028086],[-2.6743122005976505,50.970846114528605],[-2.6700634521556847,50.96966310863445],[-2.665693478151379,50.968671043564996],[-2.6612238443710323,50.96787482592264],[-2.6566766044754915,50.96727839367834],[-2.6520741919603386,50.966884696694926],[-2.64743931031588,50.9666956821376],[-2.6427948219083306,50.96671228484351],[-2.6381636361088154,50.9669344226982],[-2.6335685971998775,50.96736099704176],[-2.6290323725900833,50.96798989810258],[-2.6245773418660656,50.96881801543201],[-2.6202254872079274,50.96984125328812],[-2.6159982856883595,50.97105455089267],[-2.6119166039681,50.972451907460865],[-2.6080005958905006,50.974026411880416],[-2.6042696034659594,50.97577027689277],[-2.600742061722861,50.97767487760773],[-2.597435407885452,50.979730794160865],[-2.5943659953207816,50.9819278583027],[-2.5915490126764955,50.9842552036893],[-2.5889984086089326,50.986701319625624],[-2.5867268224766593,50.989254107995585],[-2.584745521348369,50.991900943097534],[-2.583064343646022,50.99462873408904],[-2.5816916497142706,50.99742398973219],[-2.580634279575738,51.000272885119216],[-2.579897518098641,51.00316133004835],[-2.5794850677687173,51.00607503871183],[-2.5793990292215514,51.00899960035132],[-2.5796398896543598,51.01192055053132],[-2.5802065191981796,51.014823442678065],[-2.5810961752924713,51.01769391953005],[-2.5823045150644997,51.02051778414689],[-2.5838256156757398,51.02328107012518],[-2.5856520025571395,51.02597011067423],[-2.587774685414624,51.028571606209916],[-2.590183201845909,51.03107269013237],[-2.5928656683698055,51.033460992462246],[-2.5958088386299463,51.03572470102074],[-2.5989981684964847,51.03785261985084],[-2.602417887752098,51.039834224590784],[-2.6060510780127717,51.04165971452598],[-2.6098797564996095,51.04332006106182],[-2.613884965245545,51.044807052377756],[-2.6180468652905597,51.046113334041706],[-2.6223448353910332,51.047232445383926],[-2.626757574743389,51.04815885145053],[-2.6312632091994543,51.0488879703785],[-2.635839400431053,51.04941619605692],[-2.6404634574844987,51.04974091596218],[-2.6451124501519505,51.04986052407921],[-2.6497633235761415,51.049774428844515],[-2.654393013497892,51.04948305607198],[-2.658978561552113,51.04898784684687],[-2.6634972300177227,51.04829125039843],[-2.6679266154300483,51.047396711986366],[-2.672244760470844,51.04630865586115],[-2.6764302635609525,51.04503246338229],[-2.680462385593827,51.04357444640302],[-2.684321153264478,51.04194181605278],[-2.68798745846782,51.04014264707209],[-2.6914431532626777,51.03818583787613],[-2.694671139922767,51.03608106654452],[-2.697655455623517,51.03383874295502],[-2.7003813513435277,51.03146995729786],[-2.702835364591515,51.028986425225355],[-2.7050053856035063,51.02640042990809],[-2.7068807166906783,51.0237247612842],[-2.7084521244552455,51.020972652802314],[-2.709711884629999,51.01815771597094],[-2.629821528,50.967843],[-2.676291333,50.971469361],[-2.7039093348505445,50.98883541581429]]]}},{"type":"Feature","properties":{"category":"R","category_source":"airspace_type","airspace_class":"","airspace_type":"R","local_type":"FRZ","designator":"EGR1U131","name":"HMP DARTMOOR","source":"NATS UK ICAO AIP Dataset","airac":"2026-08-06"},"geometry":{"type":"Polygon","coordinates":[[[-3.9961306,50.5549111],[-3.9904139,50.5534278],[-3.9880028,50.5496972],[-3.9899417,50.5463833],[-3.9991278,50.5430111],[-4.0056361,50.5521528],[-3.9961306,50.5549111]]]}},{"type":"Feature","properties":{"category":"D","category_source":"airspace_type","airspace_class":"","airspace_type":"D","local_type":"","designator":"EGD217E","name":"LLANBEDR","source":"NATS UK ICAO AIP Dataset","airac":"2026-08-06"},"geometry":{"type":"Polygon","coordinates":[[[-3.9941149552743136,52.82617343062721],[-3.996955676562724,52.831833035185525],[-4.000456333828248,52.83735557159199],[-4.004599425489098,52.842713095882175],[-4.009364170277242,52.84787849905083],[-4.01472660866376,52.852825644223174],[-4.020659721026069,52.85752949890715],[-4.027133562022716,52.86196626165745],[-4.034115410544772,52.86611348251063],[-4.041569934518316,52.86995017658155],[-4.049459369740956,52.873456930246675],[-4.057743711847419,52.87661599937677],[-4.066380920415952,52.879411399121935],[-4.075327134149228,52.88182898479478],[-4.084536895991485,52.88385652344233],[-4.093963386978389,52.88548375574465],[-4.103558667558288,52.886702447926844],[-4.113273925073672,52.88750643342187],[-4.123059726050304,52.88789164407327],[-4.1328662719090365,52.88785613072002],[-4.142643656692181,52.88740007305923],[-4.152342125382577,52.88652577873692],[-4.1619123313895345,52.8852376716713],[-4.171305591781432,52.883542269667856],[-4.180474138860087,52.881448151439315],[-4.18937136669674,52.87896591319745],[-4.197952071283483,52.8761081150364],[-4.20617268299678,52.872889217378784],[-4.213991490120942,52.86932550780607],[-4.221368852238576,52.86543501864367],[-4.228267402361395,52.86123743571762],[-4.23465223674787,52.85675399874448],[-4.24049109143315,52.85200739385871],[-4.245754504580836,52.84702163882106],[-4.250415963854734,52.84182196148905],[-4.254452038100878,52.83643467216429],[-4.257842492724999,52.830887030462705],[-4.08405,52.7257194],[-4.0916889,52.8851639],[-3.9941149552743136,52.82617343062721]]]}},{"type":"Feature","properties":{"category":"D","category_source":"airspace_type","airspace_class":"","airspace_type":"D","local_type":"","designator":"EGD039","name":"PORTSMOUTH","source":"NATS UK ICAO AIP Dataset","airac":"2026-08-06"},"geometry":{"type":"Polygon","coordinates":[[[-0.83333,50.5],[-0.53694,50.5],[-0.53694,50.5],[-0.53333,50.49667],[-0.53333,50.0],[-0.53333,50.0],[-0.83333,50.0],[-0.83333,50.0],[-0.83333,50.5]]]}},{"type":"Feature","properties":{"category":"R","category_source":"airspace_type","airspace_class":"","airspace_type":"R","local_type":"FRZ","designator":"EGR2U065","name":"NSA RAF ALCONBURY","source":"NATS UK ICAO AIP Dataset","airac":"2026-08-06"},"geometry":{"type":"Polygon","coordinates":[[[-0.2327667,52.3678056],[-0.226225,52.37155],[-0.2150028,52.3705139],[-0.2107667,52.3683472],[-0.2122556,52.3597056],[-0.2147333,52.3584444],[-0.2327667,52.3678056]]]}},{"type":"Feature","properties":{"category":"R","category_source":"airspace_type","airspace_class":"","airspace_type":"R","local_type":"FRZ","designator":"EGR4U017","name":"HMP LANCASTER FARMS","source":"NATS UK ICAO AIP Dataset","airac":"2026-08-06"},"geometry":{"type":"Polygon","coordinates":[[[-2.7730278,54.0601889],[-2.7657556,54.0595778],[-2.7621972,54.0569194],[-2.7634278,54.0510417],[-2.7687167,54.0486583],[-2.7747222,54.0490194],[-2.7792722,54.0525167],[-2.7780667,54.058],[-2.7730278,54.0601889]]]}},{"type":"Feature","properties":{"category":"R","category_source":"airspace_type","airspace_class":"","airspace_type":"R","local_type":"RPZ","designator":"EGR2U022E","name":"OLD WARDEN RWY 21X","source":"NATS UK ICAO AIP Dataset","airac":"2026-08-06"},"geometry":{"type":"Polygon","coordinates":[[[-0.2923444,52.1314611],[-0.2791361,52.127625],[-0.289150833,52.114576722],[-0.31861,52.08667],[-0.302353722,52.118414139],[-0.2923444,52.1314611]]]}},{"type":"Feature","properties":{"category":"R","category_source":"airspace_type","airspace_class":"","airspace_type":"R","local_type":"FRZ","designator":"EGR3U045","name":"HMP RANBY","source":"NATS UK ICAO AIP Dataset","airac":"2026-08-06"},"geometry":{"type":"Polygon","coordinates":[[[-0.9960667,53.3286667],[-0.9887528,53.3227778],[-0.9902694,53.3160194],[-1.0096972,53.3174139],[-1.009525,53.3238278],[-0.9960667,53.3286667]]]}},{"type":"Feature","properties":{"category":"D","category_source":"airspace_type","airspace_class":"","airspace_type":"D","local_type":"","designator":"EGD902B","name":"SAXAVORD","source":"NATS UK ICAO AIP Dataset","airac":"2026-08-06"},"geometry":{"type":"Polygon","coordinates":[[[-1.1,61.0],[-0.4166667,61.0],[-0.4166667,61.0],[-0.4166667,60.7666667],[-0.4166667,60.7666667],[-1.1,60.7666667],[-1.1,60.7666667],[-1.1,61.0]]]}},{"type":"Feature","properties":{"category":"R","category_source":"airspace_type","airspace_class":"","airspace_type":"R","local_type":"RPZ","designator":"EGR1U039B","name":"ROCHESTER RWY 02L","source":"NATS UK ICAO AIP Dataset","airac":"2026-08-06"},"geometry":{"type":"Polygon","coordinates":[[[0.4834861,51.3058194],[0.4701278,51.3090889],[0.478361694,51.322327667],[0.5028889,51.3518639],[0.491870944,51.319294139],[0.4834861,51.3058194]]]}},{"type":"Feature","properties":{"category":"R","category_source":"airspace_type","airspace_class":"","airspace_type":"R","local_type":"FRZ","designator":"EGR1U088","name":"NSA HMNB DEVONPORT (AREA 2)","source":"NATS UK ICAO AIP Dataset","airac":"2026-08-06"},"geometry":{"type":"Polygon","coordinates":[[[-4.1844972,50.3752194],[-4.1784583,50.3782806],[-4.1763833,50.3785278],[-4.1760917,50.3770583],[-4.1799472,50.366325],[-4.1813556,50.3647528],[-4.1856083,50.3671778],[-4.1844972,50.3752194]]]}},{"type":"Feature","properties":{"category":"R","category_source":"airspace_type","airspace_class":"","airspace_type":"R","local_type":"RPZ","designator":"EGR2U011E","name":"DERBY RWY 28","source":"NATS UK ICAO AIP Dataset","airac":"2026-08-06"},"geometry":{"type":"Polygon","coordinates":[[[-1.540389778,52.858661944],[-1.542398889,52.849758556],[-1.564186611,52.851572056],[-1.6175,52.85972],[-1.562522167,52.860504083],[-1.540389778,52.858661944]]]}},{"type":"Feature","properties":{"category":"R","category_source":"airspace_type","airspace_class":"","airspace_type":"R","local_type":"RPZ","designator":"EGR1U024E","name":"WHITE WALTHAM RWY 25","source":"NATS UK ICAO AIP Dataset","airac":"2026-08-06"},"geometry":{"type":"Polygon","coordinates":[[[-0.7060083,51.5259861],[-0.6998306,51.5178667],[-0.723985917,51.510730111],[-0.7748333,51.5006583],[-0.730153556,51.51885275],[-0.7060083,51.5259861]]]}},{"type":"Feature","properties":{"category":"D","category_source":"airspace_type","airspace_class":"","airspace_type":"D","local_type":"","designator":"EGD513A","name":"DRURIDGE BAY","source":"NATS UK ICAO AIP Dataset","airac":"2026-08-06"},"geometry":{"type":"Polygon","coordinates":[[[-1.0,55.03333],[-1.11111,55.33333],[-1.11111,55.33333],[-0.38333,55.33333],[-0.38333,55.33333],[-0.66667,55.03333],[-0.66667,55.03333],[-1.0,55.03333]]]}},{"type":"Feature","properties":{"category":"R","category_source":"airspace_type","airspace_class":"","airspace_type":"R","local_type":"RPZ","designator":"EGR3U020E","name":"CRANWELL RWY 26","source":"NATS UK ICAO AIP Dataset","airac":"2026-08-06"},"geometry":{"type":"Polygon","coordinates":[[[-0.4057472,53.0409472],[-0.40385,53.0320333],[-0.423753528,53.030509806],[-0.4927528,53.0297333],[-0.425633139,53.039424944],[-0.4057472,53.0409472]]]}},{"type":"Feature","properties":{"category":"R","category_source":"airspace_type","airspace_class":"","airspace_type":"R","local_type":"RPZ","designator":"EGR3U016V","name":"SYERSTON RWY 15R","source":"NATS UK ICAO AIP Dataset","airac":"2026-08-06"},"geometry":{"type":"Polygon","coordinates":[[[-0.9546639,53.0653361],[-0.9416556,53.0697389],[-0.928013639,53.055124833],[-0.91167,53.02333],[-0.94156925,53.051313889],[-0.9546639,53.0653361]]]}},{"type":"Feature","properties":{"category":"R","category_source":"airspace_type","airspace_class":"","airspace_type":"R","local_type":"FRZ","designator":"EGR2U059","name":"HMP WAYLAND","source":"NATS UK ICAO AIP Dataset","airac":"2026-08-06"},"geometry":{"type":"Polygon","coordinates":[[[0.8507278,52.5603667],[0.86615,52.5603556],[0.8659806,52.5489667],[0.85245,52.5489833],[0.8488444,52.5535222],[0.8507278,52.5603667]]]}},{"type":"Feature","properties":{"category":"R","category_source":"airspace_type","airspace_class":"","airspace_type":"R","local_type":"FRZ","designator":"EGR2U061","name":"HMP WHITEMOOR","source":"NATS UK ICAO AIP Dataset","airac":"2026-08-06"},"geometry":{"type":"Polygon","coordinates":[[[0.0698444,52.5791083],[0.0857444,52.5822833],[0.0908222,52.5725167],[0.0748722,52.5693833],[0.0698444,52.5791083]]]}},{"type":"Feature","properties":{"category":"D","category_source":"airspace_type","airspace_class":"","airspace_type":"D","local_type":"","designator":"EGD008C","name":"PLYMOUTH","source":"NATS UK ICAO AIP Dataset","airac":"2026-08-06"},"geometry":{"type":"Polygon","coordinates":[[[-4.10917,50.31778],[-3.83556,50.10639],[-4.07944,49.74389],[-4.575,49.79444],[-4.94139,49.94833],[-4.90833,50.0],[-4.70778,50.12389],[-4.49194,50.19444],[-4.10917,50.31778]]]}},{"type":"Feature","properties":{"category":"R","category_source":"airspace_type","airspace_class":"","airspace_type":"R","local_type":"RPZ","designator":"EGR3U003B","name":"WOODVALE RWY 03","source":"NATS UK ICAO AIP Dataset","airac":"2026-08-06"},"geometry":{"type":"Polygon","coordinates":[[[-3.095356667,53.534334889],[-3.108372694,53.538874361],[-3.092021694,53.55553125],[-3.0575278,53.5817222],[-3.078998306,53.550994139],[-3.095356667,53.534334889]]]}},{"type":"Feature","properties":{"category":"D","category_source":"airspace_type","airspace_class":"","airspace_type":"D","local_type":"","designator":"EGD219C","name":"RPAS CORRIDOR","source":"NATS UK ICAO AIP Dataset","airac":"2026-08-06"},"geometry":{"type":"Polygon","coordinates":[[[-2.695131611,52.067324833],[-2.644907417,52.021429333],[-2.567252,51.950235278],[-2.358822139,51.894865083],[-1.949456222,51.863887194],[-3.084657778,50.682309389],[-3.303453472,50.764268833],[-3.895553472,50.448177278],[-5.702700667,49.870502278],[-5.711798833,49.716354056],[-8.0,49.750232528],[-8.0,50.249756472],[-5.783940111,50.217973528],[-4.18348275,50.729351861],[-3.730188,50.972445028],[-2.695131611,52.067324833]]]}},{"type":"Feature","properties":{"category":"R","category_source":"airspace_type","airspace_class":"","airspace_type":"R","local_type":"RPZ","designator":"EGR8U001C","name":"STORNOWAY RWY 24","source":"NATS UK ICAO AIP Dataset","airac":"2026-08-06"},"geometry":{"type":"Polygon","coordinates":[[[-6.2528306,58.2427806],[-6.2442833,58.2350139],[-6.257801639,58.230888167],[-6.3310667,58.2155972],[-6.265738139,58.238840639],[-6.2528306,58.2427806]]]}},{"type":"Feature","properties":{"category":"R","category_source":"airspace_type","airspace_class":"","airspace_type":"R","local_type":"FRZ","designator":"EGR1U104","name":"NSA ALDERMASTON","source":"NATS UK ICAO AIP Dataset","airac":"2026-08-06"},"geometry":{"type":"Polygon","coordinates":[[[-1.1480306,51.3751639],[-1.1336972,51.3779917],[-1.1218056,51.3698028],[-1.1283361,51.36555],[-1.1507306,51.3596722],[-1.1615083,51.3607944],[-1.1480306,51.3751639]]]}},{"type":"Feature","properties":{"category":"D","category_source":"airspace_type","airspace_class":"","airspace_type":"D","local_type":"","designator":"EGD208","name":"STANFORD","source":"NATS UK ICAO AIP Dataset","airac":"2026-08-06"},"geometry":{"type":"Polygon","coordinates":[[[0.68056,52.55417],[0.75,52.55556],[0.8,52.54861],[0.83333,52.5125],[0.84722,52.44722],[0.80833,52.43889],[0.75,52.46667],[0.65,52.48333],[0.66667,52.51667],[0.68056,52.55417]]]}},{"type":"Feature","properties":{"category":"R","category_source":"airspace_type","airspace_class":"","airspace_type":"R","local_type":"FRZ","designator":"EGR2U042","name":"HMP FOSSE WAY","source":"NATS UK ICAO AIP Dataset","airac":"2026-08-06"},"geometry":{"type":"Polygon","coordinates":[[[-1.1498139,52.5918889],[-1.136575,52.5911528],[-1.1375694,52.5785861],[-1.1481778,52.5774944],[-1.1565667,52.5795417],[-1.1498139,52.5918889]]]}},{"type":"Feature","properties":{"category":"R","category_source":"airspace_type","airspace_class":"","airspace_type":"R","local_type":"RPZ","designator":"EGR1U120E","name":"MERRYFIELD RWY 27","source":"NATS UK ICAO AIP Dataset","airac":"2026-08-06"},"geometry":{"type":"Polygon","coordinates":[[[-2.856012861,50.972354194],[-2.854731111,50.96340175],[-2.872921056,50.962375028],[-2.9388139,50.9631361],[-2.874193083,50.971328],[-2.856012861,50.972354194]]]}},{"type":"Feature","properties":{"category":"R","category_source":"airspace_type","airspace_class":"","airspace_type":"R","local_type":"RPZ","designator":"EGR5U002D","name":"ISLAY RWY 12","source":"NATS UK ICAO AIP Dataset","airac":"2026-08-06"},"geometry":{"type":"Polygon","coordinates":[[[-6.3406861,55.7055111],[-6.3325194,55.7132194],[-6.305647222,55.704164611],[-6.25972,55.68333],[-6.313835861,55.696464194],[-6.3406861,55.7055111]]]}},{"type":"Feature","properties":{"category":"R","category_source":"airspace_type","airspace_class":"","airspace_type":"R","local_type":"FRZ","designator":"EGR3U039","name":"HMP LIVERPOOL","source":"NATS UK ICAO AIP Dataset","airac":"2026-08-06"},"geometry":{"type":"Polygon","coordinates":[[[-2.9800194,53.4611778],[-2.9647528,53.4638861],[-2.9614139,53.4616583],[-2.9585833,53.4552139],[-2.9762333,53.4516722],[-2.9800194,53.4611778]]]}},{"type":"Feature","properties":{"category":"R","category_source":"airspace_type","airspace_class":"","airspace_type":"R","local_type":"FRZ","designator":"EGR1U068","name":"HMP PENTONVILLE","source":"NATS UK ICAO AIP Dataset","airac":"2026-08-06"},"geometry":{"type":"Polygon","coordinates":[[[-0.1238444,51.5488361],[-0.1164833,51.5494139],[-0.1114833,51.5491972],[-0.1066056,51.54205],[-0.1224222,51.5393944],[-0.1238444,51.5488361]]]}},{"type":"Feature","properties":{"category":"R","category_source":"airspace_type","airspace_class":"","airspace_type":"R","local_type":"RPZ","designator":"EGR3U008C","name":"MANCHESTER RWY 23R","source":"NATS UK ICAO AIP Dataset","airac":"2026-08-06"},"geometry":{"type":"Polygon","coordinates":[[[-2.2055306,53.3930222],[-2.1960833,53.3860333],[-2.216360583,53.376259917],[-2.274950972,53.353748944],[-2.225758056,53.383271278],[-2.2055306,53.3930222]]]}},{"type":"Feature","properties":{"category":"R","category_source":"airspace_type","airspace_class":"","airspace_type":"R","local_type":"FRZ","designator":"EGR2U054","name":"HMP STAFFORD","source":"NATS UK ICAO AIP Dataset","airac":"2026-08-06"},"geometry":{"type":"Polygon","coordinates":[[[-2.1262083,52.8149556],[-2.1118639,52.8170972],[-2.1095889,52.811475],[-2.1107028,52.8076833],[-2.1221472,52.8056],[-2.1262083,52.8149556]]]}},{"type":"Feature","properties":{"category":"R","category_source":"airspace_type","airspace_class":"","airspace_type":"R","local_type":"FRZ","designator":"EGR1U112","name":"NSA ST ATHAN","source":"NATS UK ICAO AIP Dataset","airac":"2026-08-06"},"geometry":{"type":"Polygon","coordinates":[[[-3.4512,51.4118639],[-3.4479444,51.4129139],[-3.417925,51.4120778],[-3.4166472,51.4057278],[-3.4293222,51.4028528],[-3.4477583,51.4009361],[-3.4543333,51.4053028],[-3.4512,51.4118639]]]}},{"type":"Feature","properties":{"category":"TMZ","category_source":"local_type","airspace_class":"","airspace_type":"OTHER:TMZ","local_type":"TMZ","designator":"EGTMZ017","name":"SCOTTISH TMA 4 TMZ","source":"NATS UK ICAO AIP Dataset","airac":"2026-08-06"},"geometry":{"type":"Polygon","coordinates":[[[-2.81361,56.00222],[-2.86556,55.51667],[-3.0,55.45],[-2.81361,56.00222]]]}},{"type":"Feature","properties":{"category":"R","category_source":"airspace_type","airspace_class":"","airspace_type":"R","local_type":"FRZ","designator":"EGR1U092","name":"NSA MOD OAKHANGER","source":"NATS UK ICAO AIP Dataset","airac":"2026-08-06"},"geometry":{"type":"Polygon","coordinates":[[[-0.9167167,51.116725],[-0.9126667,51.1179889],[-0.9066361,51.1186222],[-0.902225,51.1180528],[-0.9033861,51.1134194],[-0.9063944,51.1117083],[-0.9084972,51.1115528],[-0.9154,51.1138611],[-0.9167167,51.116725]]]}},{"type":"Feature","properties":{"category":"ATZ","category_source":"local_type","airspace_class":"","airspace_type":"RAS","local_type":"ATZ","designator":"EGHF001","name":"LEE-ON-SOLENT ATZ","source":"NATS UK ICAO AIP Dataset","airac":"2026-08-06"},"geometry":{"type":"Polygon","coordinates":[[[-1.2065417,50.8157361],[-1.15583,50.80667],[-1.18806,50.84694],[-1.2065417,50.8157361],[-1.15806,50.80278],[-1.15806,50.80278],[-1.2065417,50.8157361]]]}},{"type":"Feature","properties":{"category":"D","category_source":"airspace_type","airspace_class":"","airspace_type":"D","local_type":"","designator":"EGD138C","name":"SHOEBURYNESS","source":"NATS UK ICAO AIP Dataset","airac":"2026-08-06"},"geometry":{"type":"Polygon","coordinates":[[[0.91528,51.61667],[0.96111,51.63194],[0.98056,51.61056],[0.93889,51.59556],[0.91528,51.61667]]]}},{"type":"Feature","properties":{"category":"R","category_source":"airspace_type","airspace_class":"","airspace_type":"R","local_type":"FRZ","designator":"EGR1U023A","name":"FARNBOROUGH","source":"NATS UK ICAO AIP Dataset","airac":"2026-08-06"},"geometry":{"type":"Polygon","coordinates":[[[-0.8316222,51.2993667],[-0.8219556,51.3003611],[-0.8080278,51.3015972],[-0.7897028,51.3033833],[-0.7846028,51.3046389],[-0.7641028,51.3140444],[-0.7601444,51.3154472],[-0.7775,51.27528],[-0.8316222,51.2993667]]]}},{"type":"Feature","properties":{"category":"R","category_source":"airspace_type","airspace_class":"","airspace_type":"R","local_type":"FRZ","designator":"EGR1U094","name":"NSA POOLE (AREA 1)","source":"NATS UK ICAO AIP Dataset","airac":"2026-08-06"},"geometry":{"type":"Polygon","coordinates":[[[-2.0225194,50.7130639],[-2.0217139,50.7139833],[-2.0195361,50.7132278],[-2.0208056,50.7117139],[-2.0213194,50.7115583],[-2.0228361,50.7120417],[-2.0225194,50.7130639]]]}},{"type":"Feature","properties":{"category":"R","category_source":"airspace_type","airspace_class":"","airspace_type":"R","local_type":"RPZ","designator":"EGR4U012","name":"ISLE OF MAN PRISON","source":"NATS UK ICAO AIP Dataset","airac":"2026-08-06"},"geometry":{"type":"Polygon","coordinates":[[[-4.5316583,54.3567583],[-4.5308222,54.3577472],[-4.5304889,54.3580611],[-4.5287472,54.3592833],[-4.5280278,54.3588778],[-4.5241056,54.3547611],[-4.5287194,54.3537556],[-4.5313528,54.353625],[-4.5336167,54.3545556],[-4.5337278,54.3548139],[-4.5316583,54.3567583]]]}},{"type":"Feature","properties":{"category":"R","category_source":"airspace_type","airspace_class":"","airspace_type":"R","local_type":"FRZ","designator":"EGR2U077","name":"NSA RAF MILDENHALL","source":"NATS UK ICAO AIP Dataset","airac":"2026-08-06"},"geometry":{"type":"Polygon","coordinates":[[[0.4627,52.3704639],[0.4709806,52.3741028],[0.5143583,52.3630194],[0.5150833,52.3573667],[0.4870778,52.3513194],[0.4637806,52.3577944],[0.4581389,52.3645028],[0.4627,52.3704639]]]}},{"type":"Feature","properties":{"category":"R","category_source":"airspace_type","airspace_class":"","airspace_type":"R","local_type":"FRZ","designator":"EGR2U058","name":"HMP WARREN HILL","source":"NATS UK ICAO AIP Dataset","airac":"2026-08-06"},"geometry":{"type":"Polygon","coordinates":[[[1.4600444,52.0655389],[1.4700806,52.0596167],[1.4692556,52.0552389],[1.4574889,52.0519278],[1.449675,52.0590806],[1.4600444,52.0655389]]]}},{"type":"Feature","properties":{"category":"R","category_source":"airspace_type","airspace_class":"","airspace_type":"R","local_type":"FRZ","designator":"EGR1U100","name":"WHITFIELD","source":"NATS UK ICAO AIP Dataset","airac":"2026-08-06"},"geometry":{"type":"Polygon","coordinates":[[[1.2780556,51.1488889],[1.2819444,51.1519444],[1.2852778,51.1533333],[1.29,51.1527778],[1.2927778,51.1511111],[1.2933333,51.1486111],[1.2922222,51.1477778],[1.2930556,51.1458333],[1.2916667,51.1438889],[1.2852778,51.1419444],[1.2852778,51.1419444],[1.2827778,51.1419444],[1.2827778,51.1419444],[1.2780556,51.145],[1.2772222,51.1469444],[1.2780556,51.1488889]]]}},{"type":"Feature","properties":{"category":"R","category_source":"airspace_type","airspace_class":"","airspace_type":"R","local_type":"RPZ","designator":"EGR1U127G","name":"CHICHESTER/GOODWOOD RWY 32","source":"NATS UK ICAO AIP Dataset","airac":"2026-08-06"},"geometry":{"type":"Polygon","coordinates":[[[-0.7032167,50.8249722],[-0.7139639,50.8191],[-0.730674028,50.831384167],[-0.7592222,50.8593472],[-0.719898194,50.837237278],[-0.7032167,50.8249722]]]}},{"type":"Feature","properties":{"category":"R","category_source":"airspace_type","airspace_class":"","airspace_type":"R","local_type":"FRZ","designator":"EGR3U027","name":"HMP BERWYN","source":"NATS UK ICAO AIP Dataset","airac":"2026-08-06"},"geometry":{"type":"Polygon","coordinates":[[[-2.927375,53.0424444],[-2.9147806,53.0362028],[-2.9270167,53.0268944],[-2.9403833,53.0330111],[-2.927375,53.0424444]]]}},{"type":"Feature","properties":{"category":"R","category_source":"airspace_type","airspace_class":"","airspace_type":"R","local_type":"RPZ","designator":"EGR7U001D","name":"BARRA RWY 11","source":"NATS UK ICAO AIP Dataset","airac":"2026-08-06"},"geometry":{"type":"Polygon","coordinates":[[[-7.5307806,57.0285111],[-7.5277278,57.0373361],[-7.50012825,57.034513861],[-7.44306,57.02278],[-7.503799833,57.02575225],[-7.5307806,57.0285111]]]}},{"type":"Feature","properties":{"category":"R","category_source":"airspace_type","airspace_class":"","airspace_type":"R","local_type":"RPZ","designator":"EGR1U040B","name":"LASHENDEN/HEADCORN RWY 10","source":"NATS UK ICAO AIP Dataset","airac":"2026-08-06"},"geometry":{"type":"Polygon","coordinates":[[[0.5663139,51.1645833],[0.5699778,51.1732722],[0.595465917,51.169040833],[0.644444,51.156389],[0.591872944,51.160340333],[0.5663139,51.1645833]]]}},{"type":"Feature","properties":{"category":"D","category_source":"airspace_type","airspace_class":"","airspace_type":"D","local_type":"","designator":"EGD406A","name":"ESKMEALS","source":"NATS UK ICAO AIP Dataset","airac":"2026-08-06"},"geometry":{"type":"Polygon","coordinates":[[[-3.45139,54.31667],[-3.45639,54.28361],[-3.65556,54.10944],[-3.41806,54.31667],[-3.82139,54.39917],[-3.645,54.47944],[-3.46306,54.34917],[-3.45139,54.31667]]]}},{"type":"Feature","properties":{"category":"R","category_source":"airspace_type","airspace_class":"","airspace_type":"R","local_type":"RPZ","designator":"EGR1U016E","name":"MIDDLE WALLOP RWY 35","source":"NATS UK ICAO AIP Dataset","airac":"2026-08-06"},"geometry":{"type":"Polygon","coordinates":[[[-1.556427,51.0915795],[-1.570606167,51.090548111],[-1.573751722,51.107696083],[-1.5726722,51.1409833],[-1.559567111,51.108726694],[-1.556427,51.0915795]]]}},{"type":"Feature","properties":{"category":"R","category_source":"airspace_type","airspace_class":"","airspace_type":"R","local_type":"RPZ","designator":"EGR6U005G","name":"PERTH/SCONE RWY 33","source":"NATS UK ICAO AIP Dataset","airac":"2026-08-06"},"geometry":{"type":"Polygon","coordinates":[[[-3.3176639,56.401125],[-3.3316139,56.3965639],[-3.347276528,56.411312583],[-3.3739056,56.441125],[-3.333833833,56.416355972],[-3.3176639,56.401125]]]}},{"type":"Feature","properties":{"category":"R","category_source":"airspace_type","airspace_class":"","airspace_type":"R","local_type":"RPZ","designator":"EGR3U013C","name":"LEEDS EAST RWY 24","source":"NATS UK ICAO AIP Dataset","airac":"2026-08-06"},"geometry":{"type":"Polygon","coordinates":[[[-1.1263417,53.8689194],[-1.11755,53.8615889],[-1.134018472,53.854702083],[-1.19547972,53.83446806],[-1.142798417,53.862037083],[-1.1263417,53.8689194]]]}},{"type":"Feature","properties":{"category":"R","category_source":"airspace_type","airspace_class":"","airspace_type":"R","local_type":"RPZ","designator":"EGR4U010G","name":"TOPCLIFFE RWY 25","source":"NATS UK ICAO AIP Dataset","airac":"2026-08-06"},"geometry":{"type":"Polygon","coordinates":[[[-1.303466583,54.219728889],[-1.299464,54.211056583],[-1.324913361,54.207037361],[-1.3816278,54.2056278],[-1.327635556,54.215912],[-1.303466583,54.219728889]]]}},{"type":"Feature","properties":{"category":"D","category_source":"airspace_type","airspace_class":"","airspace_type":"D","local_type":"","designator":"EGD122A","name":"WESSEX WEST","source":"NATS UK ICAO AIP Dataset","airac":"2026-08-06"},"geometry":{"type":"Polygon","coordinates":[[[-2.19694,51.22472],[-2.12028,51.185],[-1.95056,51.16833],[-1.95056,51.02361],[-2.12056,50.99389],[-2.19694,51.02222],[-2.19694,51.22472]]]}},{"type":"Feature","properties":{"category":"R","category_source":"airspace_type","airspace_class":"","airspace_type":"R","local_type":"RPZ","designator":"EGR3U016S","name":"SYERSTON RWY 33","source":"NATS UK ICAO AIP Dataset","airac":"2026-08-06"},"geometry":{"type":"Polygon","coordinates":[[[-0.8598139,52.9829722],[-0.8727944,52.9785722],[-0.886788278,52.993624472],[-0.91167,53.02333],[-0.874473444,52.998745111],[-0.8598139,52.9829722]]]}},{"type":"Feature","properties":{"category":"TMZ","category_source":"local_type","airspace_class":"","airspace_type":"OTHER:TMZ","local_type":"TMZ","designator":"EGTMZ027","name":"MORAY CTA 5 TMZ","source":"NATS UK ICAO AIP Dataset","airac":"2026-08-06"},"geometry":{"type":"Polygon","coordinates":[[[-1.5290917,59.5586944],[-1.2038889,59.5386111],[-1.2161361,59.489125],[-1.540725,59.5091528],[-1.5290917,59.5586944]]]}},{"type":"Feature","properties":{"category":"R","category_source":"airspace_type","airspace_class":"","airspace_type":"R","local_type":"RPZ","designator":"EGR2U015E","name":"NOTTINGHAM RWY 27","source":"NATS UK ICAO AIP Dataset","airac":"2026-08-06"},"geometry":{"type":"Polygon","coordinates":[[[-0.9993333,52.9270222],[-0.9987611,52.9180444],[-1.0252185,52.917444028],[-1.08,52.92083],[-1.025709056,52.926424111],[-0.9993333,52.9270222]]]}},{"type":"Feature","properties":{"category":"R","category_source":"airspace_type","airspace_class":"","airspace_type":"R","local_type":"RPZ","designator":"EGR1U027B","name":"DENHAM RWY 06","source":"NATS UK ICAO AIP Dataset","airac":"2026-08-06"},"geometry":{"type":"Polygon","coordinates":[[[-0.5756056,51.5599278],[-0.5829861,51.56765],[-0.562167083,51.575393639],[-0.5129944,51.588425],[-0.554777167,51.56767425],[-0.5756056,51.5599278]]]}},{"type":"Feature","properties":{"category":"D","category_source":"airspace_type","airspace_class":"","airspace_type":"D","local_type":"","designator":"EGD007B","name":"FOWEY","source":"NATS UK ICAO AIP Dataset","airac":"2026-08-06"},"geometry":{"type":"Polygon","coordinates":[[[-4.41611,50.26389],[-4.38583,50.22833],[-4.70778,50.12389],[-4.73528,50.15611],[-4.41611,50.26389]]]}},{"type":"Feature","properties":{"category":"D","category_source":"airspace_type","airspace_class":"","airspace_type":"D","local_type":"","designator":"EGD323M","name":"SOUTHERN COMPLEX","source":"NATS UK ICAO AIP Dataset","airac":"2026-08-06"},"geometry":{"type":"Polygon","coordinates":[[[1.799619444,55.162180556],[2.493899222,54.977794889],[2.002691667,54.849688889],[1.298075,55.028522222],[1.799619444,55.162180556]]]}},{"type":"Feature","properties":{"category":"D","category_source":"airspace_type","airspace_class":"","airspace_type":"D","local_type":"","designator":"EGD701M","name":"HEBRIDES","source":"NATS UK ICAO AIP Dataset","airac":"2026-08-06"},"geometry":{"type":"Polygon","coordinates":[[[-10.0,56.0917611],[-8.7777972,56.0762722],[-8.0585556,55.8519],[-8.0585556,55.8519],[-8.0,55.8519],[-8.0,55.8519],[-8.0,55.6666667],[-8.0,55.6666667],[-9.4188889,55.6666667],[-9.4188889,55.6666667],[-10.0,55.7545083],[-10.0,56.0917611]]]}},{"type":"Feature","properties":{"category":"R","category_source":"airspace_type","airspace_class":"","airspace_type":"R","local_type":"RPZ","designator":"EGR3U003D","name":"WOODVALE RWY 08","source":"NATS UK ICAO AIP Dataset","airac":"2026-08-06"},"geometry":{"type":"Polygon","coordinates":[[[-3.137875889,53.566096417],[-3.140312639,53.574963528],[-3.113027083,53.577635833],[-3.0575278,53.5817222],[-3.109135444,53.568911028],[-3.137875889,53.566096417]]]}},{"type":"Feature","properties":{"category":"R","category_source":"airspace_type","airspace_class":"","airspace_type":"R","local_type":"FRZ","designator":"EGR2U085","name":"NSA RAF WYTON","source":"NATS UK ICAO AIP Dataset","airac":"2026-08-06"},"geometry":{"type":"Polygon","coordinates":[[[-0.1317667,52.3548306],[-0.1266222,52.357825],[-0.1115222,52.356625],[-0.1069611,52.3515806],[-0.1093611,52.3491806],[-0.1167167,52.3455944],[-0.1183583,52.3455333],[-0.1317667,52.3548306]]]}},{"type":"Feature","properties":{"category":"D","category_source":"airspace_type","airspace_class":"","airspace_type":"D","local_type":"","designator":"EGD701C","name":"HEBRIDES","source":"NATS UK ICAO AIP Dataset","airac":"2026-08-06"},"geometry":{"type":"Polygon","coordinates":[[[-9.3442028,57.8003528],[-8.1755778,57.9442056],[-7.75889,57.865],[-7.5726861,57.6358],[-7.39639,57.33444],[-7.80083,57.56306],[-8.1016944,57.7065417],[-8.5088278,57.7539222],[-9.3442028,57.8003528]]]}},{"type":"Feature","properties":{"category":"D","category_source":"airspace_type","airspace_class":"","airspace_type":"D","local_type":"","designator":"EGD201J","name":"ABERPORTH","source":"NATS UK ICAO AIP Dataset","airac":"2026-08-06"},"geometry":{"type":"Polygon","coordinates":[[[-5.5,53.05],[-4.88861,53.05],[-4.88861,53.05],[-4.88861,52.75],[-4.88861,52.75],[-4.67167,52.75],[-4.67167,52.75],[-4.2,52.5544889],[-4.2,52.5],[-4.2,52.5],[-5.3016806,52.5],[-5.3016806,52.5],[-5.5,52.73806],[-5.5,53.05]]]}},{"type":"Feature","properties":{"category":"R","category_source":"airspace_type","airspace_class":"","airspace_type":"R","local_type":"RPZ","designator":"EGR3U004C","name":"BLACKPOOL RWY 28","source":"NATS UK ICAO AIP Dataset","airac":"2026-08-06"},"geometry":{"type":"Polygon","coordinates":[[[-2.93825,53.7716806],[-2.9394778,53.762725],[-2.959691639,53.763712528],[-3.02861,53.77167],[-2.958408889,53.772665417],[-2.93825,53.7716806]]]}},{"type":"Feature","properties":{"category":"R","category_source":"airspace_type","airspace_class":"","airspace_type":"R","local_type":"FRZ","designator":"EGR1U050","name":"HMP AYLESBURY","source":"NATS UK ICAO AIP Dataset","airac":"2026-08-06"},"geometry":{"type":"Polygon","coordinates":[[[-0.8018639,51.8272222],[-0.7949639,51.8265],[-0.7900167,51.8210444],[-0.7922306,51.8176833],[-0.8018833,51.8157417],[-0.8083861,51.8205972],[-0.8080639,51.8240194],[-0.8018639,51.8272222]]]}},{"type":"Feature","properties":{"category":"R","category_source":"airspace_type","airspace_class":"","airspace_type":"R","local_type":"FRZ","designator":"EGR1U134","name":"HMP ISLE OF WIGHT","source":"NATS UK ICAO AIP Dataset","airac":"2026-08-06"},"geometry":{"type":"Polygon","coordinates":[[[-1.3200083,50.7187833],[-1.3026556,50.7215639],[-1.2973028,50.7075833],[-1.3110417,50.7045389],[-1.3200083,50.7187833]]]}},{"type":"Feature","properties":{"category":"R","category_source":"airspace_type","airspace_class":"","airspace_type":"R","local_type":"FRZ","designator":"EGR3U036","name":"HMP LEEDS","source":"NATS UK ICAO AIP Dataset","airac":"2026-08-06"},"geometry":{"type":"Polygon","coordinates":[[[-1.5773278,53.8012806],[-1.5694972,53.7994833],[-1.5686861,53.7924361],[-1.5771444,53.7907694],[-1.5858306,53.7941167],[-1.5836694,53.8002944],[-1.5773278,53.8012806]]]}},{"type":"Feature","properties":{"category":"D","category_source":"airspace_type","airspace_class":"","airspace_type":"D","local_type":"","designator":"EGD023","name":"PORTLAND","source":"NATS UK ICAO AIP Dataset","airac":"2026-08-06"},"geometry":{"type":"Polygon","coordinates":[[[-2.5,50.49194],[-2.25,50.41667],[-2.25,50.03333],[-2.25,50.03333],[-2.5,50.03333],[-2.5,50.03333],[-2.5,50.49194]]]}},{"type":"Feature","properties":{"category":"R","category_source":"airspace_type","airspace_class":"","airspace_type":"R","local_type":"RPZ","designator":"EGR2U034B","name":"HONINGTON","source":"NATS UK ICAO AIP Dataset","airac":"2026-08-06"},"geometry":{"type":"Polygon","coordinates":[[[0.681813028,52.329693972],[0.679590083,52.338577056],[0.725654611,52.342930444],[0.78,52.3433333],[0.727816222,52.334041556],[0.681813028,52.329693972]]]}},{"type":"Feature","properties":{"category":"R","category_source":"airspace_type","airspace_class":"","airspace_type":"R","local_type":"RPZ","designator":"EGR1U037B","name":"LONDON STANSTED RWY 04","source":"NATS UK ICAO AIP Dataset","airac":"2026-08-06"},"geometry":{"type":"Polygon","coordinates":[[[0.1788194,51.8410361],[0.1681889,51.8471528],[0.184125722,51.857799806],[0.235,51.885],[0.194745694,51.851674306],[0.1788194,51.8410361]]]}},{"type":"Feature","properties":{"category":"R","category_source":"airspace_type","airspace_class":"","airspace_type":"R","local_type":"RPZ","designator":"EGR9U008E","name":"SUMBURGH RWY 27","source":"NATS UK ICAO AIP Dataset","airac":"2026-08-06"},"geometry":{"type":"Polygon","coordinates":[[[-1.19437,59.891600917],[-1.192368444,59.882681639],[-1.227697417,59.880701667],[-1.2938222,59.881475],[-1.229687361,59.889621583],[-1.19437,59.891600917]]]}},{"type":"Feature","properties":{"category":"R","category_source":"airspace_type","airspace_class":"","airspace_type":"R","local_type":"FRZ","designator":"EGR1U005A","name":"CARDIFF","source":"NATS UK ICAO AIP Dataset","airac":"2026-08-06"},"geometry":{"type":"Polygon","coordinates":[[[-3.296954516819967,51.366740792807136],[-3.293713520983454,51.368843617019714],[-3.2907161560657174,51.3710830085269],[-3.2879771792962402,51.373447950158635],[-3.285510085200281,51.37592680707391],[-3.2833270388291242,51.378507384000876],[-3.2814388153716862,51.38117698523412],[-3.279854746455027,51.38392247709395],[-3.278582673411327,51.386730352540326],[-3.2776289077572796,51.38958679762371],[-3.276998199098743,51.39247775944572],[-3.2766937106389573,51.395389015295436],[-3.276717002432833,51.398306242621096],[-3.27706802249291,51.401215089492965],[-3.2777451058146503,51.40410124521076],[-3.2787449813500666,51.40695051070823],[-3.2800627869193324,51.40974886840853],[-3.281692092010301,51.412482551186706],[-3.2836249283758985,51.41513811010006],[-3.2858518282993905,51.417702480553125],[-3.288361870357827,51.42016304657172],[-3.2911427324746847,51.422507702870035],[-3.2941807520141877,51.42472491440513],[-3.2974609926321756,51.42680377312611],[-3.3009673175619634,51.4287340516386],[-3.3046824689786574,51.430506253520676],[-3.3085881530520616,51.43211166004251],[-3.3126651302669,51.433542373060064],[-3.316893310559777,51.434791353871724],[-3.3212518527953514,51.4358524578467],[-3.3257192680797645,51.43672046465486],[-3.330273526387663,51.437391103949295],[-3.3348921659603303,51.43786107637518],[-3.3395524049166343,51.438128069801685],[-3.3442312545058472,51.438190770697005],[-3.3489056334219756,51.43804887059054],[-3.353552482593149,51.43770306759051],[-3.3581488798568793,51.437155062949444],[-3.362672153932664,51.43640755269449],[-3.3670999971074407,51.43546421436376],[-3.37141057605679,51.43432968891387],[-3.3755826402354567,51.433009557887736],[-3.37959562728466,51.431510315955],[-3.3834297649206317,51.42983933896007],[-3.387066168788808,51.42800484763508],[-3.39048693579085,51.42601586715622],[-3.3936752324171255,51.42388218274243],[-3.396615377645146,51.4216142915149],[-3.3992929199946107,51.419223350854224],[-3.4016947083618865,51.41672112350925],[-3.4038089562907436,51.414119919727696],[-3.4056252993717457,51.41143253669323],[-3.4071348454995936,51.40867219556698],[-3.408330217755731,51.40585247644313],[-3.4092055897223768,51.40298725153877],[-3.409756713073608,51.4000906169465],[-3.4099809373289642,51.39717682328564],[-3.4098772216950195,51.394260205593284],[-3.4094461389602637,51.39135511279994],[-3.40868987144825,51.388475837136895],[-3.4076121990730472,51.38563654382248],[-3.406218479579479,51.38285120137323],[-3.4045156210881395,51.38013351288275],[-3.4025120471017143,51.377496848606405],[-3.4002176541644373,51.374954180183416],[-3.3976437624005214,51.37251801682012],[-3.3948030591899405,51.37020034374822],[-3.3917095362709313,51.368012563260834],[-3.388378420587914,51.36596543861648],[-3.384826099231116,51.36406904108685],[-3.381070038839951,51.3623327004091],[-3.3771286998661023,51.360764958886094],[-3.373021446114212,51.35937352936079],[-3.40278,51.37806],[-3.39111,51.42556],[-3.296954516819967,51.366740792807136]]]}},{"type":"Feature","properties":{"category":"R","category_source":"airspace_type","airspace_class":"","airspace_type":"R","local_type":"FRZ","designator":"EGR3U046","name":"HMP RISLEY","source":"NATS UK ICAO AIP Dataset","airac":"2026-08-06"},"geometry":{"type":"Polygon","coordinates":[[[-2.5262639,53.4438639],[-2.5190417,53.443075],[-2.5162556,53.4399417],[-2.5137917,53.4338667],[-2.5344306,53.4327611],[-2.5317917,53.4401556],[-2.5262639,53.4438639]]]}},{"type":"Feature","properties":{"category":"R","category_source":"airspace_type","airspace_class":"","airspace_type":"R","local_type":"RPZ","designator":"EGR3U004B","name":"BLACKPOOL RWY 10","source":"NATS UK ICAO AIP Dataset","airac":"2026-08-06"},"geometry":{"type":"Polygon","coordinates":[[[-3.1188944,53.7713694],[-3.1176611,53.780325],[-3.097623583,53.779373028],[-3.02861,53.77167],[-3.098799889,53.770414806],[-3.1188944,53.7713694]]]}},{"type":"Feature","properties":{"category":"R","category_source":"airspace_type","airspace_class":"","airspace_type":"R","local_type":"RPZ","designator":"EGR6U007D","name":"LEUCHARS RWY 08","source":"NATS UK ICAO AIP Dataset","airac":"2026-08-06"},"geometry":{"type":"Polygon","coordinates":[[[-2.956251333,56.362503611],[-2.958567056,56.371391972],[-2.933665694,56.373408056],[-2.8587806,56.3748917],[-2.931336861,56.36452075],[-2.956251333,56.362503611]]]}},{"type":"Feature","properties":{"category":"R","category_source":"airspace_type","airspace_class":"","airspace_type":"R","local_type":"FRZ","designator":"EGR2U050","name":"HMP NORWICH","source":"NATS UK ICAO AIP Dataset","airac":"2026-08-06"},"geometry":{"type":"Polygon","coordinates":[[[1.3143917,52.643425],[1.3208806,52.6439222],[1.3273056,52.6363028],[1.3273167,52.6334861],[1.315325,52.6298722],[1.3124306,52.6312889],[1.306325,52.6392278],[1.3143917,52.643425]]]}},{"type":"Feature","properties":{"category":"D","category_source":"airspace_type","airspace_class":"","airspace_type":"D","local_type":"","designator":"EGD021","name":"PORTLAND","source":"NATS UK ICAO AIP Dataset","airac":"2026-08-06"},"geometry":{"type":"Polygon","coordinates":[[[-2.33333,50.58333],[-2.27056,50.58333],[-2.27056,50.58333],[-2.27333,50.53167],[-2.28333,50.5],[-2.28833,50.48833],[-2.25,50.41667],[-2.5,50.49194],[-2.5,50.5],[-2.5,50.5],[-2.33333,50.5],[-2.33333,50.5],[-2.33333,50.58333]]]}},{"type":"Feature","properties":{"category":"D","category_source":"airspace_type","airspace_class":"","airspace_type":"D","local_type":"","designator":"EGD014","name":"PORTLAND","source":"NATS UK ICAO AIP Dataset","airac":"2026-08-06"},"geometry":{"type":"Polygon","coordinates":[[[-2.57333,50.63833],[-2.54167,50.62667],[-2.49667,50.59167],[-2.52333,50.56667],[-2.52333,50.56667],[-2.5,50.56667],[-2.5,50.56667],[-2.5,50.49194],[-2.75,50.56667],[-2.75,50.56667],[-2.7,50.56667],[-2.7,50.56667],[-2.69167,50.61667],[-2.57333,50.63833]]]}},{"type":"Feature","properties":{"category":"TMZ","category_source":"local_type","airspace_class":"","airspace_type":"OTHER:TMZ","local_type":"TMZ","designator":"EGTMZ028","name":"MORAY CTA 2 TMZ","source":"NATS UK ICAO AIP Dataset","airac":"2026-08-06"},"geometry":{"type":"Polygon","coordinates":[[[-0.6223306,57.7785417],[-0.502025,57.6252333],[-1.211611111,57.466214167],[-1.4708611,57.406225],[-1.59435,57.5590528],[-1.334423333,57.618832778],[-0.6223306,57.7785417]]]}},{"type":"Feature","properties":{"category":"R","category_source":"airspace_type","airspace_class":"","airspace_type":"R","local_type":"RPZ","designator":"EGR1U129B","name":"LYDD RWY 03","source":"NATS UK ICAO AIP Dataset","airac":"2026-08-06"},"geometry":{"type":"Polygon","coordinates":[[[0.9009278,50.9102333],[0.8889639,50.9150917],[0.904950778,50.93084225],[0.93915,50.956175],[0.916921472,50.925986667],[0.9009278,50.9102333]]]}},{"type":"Feature","properties":{"category":"R","category_source":"airspace_type","airspace_class":"","airspace_type":"R","local_type":"FRZ","designator":"EGR1U130","name":"HMP CHANNINGS WOOD","source":"NATS UK ICAO AIP Dataset","airac":"2026-08-06"},"geometry":{"type":"Polygon","coordinates":[[[-3.655,50.5194],[-3.6451,50.5187722],[-3.6433028,50.5149528],[-3.6463639,50.5079861],[-3.6555167,50.5061306],[-3.6626556,50.5095444],[-3.6629972,50.513475],[-3.655,50.5194]]]}},{"type":"Feature","properties":{"category":"D","category_source":"airspace_type","airspace_class":"","airspace_type":"D","local_type":"","designator":"EGD902G","name":"SAXAVORD","source":"NATS UK ICAO AIP Dataset","airac":"2026-08-06"},"geometry":{"type":"Polygon","coordinates":[[[-1.5,61.0],[-1.1,61.0],[-1.1,61.0],[-1.1,60.7666667],[-1.5,61.0]]]}},{"type":"Feature","properties":{"category":"R","category_source":"airspace_type","airspace_class":"","airspace_type":"R","local_type":"RPZ","designator":"EGR1U114J","name":"LAND'S END RWY 34","source":"NATS UK ICAO AIP Dataset","airac":"2026-08-06"},"geometry":{"type":"Polygon","coordinates":[[[-5.636175,50.0593444],[-5.6491417,50.0560111],[-5.658055806,50.070392417],[-5.6705806,50.1027028],[-5.645083361,50.073723667],[-5.636175,50.0593444]]]}},{"type":"Feature","properties":{"category":"R","category_source":"airspace_type","airspace_class":"","airspace_type":"R","local_type":"RPZ","designator":"EGR1U013F","name":"BOSCOMBE RWY 05S","source":"NATS UK ICAO AIP Dataset","airac":"2026-08-06"},"geometry":{"type":"Polygon","coordinates":[[[-1.819028833,51.109836389],[-1.828182694,51.1167355],[-1.804774333,51.129055806],[-1.7510111,51.1533083],[-1.795235944,51.12235775],[-1.819028833,51.109836389]]]}},{"type":"Feature","properties":{"category":"D","category_source":"airspace_type","airspace_class":"","airspace_type":"D","local_type":"","designator":"EGD132","name":"ASH RANGES","source":"NATS UK ICAO AIP Dataset","airac":"2026-08-06"},"geometry":{"type":"Polygon","coordinates":[[[-0.66556,51.29583],[-0.66167,51.27306],[-0.67611,51.26333],[-0.71667,51.25667],[-0.71917,51.26833],[-0.71639,51.27722],[-0.68778,51.29222],[-0.66556,51.29583]]]}},{"type":"Feature","properties":{"category":"R","category_source":"airspace_type","airspace_class":"","airspace_type":"R","local_type":"RPZ","designator":"EGR2U022B","name":"OLD WARDEN RWY 03","source":"NATS UK ICAO AIP Dataset","airac":"2026-08-06"},"geometry":{"type":"Polygon","coordinates":[[[-0.3446667,52.0421167],[-0.3578472,52.0459528],[-0.348053556,52.058756694],[-0.31861,52.08667],[-0.334869056,52.054921389],[-0.3446667,52.0421167]]]}},{"type":"Feature","properties":{"category":"R","category_source":"airspace_type","airspace_class":"","airspace_type":"R","local_type":"RPZ","designator":"EGR3U020J","name":"CRANWELL RWY 24","source":"NATS UK ICAO AIP Dataset","airac":"2026-08-06"},"geometry":{"type":"Polygon","coordinates":[[[-0.420273833,53.068387583],[-0.413820611,53.060286222],[-0.436410972,53.053771222],[-0.4927528,53.0297333],[-0.446745833,53.060752167],[-0.420273833,53.068387583]]]}},{"type":"Feature","properties":{"category":"D","category_source":"airspace_type","airspace_class":"","airspace_type":"D","local_type":"","designator":"EGD138A","name":"SHOEBURYNESS","source":"NATS UK ICAO AIP Dataset","airac":"2026-08-06"},"geometry":{"type":"Polygon","coordinates":[[[1.06667,51.66667],[1.27028,51.66667],[1.27028,51.66667],[1.20083,51.62056],[1.20083,51.62056],[0.92667,51.62056],[0.92667,51.62056],[1.06667,51.66667]]]}},{"type":"Feature","properties":{"category":"D","category_source":"airspace_type","airspace_class":"","airspace_type":"D","local_type":"","designator":"EGD323H","name":"SOUTHERN COMPLEX","source":"NATS UK ICAO AIP Dataset","airac":"2026-08-06"},"geometry":{"type":"Polygon","coordinates":[[[-0.525613889,54.517113889],[-0.174461111,54.24745],[-0.5964778,54.1240139],[-0.921638889,54.400661111],[-0.525613889,54.517113889]]]}},{"type":"Feature","properties":{"category":"TMZ","category_source":"local_type","airspace_class":"","airspace_type":"RAS","local_type":"TMZ","designator":"EGLL003","name":"LONDON CTR TMZ","source":"NATS UK ICAO AIP Dataset","airac":"2026-08-06"},"geometry":{"type":"Polygon","coordinates":[[[-0.6925,51.60306],[-0.21472,51.60306],[-0.45361,51.47],[-0.21528,51.33694],[-0.63333,51.33694],[-0.63333,51.33694],[-0.709921056,51.350796083],[-0.45361,51.47],[-0.6925,51.60306]]]}},{"type":"Feature","properties":{"category":"R","category_source":"airspace_type","airspace_class":"","airspace_type":"R","local_type":"FRZ","designator":"EGR3U038","name":"HMP LINDHOLME/MOORLAND","source":"NATS UK ICAO AIP Dataset","airac":"2026-08-06"},"geometry":{"type":"Polygon","coordinates":[[[-0.9806056,53.5535833],[-0.9588222,53.5530611],[-0.9536722,53.5484222],[-0.9591083,53.5372694],[-0.9814833,53.5387167],[-0.9806056,53.5535833]]]}},{"type":"Feature","properties":{"category":"D","category_source":"airspace_type","airspace_class":"","airspace_type":"D","local_type":"","designator":"EGD701S","name":"HEBRIDES","source":"NATS UK ICAO AIP Dataset","airac":"2026-08-06"},"geometry":{"type":"Polygon","coordinates":[[[-12.0,58.7539083],[-10.0,58.4831389],[-10.0,57.5501444],[-12.0,58.0264222],[-12.0,58.7539083]]]}},{"type":"Feature","properties":{"category":"D","category_source":"airspace_type","airspace_class":"","airspace_type":"D","local_type":"","designator":"EGD038","name":"PORTSMOUTH","source":"NATS UK ICAO AIP Dataset","airac":"2026-08-06"},"geometry":{"type":"Polygon","coordinates":[[[-1.19,50.5],[-0.83333,50.5],[-0.83333,50.5],[-0.83333,50.0],[-0.83333,50.0],[-1.19056,50.0],[-1.19056,50.0],[-1.20222,50.49083],[-1.19,50.5]]]}},{"type":"Feature","properties":{"category":"D","category_source":"airspace_type","airspace_class":"","airspace_type":"D","local_type":"","designator":"EGD138B","name":"SHOEBURYNESS","source":"NATS UK ICAO AIP Dataset","airac":"2026-08-06"},"geometry":{"type":"Polygon","coordinates":[[[1.19,51.7],[1.32,51.7],[1.32,51.7],[1.27028,51.66667],[1.27028,51.66667],[1.06667,51.66667],[1.06667,51.66667],[1.19,51.7]]]}},{"type":"Feature","properties":{"category":"R","category_source":"airspace_type","airspace_class":"","airspace_type":"R","local_type":"RPZ","designator":"EGR3U021D","name":"HUMBERSIDE RWY 08","source":"NATS UK ICAO AIP Dataset","airac":"2026-08-06"},"geometry":{"type":"Polygon","coordinates":[[[-0.4272917,53.5654611],[-0.4292833,53.5743667],[-0.421302306,53.57500525],[-0.3514583,53.5734306],[-0.420229083,53.566026111],[-0.4272917,53.5654611]]]}},{"type":"Feature","properties":{"category":"R","category_source":"airspace_type","airspace_class":"","airspace_type":"R","local_type":"RPZ","designator":"EGR1U030B","name":"LONDON LUTON RWY 07","source":"NATS UK ICAO AIP Dataset","airac":"2026-08-06"},"geometry":{"type":"Polygon","coordinates":[[[-0.4515333,51.8555694],[-0.4554361,51.864225],[-0.434759806,51.867814333],[-0.3684444,51.8746306],[-0.430843944,51.859160944],[-0.4515333,51.8555694]]]}},{"type":"Feature","properties":{"category":"R","category_source":"airspace_type","airspace_class":"","airspace_type":"R","local_type":"RPZ","designator":"EGR1U138B","name":"CULDROSE RWY 06","source":"NATS UK ICAO AIP Dataset","airac":"2026-08-06"},"geometry":{"type":"Polygon","coordinates":[[[-5.3224722,50.0608],[-5.3288083,50.0688139],[-5.315854667,50.073068472],[-5.2540722,50.0853972],[-5.310281583,50.064804028],[-5.3224722,50.0608]]]}},{"type":"Feature","properties":{"category":"R","category_source":"airspace_type","airspace_class":"","airspace_type":"R","local_type":"FRZ","designator":"EGR1U008","name":"PORT OF DOVER","source":"NATS UK ICAO AIP Dataset","airac":"2026-08-06"},"geometry":{"type":"Polygon","coordinates":[[[1.346352114106573,51.16580719072651],[1.342635300592487,51.167036248351806],[1.3387895139496424,51.16809824812808],[1.3348338491359812,51.16898792647938],[1.3307879506094922,51.16970087390424],[1.3266719141901167,51.17023355683042],[1.3225061866021923,51.17058333512832],[1.3183114632123791,51.170748475196234],[1.314108584488269,51.17072815855254],[1.309918431710157,51.17052248589237],[1.3057618224727174,51.17013247658849],[1.3016594065145128,51.169560063639054],[1.297631562411414,51.16880808408707],[1.293698295665066,51.16788026495919],[1.2898791387096085,51.16678120479354],[1.2861930533489607,51.16551635084801],[1.2826583361232133,51.16409197210208],[1.2792925270861257,51.162515128185966],[1.2761123224565534,51.160793634391084],[1.2731334915849228,51.158936022935166],[1.2703707986518453,51.156951500674204],[1.2678379294897362,51.15484990347058],[1.2655474238901092,51.152641647443716],[1.263510613729211,51.15033767734481],[1.261737567213079,51.1479494123115],[1.2602370395101465,51.14548868927131],[1.2590164300053834,51.14296770427448],[1.2580817463749097,51.14039895204682],[1.2574375756442167,51.13779516406225],[1.2570870623568344,51.13516924544196],[1.25703189394369,51.13253421099292],[1.257272293346714,51.1299031207028],[1.2578070189136838,51.12728901501086],[1.2586333715450224,51.1247048501758],[1.2597472090374953,51.12216343406087],[1.2611429675346253,51.11967736265435],[1.2628136899593536,51.11725895764026],[1.2647510612711494,51.11492020532855],[1.266945450357565,51.11267269724748],[1.269385958339257,51.1105275726927],[1.2720604730378853,51.108495463517706],[1.274955729328138,51.10658644143929],[1.2780573750685273,51.104809968119234],[1.281350042280622,51.103174848269624],[1.2848174232231155,51.10168918601412],[1.2884423509856147,51.10036034472161],[1.26417,51.11556],[1.36833,51.15194],[1.346352114106573,51.16580719072651]]]}},{"type":"Feature","properties":{"category":"D","category_source":"airspace_type","airspace_class":"","airspace_type":"D","local_type":"","designator":"EGD110","name":"BRAUNTON BURROWS","source":"NATS UK ICAO AIP Dataset","airac":"2026-08-06"},"geometry":{"type":"Polygon","coordinates":[[[-4.2580306,51.1005694],[-4.2009444,51.1016611],[-4.2000694,51.0832389],[-4.2207556,51.0828472],[-4.2288389,51.0876417],[-4.2573722,51.0870917],[-4.2580306,51.1005694]]]}},{"type":"Feature","properties":{"category":"D","category_source":"airspace_type","airspace_class":"","airspace_type":"D","local_type":"","designator":"EGD701U","name":"HEBRIDES","source":"NATS UK ICAO AIP Dataset","airac":"2026-08-06"},"geometry":{"type":"Polygon","coordinates":[[[-13.0,59.0],[-12.0,59.5],[-12.0,58.7539083],[-13.0,58.8765361],[-13.0,59.0]]]}},{"type":"Feature","properties":{"category":"D","category_source":"airspace_type","airspace_class":"","airspace_type":"D","local_type":"","designator":"EGD122B","name":"WESSEX CENTRAL","source":"NATS UK ICAO AIP Dataset","airac":"2026-08-06"},"geometry":{"type":"Polygon","coordinates":[[[-1.77806,51.18306],[-1.71889,51.17889],[-1.70833,51.06583],[-1.95056,51.02361],[-1.95056,51.16833],[-1.77806,51.18306]]]}},{"type":"Feature","properties":{"category":"R","category_source":"airspace_type","airspace_class":"","airspace_type":"R","local_type":"RPZ","designator":"EGR1U028C","name":"LONDON HEATHROW RWY 27R","source":"NATS UK ICAO AIP Dataset","airac":"2026-08-06"},"geometry":{"type":"Polygon","coordinates":[[[-0.361373583,51.484637472],[-0.361256583,51.471155417],[-0.395534694,51.471063],[-0.46135,51.4775833],[-0.395641056,51.484545083],[-0.361373583,51.484637472]]]}},{"type":"Feature","properties":{"category":"R","category_source":"airspace_type","airspace_class":"","airspace_type":"R","local_type":"FRZ","designator":"EGR4U018","name":"NSA BARROW-IN-FURNESS","source":"NATS UK ICAO AIP Dataset","airac":"2026-08-06"},"geometry":{"type":"Polygon","coordinates":[[[-3.2400944,54.1110556],[-3.2357556,54.1122111],[-3.2275861,54.1093833],[-3.2288306,54.1075528],[-3.2172528,54.104225],[-3.219575,54.1031028],[-3.2241722,54.1033722],[-3.2309528,54.1051389],[-3.2333528,54.1018472],[-3.223075,54.0991889],[-3.2284778,54.0974833],[-3.2346583,54.0997056],[-3.2398083,54.103275],[-3.2410972,54.10785],[-3.2400944,54.1110556]]]}},{"type":"Feature","properties":{"category":"R","category_source":"airspace_type","airspace_class":"","airspace_type":"R","local_type":"FRZ","designator":"EGR1U111","name":"NSA SENNYBRIDGE","source":"NATS UK ICAO AIP Dataset","airac":"2026-08-06"},"geometry":{"type":"Polygon","coordinates":[[[-3.5710639,51.9530222],[-3.5697944,51.9533333],[-3.5655778,51.9522361],[-3.5668333,51.94985],[-3.5724111,51.9454444],[-3.5746111,51.9448667],[-3.5761694,51.9455556],[-3.5775,51.9477444],[-3.5768722,51.9488889],[-3.5710639,51.9530222]]]}},{"type":"Feature","properties":{"category":"D","category_source":"airspace_type","airspace_class":"","airspace_type":"D","local_type":"","designator":"EGD031","name":"PORTLAND","source":"NATS UK ICAO AIP Dataset","airac":"2026-08-06"},"geometry":{"type":"Polygon","coordinates":[[[-1.94306,50.60722],[-1.94306,50.5],[-1.94306,50.5],[-2.01611,50.5],[-2.01611,50.5],[-2.01194,50.50833],[-2.06556,50.57],[-2.05556,50.57639],[-1.94306,50.60722],[-1.94306,50.60722]]]}},{"type":"Feature","properties":{"category":"D","category_source":"airspace_type","airspace_class":"","airspace_type":"D","local_type":"","designator":"EGD130","name":"LONGMOOR","source":"NATS UK ICAO AIP Dataset","airac":"2026-08-06"},"geometry":{"type":"Polygon","coordinates":[[[-0.87028,51.09972],[-0.82722,51.09472],[-0.82778,51.07944],[-0.88361,51.07389],[-0.87028,51.09972]]]}},{"type":"Feature","properties":{"category":"R","category_source":"airspace_type","airspace_class":"","airspace_type":"R","local_type":"RPZ","designator":"EGR1U006C","name":"BRISTOL RWY 27","source":"NATS UK ICAO AIP Dataset","airac":"2026-08-06"},"geometry":{"type":"Polygon","coordinates":[[[-2.6352889,51.3904028],[-2.6343944,51.3814333],[-2.652668222,51.380733972],[-2.7191,51.3826694],[-2.653546833,51.389704],[-2.6352889,51.3904028]]]}},{"type":"Feature","properties":{"category":"R","category_source":"airspace_type","airspace_class":"","airspace_type":"R","local_type":"RPZ","designator":"EGR6U007B","name":"LEUCHARS RWY 04","source":"NATS UK ICAO AIP Dataset","airac":"2026-08-06"},"geometry":{"type":"Polygon","coordinates":[[[-2.914420694,56.332569083],[-2.927374889,56.33794275],[-2.914816667,56.347297694],[-2.8587806,56.3748917],[-2.902777778,56.341240194],[-2.914420694,56.332569083]]]}},{"type":"Feature","properties":{"category":"R","category_source":"airspace_type","airspace_class":"","airspace_type":"R","local_type":"RPZ","designator":"EGR1U138D","name":"CULDROSE RWY 11","source":"NATS UK ICAO AIP Dataset","airac":"2026-08-06"},"geometry":{"type":"Polygon","coordinates":[[[-5.3329861,50.1018639],[-5.3275583,50.1101472],[-5.310661361,50.105582833],[-5.2540722,50.0853972],[-5.316073806,50.097295389],[-5.3329861,50.1018639]]]}},{"type":"Feature","properties":{"category":"R","category_source":"airspace_type","airspace_class":"","airspace_type":"R","local_type":"RPZ","designator":"EGR3U020B","name":"CRANWELL RWY 01","source":"NATS UK ICAO AIP Dataset","airac":"2026-08-06"},"geometry":{"type":"Polygon","coordinates":[[[-0.4886639,52.9759417],[-0.5034,52.9772222],[-0.500735833,52.988408556],[-0.4927528,53.0297333],[-0.485705333,52.988346694],[-0.4886639,52.9759417]]]}},{"type":"Feature","properties":{"category":"R","category_source":"airspace_type","airspace_class":"","airspace_type":"R","local_type":"RPZ","designator":"EGR2U007C","name":"COSFORD RWY 24","source":"NATS UK ICAO AIP Dataset","airac":"2026-08-06"},"geometry":{"type":"Polygon","coordinates":[[[-2.239645556,52.670740556],[-2.231813444,52.663119389],[-2.255327167,52.654203361],[-2.3052,52.6405],[-2.26317,52.661819889],[-2.239645556,52.670740556]]]}},{"type":"Feature","properties":{"category":"TMZ","category_source":"local_type","airspace_class":"","airspace_type":"OTHER:TMZ","local_type":"TMZ","designator":"EGTMZ025","name":"MORAY CTA 7 TMZ","source":"NATS UK ICAO AIP Dataset","airac":"2026-08-06"},"geometry":{"type":"Polygon","coordinates":[[[-3.0513722,58.9770056],[-2.7366806,58.9421472],[-2.9564417,58.4141278],[-4.152608667,57.87020225],[-4.534442611,57.913664111],[-4.2133333,58.0625],[-3.479858333,58.39885],[-3.244437278,58.503796944],[-3.0513722,58.9770056]]]}},{"type":"Feature","properties":{"category":"R","category_source":"airspace_type","airspace_class":"","airspace_type":"R","local_type":"RPZ","designator":"EGR3U016Y","name":"SYERSTON RWY 29R","source":"NATS UK ICAO AIP Dataset","airac":"2026-08-06"},"geometry":{"type":"Polygon","coordinates":[[[-0.8315306,53.0106722],[-0.8361972,53.0021389],[-0.863111556,53.007510833],[-0.91167,53.02333],[-0.857855056,53.015926694],[-0.8315306,53.0106722]]]}},{"type":"Feature","properties":{"category":"R","category_source":"airspace_type","airspace_class":"","airspace_type":"R","local_type":"RPZ","designator":"EGR5U005B","name":"GLASGOW RWY 05","source":"NATS UK ICAO AIP Dataset","airac":"2026-08-06"},"geometry":{"type":"Polygon","coordinates":[[[-4.5013389,55.8292444],[-4.5123389,55.8357528],[-4.492389944,55.846458111],[-4.4336611,55.8717222],[-4.481374056,55.839956611],[-4.5013389,55.8292444]]]}},{"type":"Feature","properties":{"category":"R","category_source":"airspace_type","airspace_class":"","airspace_type":"R","local_type":"RPZ","designator":"EGR4U010B","name":"TOPCLIFFE RWY 02","source":"NATS UK ICAO AIP Dataset","airac":"2026-08-06"},"geometry":{"type":"Polygon","coordinates":[[[-1.40583975,54.157868278],[-1.420059167,54.161195806],[-1.409563083,54.176662722],[-1.3816278,54.2056278],[-1.395337278,54.173336778],[-1.40583975,54.157868278]]]}},{"type":"Feature","properties":{"category":"R","category_source":"airspace_type","airspace_class":"","airspace_type":"R","local_type":"FRZ","designator":"EGR1U056","name":"HMP CARDIFF","source":"NATS UK ICAO AIP Dataset","airac":"2026-08-06"},"geometry":{"type":"Polygon","coordinates":[[[-3.1672139,51.4860472],[-3.1593389,51.4816306],[-3.1643611,51.4761972],[-3.1696806,51.475225],[-3.1752528,51.4788194],[-3.1757306,51.4838528],[-3.1672139,51.4860472]]]}},{"type":"Feature","properties":{"category":"R","category_source":"airspace_type","airspace_class":"","airspace_type":"R","local_type":"RPZ","designator":"EGR1U114E","name":"LAND'S END RWY 25","source":"NATS UK ICAO AIP Dataset","airac":"2026-08-06"},"geometry":{"type":"Polygon","coordinates":[[[-5.610381444,50.127138472],[-5.604410611,50.119008944],[-5.621738667,50.113758861],[-5.6705806,50.1027028],[-5.628119694,50.121763889],[-5.610381444,50.127138472]]]}},{"type":"Feature","properties":{"category":"R","category_source":"airspace_type","airspace_class":"","airspace_type":"R","local_type":"RPZ","designator":"EGR3U016F","name":"SYERSTON RWY 06","source":"NATS UK ICAO AIP Dataset","airac":"2026-08-06"},"geometry":{"type":"Polygon","coordinates":[[[-0.9864583,52.9947278],[-0.9933361,53.0027],[-0.963597361,53.012059861],[-0.91167,53.02333],[-0.9567,53.004093667],[-0.9864583,52.9947278]]]}},{"type":"Feature","properties":{"category":"R","category_source":"airspace_type","airspace_class":"","airspace_type":"R","local_type":"RPZ","designator":"EGR1U124B","name":"SOUTHAMPTON RWY 02","source":"NATS UK ICAO AIP Dataset","airac":"2026-08-06"},"geometry":{"type":"Polygon","coordinates":[[[-1.3774111,50.8996806],[-1.3908194,50.9026639],[-1.38520975,50.912770417],[-1.35667,50.95028],[-1.371805028,50.909773111],[-1.3774111,50.8996806]]]}},{"type":"Feature","properties":{"category":"R","category_source":"airspace_type","airspace_class":"","airspace_type":"R","local_type":"RPZ","designator":"EGR3U009D","name":"MANCHESTER BARTON RWY 08L","source":"NATS UK ICAO AIP Dataset","airac":"2026-08-06"},"geometry":{"type":"Polygon","coordinates":[[[-2.469125,53.4613111],[-2.4710111,53.470225],[-2.4454885,53.472163444],[-2.3897167,53.4715722],[-2.443715583,53.463240944],[-2.469125,53.4613111]]]}},{"type":"Feature","properties":{"category":"R","category_source":"airspace_type","airspace_class":"","airspace_type":"R","local_type":"RPZ","designator":"EGR1U122C","name":"COMPTON ABBAS RWY 26","source":"NATS UK ICAO AIP Dataset","airac":"2026-08-06"},"geometry":{"type":"Polygon","coordinates":[[[-2.0802806,50.9824361],[-2.0771139,50.9736722],[-2.1010975,50.970234417],[-2.15361,50.96722],[-2.104283194,50.978995444],[-2.0802806,50.9824361]]]}},{"type":"Feature","properties":{"category":"R","category_source":"airspace_type","airspace_class":"","airspace_type":"R","local_type":"RPZ","designator":"EGR3U011G","name":"SHERBURN-IN-ELMET RWY 28","source":"NATS UK ICAO AIP Dataset","airac":"2026-08-06"},"geometry":{"type":"Polygon","coordinates":[[[-1.1391667,53.7778167],[-1.1426583,53.769075],[-1.165256833,53.772257167],[-1.217675,53.7842389],[-1.161750361,53.780996861],[-1.1391667,53.7778167]]]}},{"type":"Feature","properties":{"category":"R","category_source":"airspace_type","airspace_class":"","airspace_type":"R","local_type":"RPZ","designator":"EGR3U019B","name":"WADDINGTON RWY 02","source":"NATS UK ICAO AIP Dataset","airac":"2026-08-06"},"geometry":{"type":"Polygon","coordinates":[[[-0.552312556,53.110952111],[-0.566189278,53.114272583],[-0.556246306,53.129336111],[-0.52389,53.16611],[-0.54236325,53.126017861],[-0.552312556,53.110952111]]]}},{"type":"Feature","properties":{"category":"R","category_source":"airspace_type","airspace_class":"","airspace_type":"R","local_type":"RPZ","designator":"EGR1U036C","name":"STAPLEFORD RWY 21R","source":"NATS UK ICAO AIP Dataset","airac":"2026-08-06"},"geometry":{"type":"Polygon","coordinates":[[[0.1946944,51.6945361],[0.2064694,51.6893194],[0.192295278,51.67698175],[0.1560083,51.6525056],[0.180441694,51.682127389],[0.1946944,51.6945361]]]}},{"type":"Feature","properties":{"category":"RMZ","category_source":"local_type","airspace_class":"","airspace_type":"RAS","local_type":"RMZ","designator":"EGNR003","name":"HAWARDEN RMZ 2","source":"NATS UK ICAO AIP Dataset","airac":"2026-08-06"},"geometry":{"type":"Polygon","coordinates":[[[-2.8497222,53.1610556],[-2.8497167,53.1397222],[-2.9556278,53.0665528],[-3.2075444,53.14575],[-3.0471083,53.2570417],[-3.0277778,53.2408333],[-2.8497222,53.1610556]]]}},{"type":"Feature","properties":{"category":"D","category_source":"airspace_type","airspace_class":"","airspace_type":"D","local_type":"","designator":"EGD701Y","name":"HEBRIDES","source":"NATS UK ICAO AIP Dataset","airac":"2026-08-06"},"geometry":{"type":"Polygon","coordinates":[[[-7.5726861,57.6358],[-7.37583,57.39],[-7.42528,57.38139],[-7.80083,57.56306],[-7.39639,57.33444],[-7.5726861,57.6358]]]}},{"type":"Feature","properties":{"category":"R","category_source":"airspace_type","airspace_class":"","airspace_type":"R","local_type":"RPZ","designator":"EGR3U020F","name":"CRANWELL RWY 08N","source":"NATS UK ICAO AIP Dataset","airac":"2026-08-06"},"geometry":{"type":"Polygon","coordinates":[[[-0.5711778,53.01855],[-0.5729806,53.0274694],[-0.561721583,53.028304444],[-0.4927528,53.0297333],[-0.55959675,53.019408861],[-0.5711778,53.01855]]]}},{"type":"Feature","properties":{"category":"R","category_source":"airspace_type","airspace_class":"","airspace_type":"R","local_type":"RPZ","designator":"EGR1U033H","name":"REDHILL RWY H07","source":"NATS UK ICAO AIP Dataset","airac":"2026-08-06"},"geometry":{"type":"Polygon","coordinates":[[[-0.2073083,51.1962889],[-0.2111,51.2049556],[-0.191036389,51.208431583],[-0.1386694,51.2135861],[-0.186927611,51.199819778],[-0.2073083,51.1962889]]]}},{"type":"Feature","properties":{"category":"D","category_source":"airspace_type","airspace_class":"","airspace_type":"D","local_type":"","designator":"EGD701D","name":"HEBRIDES","source":"NATS UK ICAO AIP Dataset","airac":"2026-08-06"},"geometry":{"type":"Polygon","coordinates":[[[-9.3463778,57.2840639],[-7.6666667,56.9669944],[-7.6666667,56.7172722],[-9.0,56.9342639],[-9.3463778,57.2840639]]]}},{"type":"Feature","properties":{"category":"R","category_source":"airspace_type","airspace_class":"","airspace_type":"R","local_type":"RPZ","designator":"EGR3U022B","name":"WICKENBY RWY 03","source":"NATS UK ICAO AIP Dataset","airac":"2026-08-06"},"geometry":{"type":"Polygon","coordinates":[[[-0.3756833,53.2722333],[-0.3892417,53.2760667],[-0.379057,53.289023417],[-0.3487972,53.3169361],[-0.365492528,53.285192528],[-0.3756833,53.2722333]]]}},{"type":"Feature","properties":{"category":"R","category_source":"airspace_type","airspace_class":"","airspace_type":"R","local_type":"FRZ","designator":"EGR1U069","name":"HMP ROCHESTER","source":"NATS UK ICAO AIP Dataset","airac":"2026-08-06"},"geometry":{"type":"Polygon","coordinates":[[[0.4812667,51.3738056],[0.4962694,51.3742806],[0.5027889,51.3670333],[0.5000972,51.3629972],[0.4963917,51.3601056],[0.4916833,51.3603028],[0.4812667,51.3738056]]]}},{"type":"Feature","properties":{"category":"R","category_source":"airspace_type","airspace_class":"","airspace_type":"R","local_type":"RPZ","designator":"EGR9U012C","name":"LERWICK/TINGWALL RWY 19","source":"NATS UK ICAO AIP Dataset","airac":"2026-08-06"},"geometry":{"type":"Polygon","coordinates":[[[-1.2301611,60.2400917],[-1.2125861,60.2380444],[-1.219697278,60.222985889],[-1.24361,60.19194],[-1.237261778,60.22503875],[-1.2301611,60.2400917]]]}},{"type":"Feature","properties":{"category":"D","category_source":"airspace_type","airspace_class":"","airspace_type":"D","local_type":"","designator":"EGD323N","name":"SOUTHERN COMPLEX","source":"NATS UK ICAO AIP Dataset","airac":"2026-08-06"},"geometry":{"type":"Polygon","coordinates":[[[2.493899222,54.977794889],[2.630975389,54.830891583],[2.352636111,54.75875],[2.002691667,54.849688889],[2.493899222,54.977794889]]]}},{"type":"Feature","properties":{"category":"R","category_source":"airspace_type","airspace_class":"","airspace_type":"R","local_type":"RPZ","designator":"EGR1U023B","name":"FARNBOROUGH RWY 06","source":"NATS UK ICAO AIP Dataset","airac":"2026-08-06"},"geometry":{"type":"Polygon","coordinates":[[[-0.8450972,51.2477583],[-0.8518139,51.2556972],[-0.839159306,51.259924278],[-0.7775,51.27528],[-0.832462917,51.251978306],[-0.8450972,51.2477583]]]}},{"type":"Feature","properties":{"category":"R","category_source":"airspace_type","airspace_class":"","airspace_type":"R","local_type":"RPZ","designator":"EGR7U006B","name":"ABERDEEN/DYCE RWY 05","source":"NATS UK ICAO AIP Dataset","airac":"2026-08-06"},"geometry":{"type":"Polygon","coordinates":[[[-2.2558333,57.1699],[-2.267225,57.1764083],[-2.261616167,57.179310861],[-2.19806,57.2025],[-2.250938944,57.1724325],[-2.2558333,57.1699]]]}},{"type":"Feature","properties":{"category":"R","category_source":"airspace_type","airspace_class":"","airspace_type":"R","local_type":"FRZ","designator":"EGR2U062","name":"HMP WOODHILL","source":"NATS UK ICAO AIP Dataset","airac":"2026-08-06"},"geometry":{"type":"Polygon","coordinates":[[[-0.807125,52.0203222],[-0.7978667,52.0106333],[-0.8106139,52.0057194],[-0.8203583,52.0155556],[-0.807125,52.0203222]]]}},{"type":"Feature","properties":{"category":"R","category_source":"airspace_type","airspace_class":"","airspace_type":"R","local_type":"RPZ","designator":"EGR3U003E","name":"WOODVALE RWY 26","source":"NATS UK ICAO AIP Dataset","airac":"2026-08-06"},"geometry":{"type":"Polygon","coordinates":[[[-2.979677861,53.590601583],[-2.977240194,53.5817345],[-3.001744806,53.579363639],[-3.0575278,53.5817222],[-3.002726,53.58837175],[-2.979677861,53.590601583]]]}},{"type":"Feature","properties":{"category":"R","category_source":"airspace_type","airspace_class":"","airspace_type":"R","local_type":"RPZ","designator":"EGR8U003E","name":"KIRKWALL RWY 32","source":"NATS UK ICAO AIP Dataset","airac":"2026-08-06"},"geometry":{"type":"Polygon","coordinates":[[[-2.8410083,58.9249139],[-2.8543806,58.9191917],[-2.869743139,58.928802528],[-2.9004806,58.9580139],[-2.855725361,58.934123778],[-2.8410083,58.9249139]]]}},{"type":"Feature","properties":{"category":"R","category_source":"airspace_type","airspace_class":"","airspace_type":"R","local_type":"FRZ","designator":"EGR2U053","name":"HMP RYE HILL/OLNEY","source":"NATS UK ICAO AIP Dataset","airac":"2026-08-06"},"geometry":{"type":"Polygon","coordinates":[[[-1.2492583,52.3345611],[-1.2430083,52.3347111],[-1.2369778,52.3322389],[-1.2354278,52.3299556],[-1.2349889,52.3268306],[-1.2393028,52.3234917],[-1.24855,52.3219944],[-1.2598194,52.3222833],[-1.2535833,52.3334],[-1.2492583,52.3345611]]]}},{"type":"Feature","properties":{"category":"R","category_source":"airspace_type","airspace_class":"","airspace_type":"R","local_type":"","designator":"EGR610A","name":"THE HIGHLANDS","source":"NATS UK ICAO AIP Dataset","airac":"2026-08-06"},"geometry":{"type":"Polygon","coordinates":[[[-3.65056,58.5],[-3.6375,58.47444],[-3.4798583,58.39885],[-4.21333,58.0625],[-4.5,58.05],[-4.61667,58.0],[-4.41667,57.78333],[-4.5,57.65],[-4.75,57.63333],[-4.63333,57.5],[-4.86667,57.3],[-4.88333,57.18333],[-5.0,57.15],[-5.03333,57.0],[-5.08333,56.9],[-5.78333,56.93333],[-5.58333,57.21667],[-5.71667,57.83333],[-5.25,58.0],[-4.81667,58.5],[-4.81667,58.5],[-4.5,58.5],[-4.5,58.5],[-4.5,58.41667],[-4.33333,58.5],[-4.33333,58.5],[-3.65056,58.5]]]}},{"type":"Feature","properties":{"category":"D","category_source":"airspace_type","airspace_class":"","airspace_type":"D","local_type":"","designator":"EGD323Q","name":"SOUTHERN COMPLEX","source":"NATS UK ICAO AIP Dataset","airac":"2026-08-06"},"geometry":{"type":"Polygon","coordinates":[[[1.6068611,55.5631528],[1.9394306,55.5305139],[2.2167417,55.2711028],[1.799619444,55.162180556],[0.831130556,55.408197222],[1.6068611,55.5631528]]]}},{"type":"Feature","properties":{"category":"R","category_source":"airspace_type","airspace_class":"","airspace_type":"R","local_type":"RPZ","designator":"EGR1U121B","name":"YEOVIL/WESTLAND RWY 09","source":"NATS UK ICAO AIP Dataset","airac":"2026-08-06"},"geometry":{"type":"Polygon","coordinates":[[[-2.7375611,50.9371278],[-2.7371028,50.9461111],[-2.710812639,50.945591722],[-2.6588472,50.94005],[-2.711260306,50.936607722],[-2.7375611,50.9371278]]]}},{"type":"Feature","properties":{"category":"R","category_source":"airspace_type","airspace_class":"","airspace_type":"R","local_type":"RPZ","designator":"EGR1U003C","name":"SWANSEA RWY 22","source":"NATS UK ICAO AIP Dataset","airac":"2026-08-06"},"geometry":{"type":"Polygon","coordinates":[[[-4.0259556,51.6483028],[-4.0143111,51.6429806],[-4.030599,51.629207611],[-4.06778,51.60528],[-4.042240639,51.634528639],[-4.0259556,51.6483028]]]}},{"type":"Feature","properties":{"category":"R","category_source":"airspace_type","airspace_class":"","airspace_type":"R","local_type":"RPZ","designator":"EGR5U007B","name":"EDINBURGH RWY 06","source":"NATS UK ICAO AIP Dataset","airac":"2026-08-06"},"geometry":{"type":"Polygon","coordinates":[[[-3.4515083,55.9179056],[-3.459775,55.9255944],[-3.439659194,55.932433556],[-3.3725,55.95],[-3.431368778,55.924752056],[-3.4515083,55.9179056]]]}},{"type":"Feature","properties":{"category":"TMZ","category_source":"local_type","airspace_class":"","airspace_type":"OTHER:TMZ","local_type":"TMZ","designator":"EGTMZ024","name":"MORAY CTA 6 TMZ","source":"NATS UK ICAO AIP Dataset","airac":"2026-08-06"},"geometry":{"type":"Polygon","coordinates":[[[-2.9352444,58.4658694],[-2.3089583,57.6036556],[-2.5983222,57.5446194],[-3.166754306,58.320500167],[-2.9564417,58.4141278],[-2.9352444,58.4658694]]]}},{"type":"Feature","properties":{"category":"R","category_source":"airspace_type","airspace_class":"","airspace_type":"R","local_type":"RPZ","designator":"EGR1U011C","name":"FAIRFORD RWY 27","source":"NATS UK ICAO AIP Dataset","airac":"2026-08-06"},"geometry":{"type":"Polygon","coordinates":[[[-1.695997361,51.689990222],[-1.695502528,51.681007639],[-1.723246528,51.680436139],[-1.7900056,51.6835167],[-1.723733028,51.689418889],[-1.695997361,51.689990222]]]}},{"type":"Feature","properties":{"category":"R","category_source":"airspace_type","airspace_class":"","airspace_type":"R","local_type":"RPZ","designator":"EGR3U011J","name":"SHERBURN-IN-ELMET RWY 28G","source":"NATS UK ICAO AIP Dataset","airac":"2026-08-06"},"geometry":{"type":"Polygon","coordinates":[[[-1.1383,53.7785028],[-1.1417667,53.7697556],[-1.164806028,53.772972722],[-1.217675,53.7842389],[-1.161638444,53.781761722],[-1.1383,53.7785028]]]}},{"type":"Feature","properties":{"category":"R","category_source":"airspace_type","airspace_class":"","airspace_type":"R","local_type":"RPZ","designator":"EGR1U013D","name":"BOSCOMBE RWY 05N","source":"NATS UK ICAO AIP Dataset","airac":"2026-08-06"},"geometry":{"type":"Polygon","coordinates":[[[-1.8093775,51.118341],[-1.818535306,51.125238917],[-1.807115389,51.131252472],[-1.7510111,51.1533083],[-1.798273083,51.124187861],[-1.8093775,51.118341]]]}},{"type":"Feature","properties":{"category":"R","category_source":"airspace_type","airspace_class":"","airspace_type":"R","local_type":"RPZ","designator":"EGR4U004B","name":"NEWTOWNARDS RWY 03","source":"NATS UK ICAO AIP Dataset","airac":"2026-08-06"},"geometry":{"type":"Polygon","coordinates":[[[-5.7285722,54.5372],[-5.7417917,54.54185],[-5.727903667,54.555214167],[-5.69194,54.58111],[-5.714673861,54.550569833],[-5.7285722,54.5372]]]}},{"type":"Feature","properties":{"category":"R","category_source":"airspace_type","airspace_class":"","airspace_type":"R","local_type":"RPZ","designator":"EGR1U128F","name":"SHOREHAM RWY 06","source":"NATS UK ICAO AIP Dataset","airac":"2026-08-06"},"geometry":{"type":"Polygon","coordinates":[[[-0.3579972,50.8094306],[-0.3643306,50.817475],[-0.346075083,50.823253778],[-0.29722,50.83556],[-0.339084917,50.815416917],[-0.3579972,50.8094306]]]}},{"type":"Feature","properties":{"category":"R","category_source":"airspace_type","airspace_class":"","airspace_type":"R","local_type":"RPZ","designator":"EGR2U014B","name":"EAST MIDLANDS RWY 09","source":"NATS UK ICAO AIP Dataset","airac":"2026-08-06"},"geometry":{"type":"Polygon","coordinates":[[[-1.4208306,52.824775],[-1.421275,52.8337556],[-1.396282472,52.834229444],[-1.32778,52.83111],[-1.3957835,52.825249528],[-1.4208306,52.824775]]]}},{"type":"Feature","properties":{"category":"R","category_source":"airspace_type","airspace_class":"","airspace_type":"R","local_type":"RPZ","designator":"EGR5U004C","name":"PRESTWICK RWY 20","source":"NATS UK ICAO AIP Dataset","airac":"2026-08-06"},"geometry":{"type":"Polygon","coordinates":[[[-4.551125,55.5462972],[-4.5366222,55.5426833],[-4.540617861,55.537540222],[-4.5945806,55.5093917],[-4.553142972,55.543698639],[-4.551125,55.5462972]]]}},{"type":"Feature","properties":{"category":"R","category_source":"airspace_type","airspace_class":"","airspace_type":"R","local_type":"FRZ","designator":"EGR1U132","name":"HMP EXETER","source":"NATS UK ICAO AIP Dataset","airac":"2026-08-06"},"geometry":{"type":"Polygon","coordinates":[[[-3.5325778,50.7332972],[-3.526575,50.7326306],[-3.5232972,50.7256],[-3.5382944,50.7234889],[-3.5415472,50.731125],[-3.5325778,50.7332972]]]}},{"type":"Feature","properties":{"category":"D","category_source":"airspace_type","airspace_class":"","airspace_type":"D","local_type":"","designator":"EGD405","name":"KIRKCUDBRIGHT","source":"NATS UK ICAO AIP Dataset","airac":"2026-08-06"},"geometry":{"type":"Polygon","coordinates":[[[-4.06361,54.77972],[-4.03722,54.79556],[-4.01111,54.80778],[-3.95139,54.805],[-3.94167,54.78611],[-3.80167,54.63333],[-3.95556,54.55056],[-4.22806,54.55417],[-4.25389,54.59361],[-4.06361,54.77972]]]}},{"type":"Feature","properties":{"category":"R","category_source":"airspace_type","airspace_class":"","airspace_type":"R","local_type":"RPZ","designator":"EGR7U001E","name":"BARRA RWY 29","source":"NATS UK ICAO AIP Dataset","airac":"2026-08-06"},"geometry":{"type":"Polygon","coordinates":[[[-7.3568278,57.0197556],[-7.3598778,57.0109306],[-7.384508056,57.013479667],[-7.44306,57.02278],[-7.382074306,57.022368417],[-7.3568278,57.0197556]]]}},{"type":"Feature","properties":{"category":"R","category_source":"airspace_type","airspace_class":"","airspace_type":"R","local_type":"RPZ","designator":"EGR1U021C","name":"BLACKBUSHE RWY 25","source":"NATS UK ICAO AIP Dataset","airac":"2026-08-06"},"geometry":{"type":"Polygon","coordinates":[[[-0.7751972,51.343825],[-0.7706639,51.3352972],[-0.795314972,51.330171361],[-0.8475,51.32389],[-0.799895361,51.338689167],[-0.7751972,51.343825]]]}},{"type":"Feature","properties":{"category":"D","category_source":"airspace_type","airspace_class":"","airspace_type":"D","local_type":"","designator":"EGD323P","name":"SOUTHERN COMPLEX","source":"NATS UK ICAO AIP Dataset","airac":"2026-08-06"},"geometry":{"type":"Polygon","coordinates":[[[2.630975389,54.830891583],[2.909544444,54.528536111],[2.714436111,54.663233333],[2.352636111,54.75875],[2.630975389,54.830891583]]]}},{"type":"Feature","properties":{"category":"D","category_source":"airspace_type","airspace_class":"","airspace_type":"D","local_type":"","designator":"EGD036","name":"PORTSMOUTH","source":"NATS UK ICAO AIP Dataset","airac":"2026-08-06"},"geometry":{"type":"Polygon","coordinates":[[[-1.20222,50.49083],[-1.19056,50.0],[-1.19056,50.0],[-1.71694,50.0],[-1.71694,50.0],[-1.70194,50.10556],[-1.20222,50.49083]]]}},{"type":"Feature","properties":{"category":"R","category_source":"airspace_type","airspace_class":"","airspace_type":"R","local_type":"RPZ","designator":"EGR3U022D","name":"WICKENBY RWY 15","source":"NATS UK ICAO AIP Dataset","airac":"2026-08-06"},"geometry":{"type":"Polygon","coordinates":[[[-0.3958778,53.3559444],[-0.3828389,53.3604056],[-0.3705505,53.347564583],[-0.3487972,53.3169361],[-0.383449556,53.342961917],[-0.3958778,53.3559444]]]}},{"type":"Feature","properties":{"category":"TMZ","category_source":"local_type","airspace_class":"","airspace_type":"OTHER:TMZ","local_type":"TMZ","designator":"EGTMZ018","name":"MORAY CTA 16 TMZ","source":"NATS UK ICAO AIP Dataset","airac":"2026-08-06"},"geometry":{"type":"Polygon","coordinates":[[[-1.4506944,59.8887083],[-1.1224556,59.8685],[-1.2038889,59.5386111],[-1.5290917,59.5586944],[-1.4506944,59.8887083]]]}},{"type":"Feature","properties":{"category":"R","category_source":"airspace_type","airspace_class":"","airspace_type":"R","local_type":"RPZ","designator":"EGR1U114B","name":"LAND'S END RWY 02","source":"NATS UK ICAO AIP Dataset","airac":"2026-08-06"},"geometry":{"type":"Polygon","coordinates":[[[-5.6911472,50.0572722],[-5.7043,50.0602944],[-5.696732583,50.073966194],[-5.6705806,50.1027028],[-5.683816361,50.070509972],[-5.6911472,50.0572722]]]}},{"type":"Feature","properties":{"category":"R","category_source":"airspace_type","airspace_class":"","airspace_type":"R","local_type":"RPZ","designator":"EGR2U020B","name":"WITTERING RWY 07","source":"NATS UK ICAO AIP Dataset","airac":"2026-08-06"},"geometry":{"type":"Polygon","coordinates":[[[-0.5636167,52.5921861],[-0.5678833,52.6007889],[-0.54307775,52.605372],[-0.4759056,52.6130556],[-0.538795333,52.596771861],[-0.5636167,52.5921861]]]}},{"type":"Feature","properties":{"category":"R","category_source":"airspace_type","airspace_class":"","airspace_type":"R","local_type":"RPZ","designator":"EGR2U028C","name":"MARHAM RWY 19","source":"NATS UK ICAO AIP Dataset","airac":"2026-08-06"},"geometry":{"type":"Polygon","coordinates":[[[0.5633556,52.7000972],[0.5779833,52.6987583],[0.5751065,52.687170833],[0.55056,52.64833],[0.560722889,52.689478417],[0.5633556,52.7000972]]]}},{"type":"Feature","properties":{"category":"R","category_source":"airspace_type","airspace_class":"","airspace_type":"R","local_type":"FRZ","designator":"EGR4U019","name":"NSA RAF FYLINGDALES","source":"NATS UK ICAO AIP Dataset","airac":"2026-08-06"},"geometry":{"type":"Polygon","coordinates":[[[-0.6810889,54.3872583],[-0.66705,54.3886583],[-0.6530778,54.3865444],[-0.6433028,54.3818361],[-0.6358306,54.3748194],[-0.6652361,54.3521306],[-0.6858,54.3523056],[-0.6842556,54.3773556],[-0.6810889,54.3872583]]]}},{"type":"Feature","properties":{"category":"R","category_source":"airspace_type","airspace_class":"","airspace_type":"R","local_type":"RPZ","designator":"EGR2U022D","name":"OLD WARDEN RWY 03X","source":"NATS UK ICAO AIP Dataset","airac":"2026-08-06"},"geometry":{"type":"Polygon","coordinates":[[[-0.3476278,52.0382167],[-0.3608056,52.0420528],[-0.348041889,52.058752028],[-0.31861,52.08667],[-0.334856139,52.054918861],[-0.3476278,52.0382167]]]}},{"type":"Feature","properties":{"category":"R","category_source":"airspace_type","airspace_class":"","airspace_type":"R","local_type":"RPZ","designator":"EGR3U008B","name":"MANCHESTER RWY 05L","source":"NATS UK ICAO AIP Dataset","airac":"2026-08-06"},"geometry":{"type":"Polygon","coordinates":[[[-2.3414111,53.3158111],[-2.3508361,53.3228],[-2.333346583,53.331273861],[-2.274950972,53.353748944],[-2.323873417,53.324307],[-2.3414111,53.3158111]]]}},{"type":"Feature","properties":{"category":"D","category_source":"airspace_type","airspace_class":"","airspace_type":"D","local_type":"","designator":"EGD120","name":"BOSCOMBE DOWN","source":"NATS UK ICAO AIP Dataset","airac":"2026-08-06"},"geometry":{"type":"Polygon","coordinates":[[[-1.80056,51.18111],[-1.77806,51.18306],[-1.71889,51.17889],[-1.70778,51.18472],[-1.75111,51.15333],[-1.68611,51.14556],[-1.71333,51.13361],[-1.71333,51.125],[-1.73583,51.11278],[-1.80528,51.12944],[-1.75111,51.15333],[-1.80056,51.18111]]]}},{"type":"Feature","properties":{"category":"D","category_source":"airspace_type","airspace_class":"","airspace_type":"D","local_type":"","designator":"EGD138D","name":"SHOEBURYNESS","source":"NATS UK ICAO AIP Dataset","airac":"2026-08-06"},"geometry":{"type":"Polygon","coordinates":[[[0.92667,51.62056],[1.20083,51.62056],[1.20083,51.62056],[0.88333,51.5],[0.85417,51.5025],[0.80111,51.53806],[0.83333,51.56667],[0.83833,51.58333],[0.83778,51.59472],[0.91528,51.61667],[0.92667,51.62056]]]}},{"type":"Feature","properties":{"category":"R","category_source":"airspace_type","airspace_class":"","airspace_type":"R","local_type":"RPZ","designator":"EGR1U010D","name":"KEMBLE RWY 08G","source":"NATS UK ICAO AIP Dataset","airac":"2026-08-06"},"geometry":{"type":"Polygon","coordinates":[[[-2.1295,51.6566278],[-2.1319167,51.6654889],[-2.110543667,51.667756472],[-2.0570083,51.6680611],[-2.108455667,51.6588605],[-2.1295,51.6566278]]]}},{"type":"Feature","properties":{"category":"R","category_source":"airspace_type","airspace_class":"","airspace_type":"R","local_type":"FRZ","designator":"EGR2U041","name":"HMP FIVE WELLS","source":"NATS UK ICAO AIP Dataset","airac":"2026-08-06"},"geometry":{"type":"Polygon","coordinates":[[[-0.6910528,52.290975],[-0.6836806,52.2908],[-0.6817028,52.2861778],[-0.6839667,52.279475],[-0.6947,52.2791583],[-0.7012528,52.2828583],[-0.7013306,52.2872861],[-0.6910528,52.290975]]]}},{"type":"Feature","properties":{"category":"R","category_source":"airspace_type","airspace_class":"","airspace_type":"R","local_type":"RPZ","designator":"EGR1U013B","name":"BOSCOMBE RWY 05","source":"NATS UK ICAO AIP Dataset","airac":"2026-08-06"},"geometry":{"type":"Polygon","coordinates":[[[-1.818831556,51.111814806],[-1.827982722,51.118715528],[-1.806078306,51.130241972],[-1.7510111,51.1533083],[-1.796920139,51.12334375],[-1.818831556,51.111814806]]]}},{"type":"Feature","properties":{"category":"R","category_source":"airspace_type","airspace_class":"","airspace_type":"R","local_type":"RPZ","designator":"EGR3U012E","name":"NETHERTHORPE RWY 36","source":"NATS UK ICAO AIP Dataset","airac":"2026-08-06"},"geometry":{"type":"Polygon","coordinates":[[[-1.1811194,53.2714222],[-1.1960444,53.2706083],[-1.198026972,53.283669444],[-1.1962028,53.3169333],[-1.183112778,53.284588472],[-1.1811194,53.2714222]]]}},{"type":"Feature","properties":{"category":"R","category_source":"airspace_type","airspace_class":"","airspace_type":"R","local_type":"RPZ","designator":"EGR2U011B","name":"DERBY RWY 05","source":"NATS UK ICAO AIP Dataset","airac":"2026-08-06"},"geometry":{"type":"Polygon","coordinates":[[[-1.668278028,52.824179222],[-1.678287556,52.830811889],[-1.661758667,52.839975222],[-1.6175,52.85972],[-1.651415333,52.833526333],[-1.668278028,52.824179222]]]}},{"type":"Feature","properties":{"category":"D","category_source":"airspace_type","airspace_class":"","airspace_type":"D","local_type":"","designator":"EGD011B","name":"WILLSWORTHY","source":"NATS UK ICAO AIP Dataset","airac":"2026-08-06"},"geometry":{"type":"Polygon","coordinates":[[[-4.06139,50.67194],[-4.01694,50.62472],[-4.02667,50.62389],[-4.07889,50.59722],[-4.09944,50.62972],[-4.06139,50.67194]]]}},{"type":"Feature","properties":{"category":"D","category_source":"airspace_type","airspace_class":"","airspace_type":"D","local_type":"","designator":"EGD613A","name":"CENTRAL COMPLEX","source":"NATS UK ICAO AIP Dataset","airac":"2026-08-06"},"geometry":{"type":"Polygon","coordinates":[[[0.4419306,57.7391472],[0.8140889,57.32785],[-1.5996,56.7901639],[-1.7715583,57.2462806],[0.4419306,57.7391472]]]}},{"type":"Feature","properties":{"category":"TMZ","category_source":"local_type","airspace_class":"","airspace_type":"OTHER:TMZ","local_type":"TMZ","designator":"EGTMZ034","name":"NEART NA GAOITHE TMZ","source":"NATS UK ICAO AIP Dataset","airac":"2026-08-06"},"geometry":{"type":"Polygon","coordinates":[[[-2.2407583,56.3601778],[-2.136,56.259],[-2.123,56.208],[-2.272,56.208],[-2.3342472,56.263775],[-2.3372056,56.2905083],[-2.307,56.336],[-2.2407583,56.3601778]]]}},{"type":"Feature","properties":{"category":"R","category_source":"airspace_type","airspace_class":"","airspace_type":"R","local_type":"RPZ","designator":"EGR3U023C","name":"CONINGSBY RWY 25","source":"NATS UK ICAO AIP Dataset","airac":"2026-08-06"},"geometry":{"type":"Polygon","coordinates":[[[-0.077985306,53.115184472],[-0.073350972,53.106642472],[-0.098507361,53.10171875],[-0.16611,53.09306],[-0.103169278,53.11025525],[-0.077985306,53.115184472]]]}},{"type":"Feature","properties":{"category":"R","category_source":"airspace_type","airspace_class":"","airspace_type":"R","local_type":"FRZ","designator":"EGR1U061","name":"HMP EASTWOOD PARK","source":"NATS UK ICAO AIP Dataset","airac":"2026-08-06"},"geometry":{"type":"Polygon","coordinates":[[[-2.4776472,51.6386306],[-2.4666167,51.6397694],[-2.4611111,51.6395611],[-2.4564556,51.6342583],[-2.4648611,51.6309111],[-2.4745917,51.6297],[-2.4776472,51.6386306]]]}},{"type":"Feature","properties":{"category":"R","category_source":"airspace_type","airspace_class":"","airspace_type":"R","local_type":"FRZ","designator":"EGR1U077","name":"HMP WORMWOOD SCRUBS","source":"NATS UK ICAO AIP Dataset","airac":"2026-08-06"},"geometry":{"type":"Polygon","coordinates":[[[-0.2490222,51.5210528],[-0.2334806,51.5218972],[-0.2311806,51.513125],[-0.245725,51.51225],[-0.2482861,51.5157278],[-0.2490222,51.5210528]]]}},{"type":"Feature","properties":{"category":"D","category_source":"airspace_type","airspace_class":"","airspace_type":"D","local_type":"","designator":"EGD701L","name":"HEBRIDES","source":"NATS UK ICAO AIP Dataset","airac":"2026-08-06"},"geometry":{"type":"Polygon","coordinates":[[[-10.0,56.4417389],[-8.7777972,56.0762722],[-10.0,56.0917611],[-10.0,56.4417389]]]}},{"type":"Feature","properties":{"category":"R","category_source":"airspace_type","airspace_class":"","airspace_type":"R","local_type":"FRZ","designator":"EGR1U051","name":"HMP BELMARSH/THAMESIDE/ISIS","source":"NATS UK ICAO AIP Dataset","airac":"2026-08-06"},"geometry":{"type":"Polygon","coordinates":[[[0.0990306,51.5032917],[0.1065528,51.4949639],[0.097125,51.4915306],[0.0945611,51.4882306],[0.0804333,51.4909167],[0.0834944,51.4976583],[0.0990306,51.5032917]]]}},{"type":"Feature","properties":{"category":"R","category_source":"airspace_type","airspace_class":"","airspace_type":"R","local_type":"RPZ","designator":"EGR1U116E","name":"PREDANNACK RWY 27","source":"NATS UK ICAO AIP Dataset","airac":"2026-08-06"},"geometry":{"type":"Polygon","coordinates":[[[-5.157317056,50.00371625],[-5.157285056,49.994725806],[-5.181375361,49.994703722],[-5.2317694,50.0020333],[-5.180168,50.003695417],[-5.157317056,50.00371625]]]}},{"type":"Feature","properties":{"category":"R","category_source":"airspace_type","airspace_class":"","airspace_type":"R","local_type":"RPZ","designator":"EGR3U005C","name":"HAWARDEN RWY 22","source":"NATS UK ICAO AIP Dataset","airac":"2026-08-06"},"geometry":{"type":"Polygon","coordinates":[[[-2.9271139,53.2198528],[-2.9158139,53.2139583],[-2.926918611,53.206301111],[-2.97778,53.17806],[-2.938205556,53.212203056],[-2.9271139,53.2198528]]]}},{"type":"Feature","properties":{"category":"R","category_source":"airspace_type","airspace_class":"","airspace_type":"R","local_type":"FRZ","designator":"EGR1U113","name":"NSA RAF WELFORD","source":"NATS UK ICAO AIP Dataset","airac":"2026-08-06"},"geometry":{"type":"Polygon","coordinates":[[[-1.4174694,51.4725083],[-1.4092583,51.4834833],[-1.3950556,51.4792889],[-1.3844083,51.4649361],[-1.3935972,51.4577139],[-1.3992556,51.4581472],[-1.4174694,51.4725083]]]}},{"type":"Feature","properties":{"category":"R","category_source":"airspace_type","airspace_class":"","airspace_type":"R","local_type":"RPZ","designator":"EGR1U004B","name":"ST ATHAN RWY 07","source":"NATS UK ICAO AIP Dataset","airac":"2026-08-06"},"geometry":{"type":"Polygon","coordinates":[[[-3.5119361,51.3855],[-3.5161222,51.3940972],[-3.485857944,51.399886194],[-3.43333,51.40528],[-3.4816345,51.391295806],[-3.5119361,51.3855]]]}},{"type":"Feature","properties":{"category":"R","category_source":"airspace_type","airspace_class":"","airspace_type":"R","local_type":"RPZ","designator":"EGR6U005F","name":"PERTH/SCONE RWY 15","source":"NATS UK ICAO AIP Dataset","airac":"2026-08-06"},"geometry":{"type":"Polygon","coordinates":[[[-3.419075,56.47875],[-3.4050944,56.4833083],[-3.393620944,56.472547194],[-3.3739056,56.441125],[-3.408111278,56.468470389],[-3.419075,56.47875]]]}},{"type":"Feature","properties":{"category":"R","category_source":"airspace_type","airspace_class":"","airspace_type":"R","local_type":"RPZ","designator":"EGR2U031C","name":"OLD BUCKENHAM RWY 20","source":"NATS UK ICAO AIP Dataset","airac":"2026-08-06"},"geometry":{"type":"Polygon","coordinates":[[[1.0711528,52.5449833],[1.0850167,52.5419333],[1.0763795,52.527359889],[1.0520222,52.497575],[1.062425444,52.530250583],[1.0711528,52.5449833]]]}},{"type":"Feature","properties":{"category":"R","category_source":"airspace_type","airspace_class":"","airspace_type":"R","local_type":"FRZ","designator":"EGR3U037","name":"HMP LINCOLN","source":"NATS UK ICAO AIP Dataset","airac":"2026-08-06"},"geometry":{"type":"Polygon","coordinates":[[[-0.5207194,53.24055],[-0.5106,53.2393778],[-0.5089917,53.2332306],[-0.5127778,53.2306444],[-0.5227,53.2314528],[-0.5254333,53.2337278],[-0.5256917,53.2375583],[-0.5207194,53.24055]]]}},{"type":"Feature","properties":{"category":"R","category_source":"airspace_type","airspace_class":"","airspace_type":"R","local_type":"RPZ","designator":"EGR4U002C","name":"BELFAST ALDERGROVE RWY 25","source":"NATS UK ICAO AIP Dataset","airac":"2026-08-06"},"geometry":{"type":"Polygon","coordinates":[[[-6.1291306,54.6857389],[-6.1225944,54.6775917],[-6.147855417,54.67081225],[-6.21583,54.6575],[-6.154368639,54.678965389],[-6.1291306,54.6857389]]]}},{"type":"Feature","properties":{"category":"R","category_source":"airspace_type","airspace_class":"","airspace_type":"R","local_type":"FRZ","designator":"EGR1U004A","name":"ST ATHAN","source":"NATS UK ICAO AIP Dataset","airac":"2026-08-06"},"geometry":{"type":"Polygon","coordinates":[[[-3.39111,51.42556],[-3.40278,51.37806],[-3.476993160742727,51.42440763043332],[-3.479050473215317,51.422435107568845],[-3.4808787592190713,51.42037674644995],[-3.4824688924948495,51.41824284640732],[-3.4838129431158964,51.416044084742374],[-3.484904216633793,51.4137914633018],[-3.4857372869593863,51.41149625342805],[-3.4863080228265604,51.40916993956145],[-3.4866136077202206,51.40682416177599],[-3.4866525531837014,51.404470657536415],[-3.486424705454741,51.402121202968],[-3.4859312454130746,51.399787553932846],[-3.485174681856337,51.397481387207606],[-3.4841588381541952,51.395214242056916],[-3.4828888323633125,51.39299746249488],[-3.4813710509176614,51.39084214052353],[-3.4796131160397707,51.388759060632275],[-3.4776238470485596,51.38675864583599],[-3.4754132157683264,51.38485090552189],[-3.472992296271173,51.38304538536596],[-3.4703732092114747,51.38135111956971],[-3.4675690610359395,51.37977658565609],[-3.464593878376201,51.37832966205095],[-3.461462537952694,51.37701758866205],[-3.458190692338743,51.37584693065308],[-3.454794691952228,51.37482354559385],[-3.451291503658919,51.37395255415099],[-3.447698626386448,51.373238314465944],[-3.4440340041609865,51.37268440034828],[-3.440315936989891,51.37229358339362],[-3.4365629900229293,51.372067819115514],[-3.4327939014321167,51.372008237160706],[-3.429027489455723,51.3721151356568],[-3.4252825590555878,51.3723879797205],[-3.4215778086385535,51.37282540413402],[-3.417931737292541,51.373425220176124],[-3.4143625529855948,51.37418442657377],[-3.410888082172067,51.37509922451941],[-3.4075256812440693,51.37616503667896],[-3.40429215025833,51.37737653009517],[-3.401203649358731,51.37872764287191],[-3.3982756183030522,51.38021161450582],[-3.395522699488854,51.381821019713556],[-3.3929586648580075,51.38354780558532],[-3.390596347042174,51.3853833318789],[-3.3884475750926013,51.387318414252384],[-3.386523115116945,51.389343370219535],[-3.38483261612357,51.39144806759759],[-3.383384561349934,51.393621975205164],[-3.382186225326323,51.39585421555676],[-3.3812436368994634,51.39813361928985],[-3.3805615484124925,51.400448781052624],[-3.380143411208484,51.40278811657236],[-3.379991357594395,51.4051399206192],[-3.380106189370943,51.40749242557505],[-3.3804873730018032,51.40983386031472],[-3.3811330414626406,51.41215250910457],[-3.382040002777146,51.41443677022401],[-3.383203755213495,51.416675214016514],[-3.3846185090807297,51.418856640079696],[-3.3862772150306326,51.42097013330827],[-3.3881715987368906,51.42300511850948],[-3.3902922017899715,51.424951413317686],[-3.3926284286133117,51.4267992791435],[-3.395168599174355,51.428539469902255],[-3.3979000072328827,51.43016327827828],[-3.400808983839158,51.43166257929328],[-3.39111,51.42556]]]}},{"type":"Feature","properties":{"category":"R","category_source":"airspace_type","airspace_class":"","airspace_type":"R","local_type":"RPZ","designator":"EGR2U024C","name":"FENLAND RWY 36","source":"NATS UK ICAO AIP Dataset","airac":"2026-08-06"},"geometry":{"type":"Polygon","coordinates":[[[-0.0237139,52.6916889],[-0.0385028,52.6918306],[-0.038121833,52.706538917],[-0.0298667,52.7394444],[-0.023327778,52.706396972],[-0.0237139,52.6916889]]]}},{"type":"Feature","properties":{"category":"R","category_source":"airspace_type","airspace_class":"","airspace_type":"R","local_type":"RPZ","designator":"EGR3U020K","name":"CRANWELL RWY 21","source":"NATS UK ICAO AIP Dataset","airac":"2026-08-06"},"geometry":{"type":"Polygon","coordinates":[[[-0.455864444,53.08874525],[-0.443001139,53.0841885],[-0.460337556,53.066466611],[-0.4927528,53.0297333],[-0.474358417,53.069833694],[-0.455864444,53.08874525]]]}},{"type":"Feature","properties":{"category":"R","category_source":"airspace_type","airspace_class":"","airspace_type":"R","local_type":"RPZ","designator":"EGR2U026C","name":"CAMBRIDGE RWY 23","source":"NATS UK ICAO AIP Dataset","airac":"2026-08-06"},"geometry":{"type":"Polygon","coordinates":[[[0.2357,52.2422222],[0.245125,52.2353472],[0.231246389,52.228190861],[0.175,52.205],[0.221829139,52.23506925],[0.2357,52.2422222]]]}},{"type":"Feature","properties":{"category":"R","category_source":"airspace_type","airspace_class":"","airspace_type":"R","local_type":"RPZ","designator":"EGR2U015B","name":"NOTTINGHAM RWY 03","source":"NATS UK ICAO AIP Dataset","airac":"2026-08-06"},"geometry":{"type":"Polygon","coordinates":[[[-1.1075944,52.8745639],[-1.120725,52.8787667],[-1.108771222,52.892456472],[-1.08,52.92083],[-1.09513225,52.888831444],[-1.1075944,52.8745639]]]}},{"type":"Feature","properties":{"category":"R","category_source":"airspace_type","airspace_class":"","airspace_type":"R","local_type":"RPZ","designator":"EGR8U001D","name":"STORNOWAY RWY 18","source":"NATS UK ICAO AIP Dataset","airac":"2026-08-06"},"geometry":{"type":"Polygon","coordinates":[[[-6.3497056,58.2686028],[-6.3327528,58.2694972],[-6.3304085,58.2571645],[-6.3310667,58.2155972],[-6.347355333,58.256268583],[-6.3497056,58.2686028]]]}},{"type":"Feature","properties":{"category":"D","category_source":"airspace_type","airspace_class":"","airspace_type":"D","local_type":"","designator":"EGD901","name":"FAST JET AREA NORTH","source":"NATS UK ICAO AIP Dataset","airac":"2026-08-06"},"geometry":{"type":"Polygon","coordinates":[[[-1.5,59.6666667],[-1.0,59.1666667],[0.1633333,58.0375],[-1.0,57.7833333],[-1.5166667,57.6666667],[-1.5166667,57.6666667],[-2.9725,57.6666667],[-2.9725,57.6666667],[-5.8786111,58.3222222],[-6.0302778,59.8333333],[-1.5,59.6666667]]]}},{"type":"Feature","properties":{"category":"D","category_source":"airspace_type","airspace_class":"","airspace_type":"D","local_type":"","designator":"EGD701X","name":"HEBRIDES","source":"NATS UK ICAO AIP Dataset","airac":"2026-08-06"},"geometry":{"type":"Polygon","coordinates":[[[-13.0,57.5239056],[-12.0,57.3568694],[-12.0,56.7324472],[-13.0,57.5239056]]]}},{"type":"Feature","properties":{"category":"R","category_source":"airspace_type","airspace_class":"","airspace_type":"R","local_type":"RPZ","designator":"EGR1U119C","name":"DUNKESWELL RWY 22","source":"NATS UK ICAO AIP Dataset","airac":"2026-08-06"},"geometry":{"type":"Polygon","coordinates":[[[-3.1889333,50.9000361],[-3.1782222,50.8941278],[-3.195098639,50.881908389],[-3.23472,50.86],[-3.205804972,50.887817861],[-3.1889333,50.9000361]]]}},{"type":"Feature","properties":{"category":"D","category_source":"airspace_type","airspace_class":"","airspace_type":"D","local_type":"","designator":"EGD139","name":"FINGRINGHOE","source":"NATS UK ICAO AIP Dataset","airac":"2026-08-06"},"geometry":{"type":"Polygon","coordinates":[[[0.91611,51.83333],[0.98111,51.83167],[0.98,51.80917],[0.91444,51.81083],[0.91611,51.83333]]]}},{"type":"Feature","properties":{"category":"D","category_source":"airspace_type","airspace_class":"","airspace_type":"D","local_type":"","designator":"EGD902D","name":"SAXAVORD","source":"NATS UK ICAO AIP Dataset","airac":"2026-08-06"},"geometry":{"type":"Polygon","coordinates":[[[-1.5,61.0],[-1.1,60.7666667],[-1.1,60.6666667],[-1.5,60.8014028],[-1.5,61.0]]]}},{"type":"Feature","properties":{"category":"ATZ","category_source":"local_type","airspace_class":"","airspace_type":"RAS","local_type":"ATZ","designator":"EGSY001","name":"ST ATHAN ATZ","source":"NATS UK ICAO AIP Dataset","airac":"2026-08-06"},"geometry":{"type":"Polygon","coordinates":[[[-3.39111,51.42556],[-3.40278,51.37806],[-3.476993160742727,51.42440763043332],[-3.479050473215317,51.422435107568845],[-3.4808787592190713,51.42037674644995],[-3.4824688924948495,51.41824284640732],[-3.4838129431158964,51.416044084742374],[-3.484904216633793,51.4137914633018],[-3.4857372869593863,51.41149625342805],[-3.4863080228265604,51.40916993956145],[-3.4866136077202206,51.40682416177599],[-3.4866525531837014,51.404470657536415],[-3.486424705454741,51.402121202968],[-3.4859312454130746,51.399787553932846],[-3.485174681856337,51.397481387207606],[-3.4841588381541952,51.395214242056916],[-3.4828888323633125,51.39299746249488],[-3.4813710509176614,51.39084214052353],[-3.4796131160397707,51.388759060632275],[-3.4776238470485596,51.38675864583599],[-3.4754132157683264,51.38485090552189],[-3.472992296271173,51.38304538536596],[-3.4703732092114747,51.38135111956971],[-3.4675690610359395,51.37977658565609],[-3.464593878376201,51.37832966205095],[-3.461462537952694,51.37701758866205],[-3.458190692338743,51.37584693065308],[-3.454794691952228,51.37482354559385],[-3.451291503658919,51.37395255415099],[-3.447698626386448,51.373238314465944],[-3.4440340041609865,51.37268440034828],[-3.440315936989891,51.37229358339362],[-3.4365629900229293,51.372067819115514],[-3.4327939014321167,51.372008237160706],[-3.429027489455723,51.3721151356568],[-3.4252825590555878,51.3723879797205],[-3.4215778086385535,51.37282540413402],[-3.417931737292541,51.373425220176124],[-3.4143625529855948,51.37418442657377],[-3.410888082172067,51.37509922451941],[-3.4075256812440693,51.37616503667896],[-3.40429215025833,51.37737653009517],[-3.401203649358731,51.37872764287191],[-3.3982756183030522,51.38021161450582],[-3.395522699488854,51.381821019713556],[-3.3929586648580075,51.38354780558532],[-3.390596347042174,51.3853833318789],[-3.3884475750926013,51.387318414252384],[-3.386523115116945,51.389343370219535],[-3.38483261612357,51.39144806759759],[-3.383384561349934,51.393621975205164],[-3.382186225326323,51.39585421555676],[-3.3812436368994634,51.39813361928985],[-3.3805615484124925,51.400448781052624],[-3.380143411208484,51.40278811657236],[-3.379991357594395,51.4051399206192],[-3.380106189370943,51.40749242557505],[-3.3804873730018032,51.40983386031472],[-3.3811330414626406,51.41215250910457],[-3.382040002777146,51.41443677022401],[-3.383203755213495,51.416675214016514],[-3.3846185090807297,51.418856640079696],[-3.3862772150306326,51.42097013330827],[-3.3881715987368906,51.42300511850948],[-3.3902922017899715,51.424951413317686],[-3.3926284286133117,51.4267992791435],[-3.395168599174355,51.428539469902255],[-3.3979000072328827,51.43016327827828],[-3.400808983839158,51.43166257929328],[-3.39111,51.42556]]]}},{"type":"Feature","properties":{"category":"R","category_source":"airspace_type","airspace_class":"","airspace_type":"R","local_type":"RPZ","designator":"EGR1U036B","name":"STAPLEFORD RWY 03L","source":"NATS UK ICAO AIP Dataset","airac":"2026-08-06"},"geometry":{"type":"Polygon","coordinates":[[[0.114975,51.6095306],[0.1032222,51.61475],[0.118949056,51.62849275],[0.1560083,51.6525056],[0.130621889,51.623200639],[0.114975,51.6095306]]]}},{"type":"Feature","properties":{"category":"D","category_source":"airspace_type","airspace_class":"","airspace_type":"D","local_type":"","designator":"EGD007C","name":"FOWEY INNER","source":"NATS UK ICAO AIP Dataset","airac":"2026-08-06"},"geometry":{"type":"Polygon","coordinates":[[[-4.72611,50.2925],[-4.61194,50.30028],[-4.77306,50.20056],[-4.78306,50.21222],[-4.74472,50.23722],[-4.74639,50.27972],[-4.72611,50.2925]]]}},{"type":"Feature","properties":{"category":"R","category_source":"airspace_type","airspace_class":"","airspace_type":"R","local_type":"RPZ","designator":"EGR3U009J","name":"MANCHESTER BARTON RWY 31","source":"NATS UK ICAO AIP Dataset","airac":"2026-08-06"},"geometry":{"type":"Polygon","coordinates":[[[-2.3255083,53.4430694],[-2.3359944,53.4366278],[-2.362827306,53.452212389],[-2.350263194,53.457450861],[-2.3255083,53.4430694]]]}},{"type":"Feature","properties":{"category":"R","category_source":"airspace_type","airspace_class":"","airspace_type":"R","local_type":"RPZ","designator":"EGR1U032D","name":"LONDON GATWICK RWY 08R","source":"NATS UK ICAO AIP Dataset","airac":"2026-08-06"},"geometry":{"type":"Polygon","coordinates":[[[-0.2750778,51.1318139],[-0.2781333,51.1405944],[-0.25607075,51.143652778],[-0.19028,51.14806],[-0.253027889,51.134870667],[-0.2750778,51.1318139]]]}},{"type":"Feature","properties":{"category":"R","category_source":"airspace_type","airspace_class":"","airspace_type":"R","local_type":"RPZ","designator":"EGR1U015C","name":"BRIZE NORTON RWY 25","source":"NATS UK ICAO AIP Dataset","airac":"2026-08-06"},"geometry":{"type":"Polygon","coordinates":[[[-1.494383056,51.770924278],[-1.490269722,51.762306528],[-1.516976444,51.757417917],[-1.5829472,51.7499861],[-1.521081139,51.766037194],[-1.494383056,51.770924278]]]}},{"type":"Feature","properties":{"category":"R","category_source":"airspace_type","airspace_class":"","airspace_type":"R","local_type":"RPZ","designator":"EGR9U008C","name":"SUMBURGH RWY 24","source":"NATS UK ICAO AIP Dataset","airac":"2026-08-06"},"geometry":{"type":"Polygon","coordinates":[[[-1.216230167,59.907988667],[-1.205586583,59.900778722],[-1.230709861,59.89143925],[-1.2938222,59.881475],[-1.238499778,59.899709611],[-1.216230167,59.907988667]]]}},{"type":"Feature","properties":{"category":"R","category_source":"airspace_type","airspace_class":"","airspace_type":"R","local_type":"RPZ","designator":"EGR1U022B","name":"WYCOMBE AIR PARK/BOOKER RWY 06","source":"NATS UK ICAO AIP Dataset","airac":"2026-08-06"},"geometry":{"type":"Polygon","coordinates":[[[-0.8734889,51.5854194],[-0.8801694,51.5933861],[-0.85852675,51.600439944],[-0.8082306,51.6117306],[-0.851840694,51.592474639],[-0.8734889,51.5854194]]]}},{"type":"Feature","properties":{"category":"R","category_source":"airspace_type","airspace_class":"","airspace_type":"R","local_type":"RPZ","designator":"EGR7U001G","name":"BARRA RWY 33","source":"NATS UK ICAO AIP Dataset","airac":"2026-08-06"},"geometry":{"type":"Polygon","coordinates":[[[-7.3795889,56.9891389],[-7.3920917,56.9833056],[-7.41007375,56.994804333],[-7.44306,57.02278],[-7.397561944,57.000634417],[-7.3795889,56.9891389]]]}},{"type":"Feature","properties":{"category":"R","category_source":"airspace_type","airspace_class":"","airspace_type":"R","local_type":"RPZ","designator":"EGR3U011B","name":"SHERBURN-IN-ELMET RWY 01","source":"NATS UK ICAO AIP Dataset","airac":"2026-08-06"},"geometry":{"type":"Polygon","coordinates":[[[-1.21695,53.7393833],[-1.2319556,53.7406444],[-1.229322833,53.751683],[-1.217675,53.7842389],[-1.214169361,53.751024528],[-1.21695,53.7393833]]]}},{"type":"Feature","properties":{"category":"R","category_source":"airspace_type","airspace_class":"","airspace_type":"R","local_type":"RPZ","designator":"EGR2U016H","name":"LEICESTER RWY 15","source":"NATS UK ICAO AIP Dataset","airac":"2026-08-06"},"geometry":{"type":"Polygon","coordinates":[[[-1.076675,52.644675],[-1.0638139,52.6490972],[-1.053769056,52.638298778],[-1.03194,52.60778],[-1.066397278,52.633628972],[-1.076675,52.644675]]]}},{"type":"Feature","properties":{"category":"D","category_source":"airspace_type","airspace_class":"","airspace_type":"D","local_type":"","designator":"EGD219E","name":"RPAS CORRIDOR","source":"NATS UK ICAO AIP Dataset","airac":"2026-08-06"},"geometry":{"type":"Polygon","coordinates":[[[3.495901833,55.120209028],[4.004396167,54.47733375],[4.056290611,54.165103083],[4.044359139,54.12934475],[3.190143306,54.224304806],[3.495901833,55.120209028]]]}},{"type":"Feature","properties":{"category":"R","category_source":"airspace_type","airspace_class":"","airspace_type":"R","local_type":"RPZ","designator":"EGR2U032C","name":"NORWICH RWY 27","source":"NATS UK ICAO AIP Dataset","airac":"2026-08-06"},"geometry":{"type":"Polygon","coordinates":[[[1.3700972,52.6810556],[1.3702833,52.6720694],[1.350795778,52.671935056],[1.2826639,52.6759333],[1.350625889,52.68092125],[1.3700972,52.6810556]]]}},{"type":"Feature","properties":{"category":"R","category_source":"airspace_type","airspace_class":"","airspace_type":"R","local_type":"RPZ","designator":"EGR2U027B","name":"MILDENHALL RWY 11","source":"NATS UK ICAO AIP Dataset","airac":"2026-08-06"},"geometry":{"type":"Polygon","coordinates":[[[0.39318525,52.370754333],[0.39655725,52.379500972],[0.422314889,52.375799306],[0.4864056,52.3619333],[0.41895225,52.367051361],[0.39318525,52.370754333]]]}},{"type":"Feature","properties":{"category":"R","category_source":"airspace_type","airspace_class":"","airspace_type":"R","local_type":"FRZ","designator":"EGR1U090","name":"NSA HMS EXCELLENT (HORSEA ISLAND)","source":"NATS UK ICAO AIP Dataset","airac":"2026-08-06"},"geometry":{"type":"Polygon","coordinates":[[[-1.1068417,50.8381611],[-1.1060083,50.8399833],[-1.0913917,50.8337889],[-1.0920917,50.8319028],[-1.0937694,50.8309722],[-1.1068417,50.8381611]]]}},{"type":"Feature","properties":{"category":"R","category_source":"airspace_type","airspace_class":"","airspace_type":"R","local_type":"RPZ","designator":"EGR1U127C","name":"CHICHESTER/GOODWOOD RWY 24","source":"NATS UK ICAO AIP Dataset","airac":"2026-08-06"},"geometry":{"type":"Polygon","coordinates":[[[-0.6984806,50.8907361],[-0.690725,50.8832028],[-0.712251861,50.874350583],[-0.7592222,50.8593472],[-0.720308722,50.881759167],[-0.6984806,50.8907361]]]}},{"type":"Feature","properties":{"category":"R","category_source":"airspace_type","airspace_class":"","airspace_type":"R","local_type":"FRZ","designator":"EGR1U060","name":"HMP EAST SUTTON PARK","source":"NATS UK ICAO AIP Dataset","airac":"2026-08-06"},"geometry":{"type":"Polygon","coordinates":[[[0.6149278,51.2196083],[0.6254056,51.2202639],[0.6257306,51.213475],[0.6115417,51.2098167],[0.6088028,51.2168722],[0.6149278,51.2196083]]]}},{"type":"Feature","properties":{"category":"R","category_source":"airspace_type","airspace_class":"","airspace_type":"R","local_type":"RPZ","designator":"EGR2U024B","name":"FENLAND RWY 18","source":"NATS UK ICAO AIP Dataset","airac":"2026-08-06"},"geometry":{"type":"Polygon","coordinates":[[[-0.03605,52.7863611],[-0.0212278,52.7862167],[-0.021593194,52.772348694],[-0.0298667,52.7394444],[-0.036410528,52.772491722],[-0.03605,52.7863611]]]}},{"type":"Feature","properties":{"category":"D","category_source":"airspace_type","airspace_class":"","airspace_type":"D","local_type":"","designator":"EGD701Q","name":"HEBRIDES","source":"NATS UK ICAO AIP Dataset","airac":"2026-08-06"},"geometry":{"type":"Polygon","coordinates":[[[-12.0,57.3568694],[-10.0,57.25],[-10.0,56.7633694],[-10.6883611,56.8439194],[-12.0,57.3568694]]]}},{"type":"Feature","properties":{"category":"R","category_source":"airspace_type","airspace_class":"","airspace_type":"R","local_type":"RPZ","designator":"EGR2U016E","name":"LEICESTER RWY 24","source":"NATS UK ICAO AIP Dataset","airac":"2026-08-06"},"geometry":{"type":"Polygon","coordinates":[[[-0.9776806,52.6407972],[-0.9677,52.6341722],[-0.984802278,52.624648444],[-1.03194,52.60778],[-0.99396425,52.631728306],[-0.9776806,52.6407972]]]}},{"type":"Feature","properties":{"category":"RMZ","category_source":"local_type","airspace_class":"","airspace_type":"RAS","local_type":"RMZ","designator":"EGHC002","name":"LAND'S END RMZ","source":"NATS UK ICAO AIP Dataset","airac":"2026-08-06"},"geometry":{"type":"Polygon","coordinates":[[[-5.8372222,50.2847222],[-5.6183333,50.2841667],[-5.4975,50.1638889],[-5.5191667,49.9330556],[-5.8475,49.9338889],[-6.2272222,49.8233333],[-6.2911111,49.9141667],[-6.3633333,50.0025],[-5.9205556,50.1519444],[-5.8372222,50.2847222]]]}},{"type":"Feature","properties":{"category":"R","category_source":"airspace_type","airspace_class":"","airspace_type":"R","local_type":"FRZ","designator":"EGR4U020","name":"NSA LONGTOWN","source":"NATS UK ICAO AIP Dataset","airac":"2026-08-06"},"geometry":{"type":"Polygon","coordinates":[[[-2.9944306,55.0058861],[-2.98645,54.9955],[-3.0196639,54.9794694],[-3.0250417,54.9814528],[-3.0334,54.9896806],[-2.9944306,55.0058861]]]}},{"type":"Feature","properties":{"category":"R","category_source":"airspace_type","airspace_class":"","airspace_type":"R","local_type":"RPZ","designator":"EGR2U001C","name":"WEST WALES/ABERPORTH RWY 25","source":"NATS UK ICAO AIP Dataset","airac":"2026-08-06"},"geometry":{"type":"Polygon","coordinates":[[[-4.4837667,52.1341194],[-4.4793639,52.12555],[-4.506124694,52.120359583],[-4.5594167,52.1147167],[-4.510515222,52.128931222],[-4.4837667,52.1341194]]]}},{"type":"Feature","properties":{"category":"R","category_source":"airspace_type","airspace_class":"","airspace_type":"R","local_type":"RPZ","designator":"EGR8U002B","name":"WICK RWY 13","source":"NATS UK ICAO AIP Dataset","airac":"2026-08-06"},"geometry":{"type":"Polygon","coordinates":[[[-3.1757639,58.4857583],[-3.16545,58.4929306],[-3.138263167,58.482231278],[-3.09306,58.45889],[-3.148531222,58.475042556],[-3.1757639,58.4857583]]]}},{"type":"Feature","properties":{"category":"R","category_source":"airspace_type","airspace_class":"","airspace_type":"R","local_type":"FRZ","designator":"EGR1U083","name":"GATCOMBE PARK","source":"NATS UK ICAO AIP Dataset","airac":"2026-08-06"},"geometry":{"type":"Polygon","coordinates":[[[-2.1819444,51.7038889],[-2.1602778,51.71],[-2.1391667,51.6952778],[-2.1513889,51.6844444],[-2.1763889,51.6777778],[-2.1975,51.6919444],[-2.1819444,51.7038889]]]}},{"type":"Feature","properties":{"category":"R","category_source":"airspace_type","airspace_class":"","airspace_type":"R","local_type":"RPZ","designator":"EGR2U016K","name":"LEICESTER RWY 34","source":"NATS UK ICAO AIP Dataset","airac":"2026-08-06"},"geometry":{"type":"Polygon","coordinates":[[[-0.9850806,52.5681167],[-0.9976778,52.5634444],[-1.011194667,52.576983833],[-1.03194,52.60778],[-0.998423778,52.581485861],[-0.9850806,52.5681167]]]}},{"type":"Feature","properties":{"category":"R","category_source":"airspace_type","airspace_class":"","airspace_type":"R","local_type":"RPZ","designator":"EGR4U008D","name":"LEEMING RWY 03","source":"NATS UK ICAO AIP Dataset","airac":"2026-08-06"},"geometry":{"type":"Polygon","coordinates":[[[-1.569621694,54.254692028],[-1.583116667,54.258967694],[-1.58138525,54.26084375],[-1.53528,54.2925],[-1.568627917,54.255768444],[-1.569621694,54.254692028]]]}},{"type":"Feature","properties":{"category":"R","category_source":"airspace_type","airspace_class":"","airspace_type":"R","local_type":"RPZ","designator":"EGR1U012E","name":"NETHERAVON RWY 29","source":"NATS UK ICAO AIP Dataset","airac":"2026-08-06"},"geometry":{"type":"Polygon","coordinates":[[[-1.677246667,51.236546639],[-1.681781528,51.228020917],[-1.707259389,51.233377222],[-1.7548361,51.2480944],[-1.702716778,51.241901417],[-1.677246667,51.236546639]]]}},{"type":"Feature","properties":{"category":"RMZ","category_source":"local_type","airspace_class":"","airspace_type":"RAS","local_type":"RMZ","designator":"EGNR002","name":"HAWARDEN RMZ 1","source":"NATS UK ICAO AIP Dataset","airac":"2026-08-06"},"geometry":{"type":"Polygon","coordinates":[[[-2.8497167,53.2191667],[-2.8497222,53.1610556],[-3.0277778,53.2408333],[-2.8497167,53.2191667]]]}},{"type":"Feature","properties":{"category":"R","category_source":"airspace_type","airspace_class":"","airspace_type":"R","local_type":"RPZ","designator":"EGR1U012D","name":"NETHERAVON RWY 11","source":"NATS UK ICAO AIP Dataset","airac":"2026-08-06"},"geometry":{"type":"Polygon","coordinates":[[[-1.832473194,51.259602722],[-1.827935222,51.268128389],[-1.802436389,51.262800944],[-1.7548361,51.2480944],[-1.806966583,51.25427375],[-1.832473194,51.259602722]]]}},{"type":"Feature","properties":{"category":"ATZ","category_source":"local_type","airspace_class":"","airspace_type":"RAS","local_type":"ATZ","designator":"EGCM001","name":"LEEDS EAST ATZ","source":"NATS UK ICAO AIP Dataset","airac":"2026-08-06"},"geometry":{"type":"Polygon","coordinates":[[[-1.19547972,53.83446806],[-1.1655417,53.7968222],[-1.1655417,53.7968222],[-1.217675,53.7842389],[-1.175611,53.806361],[-1.2527639,53.8102667],[-1.19547972,53.83446806]]]}},{"type":"Feature","properties":{"category":"R","category_source":"airspace_type","airspace_class":"","airspace_type":"R","local_type":"RPZ","designator":"EGR9U008B","name":"SUMBURGH RWY 06","source":"NATS UK ICAO AIP Dataset","airac":"2026-08-06"},"geometry":{"type":"Polygon","coordinates":[[[-1.356808583,59.844410806],[-1.367434167,59.851620806],[-1.344576333,59.860165472],[-1.2938222,59.881475],[-1.331103639,59.854018056],[-1.356808583,59.844410806]]]}},{"type":"Feature","properties":{"category":"R","category_source":"airspace_type","airspace_class":"","airspace_type":"R","local_type":"RPZ","designator":"EGR4U003C","name":"BELFAST/CITY RWY 22","source":"NATS UK ICAO AIP Dataset","airac":"2026-08-06"},"geometry":{"type":"Polygon","coordinates":[[[-5.8266056,54.6643028],[-5.813875,54.6591833],[-5.833762944,54.642593806],[-5.8725,54.61806],[-5.846490611,54.647712278],[-5.8266056,54.6643028]]]}},{"type":"Feature","properties":{"category":"R","category_source":"airspace_type","airspace_class":"","airspace_type":"R","local_type":"RPZ","designator":"EGR2U003C","name":"SHOBDON RWY 26","source":"NATS UK ICAO AIP Dataset","airac":"2026-08-06"},"geometry":{"type":"Polygon","coordinates":[[[-2.803475,52.2522667],[-2.8016167,52.2433528],[-2.826887917,52.2413845],[-2.88111,52.24167],[-2.828736,52.250299583],[-2.803475,52.2522667]]]}},{"type":"Feature","properties":{"category":"R","category_source":"airspace_type","airspace_class":"","airspace_type":"R","local_type":"RPZ","designator":"EGR1U138F","name":"CULDROSE RWY 18","source":"NATS UK ICAO AIP Dataset","airac":"2026-08-06"},"geometry":{"type":"Polygon","coordinates":[[[-5.2606667,50.1348167],[-5.2466861,50.1350556],[-5.246341583,50.12672425],[-5.2540722,50.0853972],[-5.26033425,50.126826972],[-5.2606667,50.1348167]]]}},{"type":"Feature","properties":{"category":"R","category_source":"airspace_type","airspace_class":"","airspace_type":"R","local_type":"RPZ","designator":"EGR3U011E","name":"SHERBURN-IN-ELMET RWY 24","source":"NATS UK ICAO AIP Dataset","airac":"2026-08-06"},"geometry":{"type":"Polygon","coordinates":[[[-1.1532639,53.8170139],[-1.1453167,53.8093583],[-1.168917722,53.800793861],[-1.217675,53.7842389],[-1.1756111,53.8063611],[-1.181754111,53.806673917],[-1.1532639,53.8170139]]]}},{"type":"Feature","properties":{"category":"D","category_source":"airspace_type","airspace_class":"","airspace_type":"D","local_type":"","designator":"EGD701V","name":"HEBRIDES","source":"NATS UK ICAO AIP Dataset","airac":"2026-08-06"},"geometry":{"type":"Polygon","coordinates":[[[-13.0,58.8765361],[-12.0,58.7539083],[-12.0,58.0264222],[-13.0,58.2481972],[-13.0,58.8765361]]]}},{"type":"Feature","properties":{"category":"R","category_source":"airspace_type","airspace_class":"","airspace_type":"R","local_type":"RPZ","designator":"EGR3U007C","name":"LIVERPOOL RWY 27","source":"NATS UK ICAO AIP Dataset","airac":"2026-08-06"},"geometry":{"type":"Polygon","coordinates":[[[-2.7584444,53.3423028],[-2.7572917,53.3333444],[-2.780257444,53.33230425],[-2.84972,53.33361],[-2.781401667,53.341262917],[-2.7584444,53.3423028]]]}},{"type":"Feature","properties":{"category":"R","category_source":"airspace_type","airspace_class":"","airspace_type":"R","local_type":"FRZ","designator":"EGR2U081","name":"NSA RAYNESWAY","source":"NATS UK ICAO AIP Dataset","airac":"2026-08-06"},"geometry":{"type":"Polygon","coordinates":[[[-1.4348611,52.9126806],[-1.4301972,52.9102444],[-1.4312722,52.9068111],[-1.4342806,52.9065806],[-1.4353361,52.9083778],[-1.4389833,52.9102889],[-1.4396556,52.911125],[-1.4348611,52.9126806]]]}},{"type":"Feature","properties":{"category":"D","category_source":"airspace_type","airspace_class":"","airspace_type":"D","local_type":"","designator":"EGD613B","name":"CENTRAL COMPLEX","source":"NATS UK ICAO AIP Dataset","airac":"2026-08-06"},"geometry":{"type":"Polygon","coordinates":[[[0.8140889,57.32785],[1.2068417,56.8823361],[-1.5996,56.7901639],[0.8140889,57.32785]]]}},{"type":"Feature","properties":{"category":"R","category_source":"airspace_type","airspace_class":"","airspace_type":"R","local_type":"FRZ","designator":"EGR1U089","name":"NSA GOSPORT","source":"NATS UK ICAO AIP Dataset","airac":"2026-08-06"},"geometry":{"type":"Polygon","coordinates":[[[-1.1588917,50.8391083],[-1.1488667,50.8350083],[-1.1442194,50.8272111],[-1.1419,50.8180083],[-1.1490833,50.8170528],[-1.1605278,50.8178083],[-1.1644917,50.822975],[-1.1660917,50.8310528],[-1.1588917,50.8391083]]]}},{"type":"Feature","properties":{"category":"D","category_source":"airspace_type","airspace_class":"","airspace_type":"D","local_type":"","designator":"EGD218B","name":"FAIRFORD","source":"NATS UK ICAO AIP Dataset","airac":"2026-08-06"},"geometry":{"type":"Polygon","coordinates":[[[-2.067910333,52.088321833],[-1.76084275,51.8007185],[-1.933706389,51.796964278],[-2.068674722,51.816941583],[-2.358822139,51.894865083],[-2.067910333,52.088321833]]]}},{"type":"Feature","properties":{"category":"R","category_source":"airspace_type","airspace_class":"","airspace_type":"R","local_type":"RPZ","designator":"EGR4U009C","name":"TEESSIDE INTERNATIONAL RWY 23","source":"NATS UK ICAO AIP Dataset","airac":"2026-08-06"},"geometry":{"type":"Polygon","coordinates":[[[-1.3646917,54.5498028],[-1.3542389,54.5431861],[-1.371840861,54.533808056],[-1.42944,54.50917],[-1.382280361,54.5404305],[-1.3646917,54.5498028]]]}},{"type":"Feature","properties":{"category":"R","category_source":"airspace_type","airspace_class":"","airspace_type":"R","local_type":"FRZ","designator":"EGR1U097","name":"NSA HMNB PORTSMOUTH","source":"NATS UK ICAO AIP Dataset","airac":"2026-08-06"},"geometry":{"type":"Polygon","coordinates":[[[-1.113425,50.8076222],[-1.1044028,50.8118194],[-1.091175,50.8098583],[-1.0899417,50.8081389],[-1.0890528,50.8047778],[-1.0948389,50.7999917],[-1.1049194,50.799725],[-1.1099056,50.7978056],[-1.11305,50.7977889],[-1.113425,50.8076222]]]}},{"type":"Feature","properties":{"category":"TMZ","category_source":"local_type","airspace_class":"","airspace_type":"OTHER:TMZ","local_type":"TMZ","designator":"EGTMZ029","name":"MORAY CTA 9 TMZ","source":"NATS UK ICAO AIP Dataset","airac":"2026-08-06"},"geometry":{"type":"Polygon","coordinates":[[[-6.1047778,58.2791194],[-5.0916222,57.9721722],[-5.2465111,57.8277778],[-6.261,58.1347306],[-6.1047778,58.2791194]]]}},{"type":"Feature","properties":{"category":"R","category_source":"airspace_type","airspace_class":"","airspace_type":"R","local_type":"RPZ","designator":"EGR1U007D","name":"YEOVILTON RWY 08","source":"NATS UK ICAO AIP Dataset","airac":"2026-08-06"},"geometry":{"type":"Polygon","coordinates":[[[-2.731561056,50.997126472],[-2.733277556,51.006049889],[-2.711454194,51.007735611],[-2.6454917,51.0082694],[-2.709727972,50.998812917],[-2.731561056,50.997126472]]]}},{"type":"Feature","properties":{"category":"D","category_source":"airspace_type","airspace_class":"","airspace_type":"D","local_type":"","designator":"EGD201D","name":"ABERPORTH","source":"NATS UK ICAO AIP Dataset","airac":"2026-08-06"},"geometry":{"type":"Polygon","coordinates":[[[-5.5,53.1764722],[-5.2698722,53.05],[-5.2698722,53.05],[-5.5,53.05],[-5.5,53.05],[-5.5,53.1764722]]]}},{"type":"Feature","properties":{"category":"R","category_source":"airspace_type","airspace_class":"","airspace_type":"R","local_type":"RPZ","designator":"EGR2U008F","name":"WOLVERHAMPTON/HALFPENNY GREEN RWY 10","source":"NATS UK ICAO AIP Dataset","airac":"2026-08-06"},"geometry":{"type":"Polygon","coordinates":[[[-2.341269861,52.518068333],[-2.339514056,52.526990833],[-2.312653111,52.525039167],[-2.2595472,52.5173833],[-2.314069472,52.516091972],[-2.341269861,52.518068333]]]}},{"type":"Feature","properties":{"category":"R","category_source":"airspace_type","airspace_class":"","airspace_type":"R","local_type":"RPZ","designator":"EGR3U017C","name":"SANDTOFT RWY 22","source":"NATS UK ICAO AIP Dataset","airac":"2026-08-06"},"geometry":{"type":"Polygon","coordinates":[[[-0.8082889,53.5964806],[-0.7975111,53.5901889],[-0.814152278,53.580117056],[-0.85833,53.55972],[-0.824926639,53.586409444],[-0.8082889,53.5964806]]]}},{"type":"Feature","properties":{"category":"R","category_source":"airspace_type","airspace_class":"","airspace_type":"R","local_type":"RPZ","designator":"EGR1U041B","name":"EARLS COLNE RWY 06","source":"NATS UK ICAO AIP Dataset","airac":"2026-08-06"},"geometry":{"type":"Polygon","coordinates":[[[0.6188194,51.8858889],[0.6115694,51.8936778],[0.633024917,51.901337417],[0.6825,51.91444],[0.640500806,51.893628833],[0.6188194,51.8858889]]]}},{"type":"Feature","properties":{"category":"R","category_source":"airspace_type","airspace_class":"","airspace_type":"R","local_type":"RPZ","designator":"EGR2U019B","name":"BARKSTON HEATH RWY 06","source":"NATS UK ICAO AIP Dataset","airac":"2026-08-06"},"geometry":{"type":"Polygon","coordinates":[[[-0.628551889,52.931293],[-0.636560361,52.938864917],[-0.610341333,52.949005861],[-0.5603222,52.9629833],[-0.602325194,52.941436167],[-0.628551889,52.931293]]]}},{"type":"Feature","properties":{"category":"D","category_source":"airspace_type","airspace_class":"","airspace_type":"D","local_type":"","designator":"EGD122C","name":"WESSEX EAST","source":"NATS UK ICAO AIP Dataset","airac":"2026-08-06"},"geometry":{"type":"Polygon","coordinates":[[[-1.62361,51.22639],[-1.51222,51.21],[-1.56167,51.09083],[-1.70833,51.06583],[-1.71889,51.17889],[-1.66167,51.20917],[-1.63306,51.21306],[-1.62361,51.22639]]]}},{"type":"Feature","properties":{"category":"R","category_source":"airspace_type","airspace_class":"","airspace_type":"R","local_type":"RPZ","designator":"EGR1U013J","name":"BOSCOMBE RWY 35","source":"NATS UK ICAO AIP Dataset","airac":"2026-08-06"},"geometry":{"type":"Polygon","coordinates":[[[-1.703785778,51.102163111],[-1.7176715,51.100074306],[-1.723506833,51.115458889],[-1.7510111,51.1533083],[-1.710669611,51.120325222],[-1.703785778,51.102163111]]]}},{"type":"Feature","properties":{"category":"D","category_source":"airspace_type","airspace_class":"","airspace_type":"D","local_type":"","designator":"EGD006C","name":"FALMOUTH BAY","source":"NATS UK ICAO AIP Dataset","airac":"2026-08-06"},"geometry":{"type":"Polygon","coordinates":[[[-5.084998722,49.985171167],[-5.2,49.8566667],[-5.2,49.8566667],[-5.0,49.8566667],[-5.0,49.8566667],[-4.942807417,49.946203694],[-5.084998722,49.985171167]]]}},{"type":"Feature","properties":{"category":"R","category_source":"airspace_type","airspace_class":"","airspace_type":"R","local_type":"RPZ","designator":"EGR3U020G","name":"CRANWELL RWY 26N","source":"NATS UK ICAO AIP Dataset","airac":"2026-08-06"},"geometry":{"type":"Polygon","coordinates":[[[-0.4137722,53.039175],[-0.4119667,53.0302556],[-0.423744639,53.029397139],[-0.4927528,53.0297333],[-0.425228222,53.038340028],[-0.4137722,53.039175]]]}},{"type":"Feature","properties":{"category":"R","category_source":"airspace_type","airspace_class":"","airspace_type":"R","local_type":"FRZ","designator":"EGR3U029","name":"HMP DONCASTER","source":"NATS UK ICAO AIP Dataset","airac":"2026-08-06"},"geometry":{"type":"Polygon","coordinates":[[[-1.1444389,53.5315583],[-1.1354083,53.5251083],[-1.1453639,53.5177194],[-1.1577667,53.5239944],[-1.1444389,53.5315583]]]}},{"type":"Feature","properties":{"category":"R","category_source":"airspace_type","airspace_class":"","airspace_type":"R","local_type":"FRZ","designator":"EGR3U011A","name":"SHERBURN-IN-ELMET","source":"NATS UK ICAO AIP Dataset","airac":"2026-08-06"},"geometry":{"type":"Polygon","coordinates":[[[-1.1736722149444634,53.763489094227424],[-1.1762400521731073,53.761718603881285],[-1.1790109912415005,53.760058679044434],[-1.1819714273943767,53.7585174692738],[-1.185106831938178,53.75710254128352],[-1.1884018234551208,53.75582084179548],[-1.1918402430806467,53.754678663433715],[-1.195405233479403,53.75368161383019],[-1.1990793211390423,53.752834588093585],[-1.2028445015870028,53.75214174477633],[-1.2066823271230704,53.75160648545777],[-1.2105739966499285,53.75123143804381],[-1.214500447175126,53.751018443864965],[-1.2184424465509136,53.75096854863616],[-1.2223806870132499,53.75108199732271],[-1.2262958790779688,53.75135823293762],[-1.2301688453506072,53.75179589927621],[-1.2339806138067628,53.75239284757446],[-1.2377125101020374,53.75314614705864],[-1.241346248474657,53.75405209933415],[-1.2448640208097188,53.75510625654321],[-1.248248583441695,53.75630344320196],[-1.2514833412813122,53.75763778161005],[-1.2545524288642054,53.759102720707716],[-1.257440787931802,53.76069106823885],[-1.2601342411696892,53.76239502606204],[-1.2626195617452465,53.76420622843628],[-1.2648845383045124,53.76611578309338],[-1.2669180351081177,53.76811431489538],[-1.2687100470075299,53.77019201186265],[-1.2702517489858265,53.77233867334676],[-1.2715355400116457,53.774543760111506],[-1.2725550809807702,53.77679644607626],[-1.2733053265469316,53.77908567146769],[-1.2737825506717466,53.78140019711868],[-1.273984365753129,53.78372865964812],[-1.2739097352219397,53.786059627250495],[-1.2735589795279132,53.78838165582141],[-1.2729337754678975,53.79068334514345],[-1.272037148842017,53.79295339485669],[-1.2708734604563612,53.79518065993881],[-1.2694483855240395,53.79735420542267],[-1.2677688865497725,53.79946336008254],[-1.2658431798164005,53.801497768825485],[-1.2636806956246258,53.80344744353068],[-1.2612920324697576,53.80530281208701],[-1.2586889053709993,53.80705476538825],[-1.2558840885997349,53.80869470205511],[-1.2528913530831078,53.81021457066446],[-1.249725398787781,53.811606909278595],[-1.2464017824159015,53.8128648820803],[-1.2429368407708183,53.81398231293392],[-1.2393476101737997,53.81495371570772],[-1.2356517423347515,53.815774321208536],[-1.231867417099552,53.81644010059657],[-1.2280132525139746,53.81694778516538],[-1.224108212659144,53.817294882389874],[-1.220171513725936,53.81747968816363],[-1.2162225288056157,53.81750129516534],[-1.212280691881219,53.817359597313406],[-1.2083654015086902,53.81705529028674],[-1.204495924678522,53.81658986810926],[-1.2006913013476475,53.81596561581489],[-1.1969702501275348,53.815185598228894],[-1.1933510756079604,53.81425364492089],[-1.1898515777867316,53.81317433140319],[-1.1864889640638518,53.811952956666886],[-1.183279764244296,53.810595517166],[-1.18023974897683,53.80910867737725],[-1.1756111,53.8063611],[-1.2527639,53.8102667],[-1.1736722149444634,53.763489094227424]]]}},{"type":"Feature","properties":{"category":"D","category_source":"airspace_type","airspace_class":"","airspace_type":"D","local_type":"","designator":"EGD117","name":"PENDINE","source":"NATS UK ICAO AIP Dataset","airac":"2026-08-06"},"geometry":{"type":"Polygon","coordinates":[[[-4.4,51.58611],[-4.63111,51.60806],[-4.62861,51.66611],[-4.55,51.75417],[-4.42139,51.75667],[-4.4,51.74583],[-4.4,51.58611]]]}},{"type":"Feature","properties":{"category":"R","category_source":"airspace_type","airspace_class":"","airspace_type":"R","local_type":"RPZ","designator":"EGR2U031E","name":"OLD BUCKENHAM RWY 25","source":"NATS UK ICAO AIP Dataset","airac":"2026-08-06"},"geometry":{"type":"Polygon","coordinates":[[[1.1207472,52.5223556],[1.12705,52.5142333],[1.104033639,52.507603417],[1.0520222,52.497575],[1.097745056,52.515729667],[1.1207472,52.5223556]]]}},{"type":"Feature","properties":{"category":"R","category_source":"airspace_type","airspace_class":"","airspace_type":"R","local_type":"FRZ","designator":"EGR1U137","name":"HMP THE VERNE","source":"NATS UK ICAO AIP Dataset","airac":"2026-08-06"},"geometry":{"type":"Polygon","coordinates":[[[-2.4375472,50.5662944],[-2.4293056,50.5659889],[-2.4245556,50.5591222],[-2.4366028,50.5555278],[-2.4380889,50.5572861],[-2.4445306,50.5574806],[-2.4433861,50.5640556],[-2.4375472,50.5662944]]]}},{"type":"Feature","properties":{"category":"D","category_source":"airspace_type","airspace_class":"","airspace_type":"D","local_type":"","designator":"EGD017","name":"PORTLAND","source":"NATS UK ICAO AIP Dataset","airac":"2026-08-06"},"geometry":{"type":"Polygon","coordinates":[[[-2.75,50.56667],[-2.5,50.49194],[-2.5,50.03333],[-2.5,50.03333],[-2.75,50.03333],[-2.75,50.03333],[-2.75,50.56667]]]}},{"type":"Feature","properties":{"category":"R","category_source":"airspace_type","airspace_class":"","airspace_type":"R","local_type":"RPZ","designator":"EGR2U028B","name":"MARHAM RWY 01","source":"NATS UK ICAO AIP Dataset","airac":"2026-08-06"},"geometry":{"type":"Polygon","coordinates":[[[0.5520111,52.5939194],[0.5374194,52.5952556],[0.540365722,52.607190917],[0.55056,52.64833],[0.555200833,52.606822417],[0.5520111,52.5939194]]]}},{"type":"Feature","properties":{"category":"R","category_source":"airspace_type","airspace_class":"","airspace_type":"R","local_type":"RPZ","designator":"EGR6U004C","name":"OBAN RWY 19","source":"NATS UK ICAO AIP Dataset","airac":"2026-08-06"},"geometry":{"type":"Polygon","coordinates":[[[-5.3993667,56.5127111],[-5.3832,56.5118361],[-5.3859895,56.496085639],[-5.3998639,56.4637194],[-5.402149528,56.496959722],[-5.3993667,56.5127111]]]}},{"type":"Feature","properties":{"category":"R","category_source":"airspace_type","airspace_class":"","airspace_type":"R","local_type":"FRZ","designator":"EGR4U016","name":"HMP HOLME HOUSE","source":"NATS UK ICAO AIP Dataset","airac":"2026-08-06"},"geometry":{"type":"Polygon","coordinates":[[[-1.2967611,54.5833139],[-1.2874806,54.58325],[-1.2827389,54.5759472],[-1.2882556,54.5729056],[-1.2966056,54.5729222],[-1.3024944,54.5763806],[-1.302475,54.5800361],[-1.2967611,54.5833139]]]}},{"type":"Feature","properties":{"category":"R","category_source":"airspace_type","airspace_class":"","airspace_type":"R","local_type":"RPZ","designator":"EGR3U020C","name":"CRANWELL RWY 19","source":"NATS UK ICAO AIP Dataset","airac":"2026-08-06"},"geometry":{"type":"Polygon","coordinates":[[[-0.4790694,53.0791639],[-0.4643,53.0778833],[-0.466609861,53.068239472],[-0.4927528,53.0297333],[-0.481084639,53.070738972],[-0.4790694,53.0791639]]]}},{"type":"Feature","properties":{"category":"R","category_source":"airspace_type","airspace_class":"","airspace_type":"R","local_type":"FRZ","designator":"EGR1U074","name":"HMP USK","source":"NATS UK ICAO AIP Dataset","airac":"2026-08-06"},"geometry":{"type":"Polygon","coordinates":[[[-2.8964611,51.7049333],[-2.8909361,51.6980722],[-2.9031472,51.6940389],[-2.909075,51.7013417],[-2.8964611,51.7049333]]]}},{"type":"Feature","properties":{"category":"R","category_source":"airspace_type","airspace_class":"","airspace_type":"R","local_type":"RPZ","designator":"EGR7U003D","name":"INVERNESS RWY 11","source":"NATS UK ICAO AIP Dataset","airac":"2026-08-06"},"geometry":{"type":"Polygon","coordinates":[[[-4.1413694,57.5554417],[-4.1357639,57.5639],[-4.117347889,57.5603885],[-4.0475444,57.5424944],[-4.122858861,57.551912278],[-4.1413694,57.5554417]]]}},{"type":"Feature","properties":{"category":"D","category_source":"airspace_type","airspace_class":"","airspace_type":"D","local_type":"","designator":"EGD123","name":"IMBER","source":"NATS UK ICAO AIP Dataset","airac":"2026-08-06"},"geometry":{"type":"Polygon","coordinates":[[[-2.01861,51.29],[-1.96278,51.2275],[-1.95139,51.23],[-1.89028,51.17306],[-1.95056,51.16833],[-2.12028,51.185],[-2.19694,51.22472],[-2.16083,51.25444],[-2.05333,51.28472],[-2.01861,51.29]]]}},{"type":"Feature","properties":{"category":"R","category_source":"airspace_type","airspace_class":"","airspace_type":"R","local_type":"RPZ","designator":"EGR1U007C","name":"YEOVILTON RWY 22","source":"NATS UK ICAO AIP Dataset","airac":"2026-08-06"},"geometry":{"type":"Polygon","coordinates":[[[-2.594347222,51.052743389],[-2.582964222,51.047328611],[-2.596425833,51.036098611],[-2.6454917,51.0082694],[-2.607086389,51.042114111],[-2.594347222,51.052743389]]]}},{"type":"Feature","properties":{"category":"R","category_source":"airspace_type","airspace_class":"","airspace_type":"R","local_type":"RPZ","designator":"EGR1U001B","name":"HAVERFORDWEST RWY 03","source":"NATS UK ICAO AIP Dataset","airac":"2026-08-06"},"geometry":{"type":"Polygon","coordinates":[[[-4.9943083,51.7878444],[-5.0068972,51.7922972],[-4.993502694,51.806878444],[-4.9608472,51.8333111],[-4.980906333,51.802429222],[-4.9943083,51.7878444]]]}},{"type":"Feature","properties":{"category":"R","category_source":"airspace_type","airspace_class":"","airspace_type":"R","local_type":"FRZ","designator":"EGR2U074","name":"NSA KINETON","source":"NATS UK ICAO AIP Dataset","airac":"2026-08-06"},"geometry":{"type":"Polygon","coordinates":[[[-1.4731667,52.1631111],[-1.4488972,52.1702361],[-1.4344806,52.1588139],[-1.4432167,52.1448694],[-1.4698167,52.1271],[-1.5060028,52.1374306],[-1.4952056,52.1493056],[-1.4731667,52.1631111]]]}},{"type":"Feature","properties":{"category":"D","category_source":"airspace_type","airspace_class":"","airspace_type":"D","local_type":"","designator":"EGD802","name":"CAPE WRATH (SOUTH EAST)","source":"NATS UK ICAO AIP Dataset","airac":"2026-08-06"},"geometry":{"type":"Polygon","coordinates":[[[-4.5,58.75],[-4.5,58.57639],[-4.79111,58.53333],[-5.0,58.53333],[-5.0,58.53333],[-5.0,58.75],[-5.0,58.75],[-4.5,58.75]]]}},{"type":"Feature","properties":{"category":"D","category_source":"airspace_type","airspace_class":"","airspace_type":"D","local_type":"","designator":"EGD809S","name":"MORAY FIRTH (SOUTH)","source":"NATS UK ICAO AIP Dataset","airac":"2026-08-06"},"geometry":{"type":"Polygon","coordinates":[[[-2.68,58.43333],[-1.84694,58.43333],[-1.84694,58.43333],[-1.97778,57.83333],[-1.97778,57.83333],[-2.40417,57.83333],[-2.40417,57.83333],[-2.72917,58.275],[-2.68,58.43333]]]}},{"type":"Feature","properties":{"category":"D","category_source":"airspace_type","airspace_class":"","airspace_type":"D","local_type":"","designator":"EGD701P","name":"HEBRIDES","source":"NATS UK ICAO AIP Dataset","airac":"2026-08-06"},"geometry":{"type":"Polygon","coordinates":[[[-12.0,57.3568694],[-10.6883611,56.8439194],[-10.0,56.7633694],[-10.0,56.4417389],[-12.0,57.0],[-12.0,57.3568694]]]}},{"type":"Feature","properties":{"category":"D","category_source":"airspace_type","airspace_class":"","airspace_type":"D","local_type":"","designator":"EGD005B","name":"PREDANNACK CORRIDOR","source":"NATS UK ICAO AIP Dataset","airac":"2026-08-06"},"geometry":{"type":"Polygon","coordinates":[[[-5.289377472,50.035459639],[-5.3783333,49.9716667],[-5.2,49.8566667],[-5.124329944,49.94131175],[-5.1732655,49.969289],[-5.2317694,50.0020333],[-5.289377472,50.035459639]]]}},{"type":"Feature","properties":{"category":"RMZ","category_source":"local_type","airspace_class":"","airspace_type":"RAS","local_type":"RMZ","designator":"EGNR004","name":"HAWARDEN RMZ 3","source":"NATS UK ICAO AIP Dataset","airac":"2026-08-06"},"geometry":{"type":"Polygon","coordinates":[[[-2.9556278,53.0665528],[-3.051525,53.0],[-3.051525,53.0],[-3.1197667,53.0],[-3.1197667,53.0],[-3.1972167,53.0558333],[-3.2075444,53.14575],[-2.9556278,53.0665528]]]}},{"type":"Feature","properties":{"category":"R","category_source":"airspace_type","airspace_class":"","airspace_type":"R","local_type":"RPZ","designator":"EGR4U010E","name":"TOPCLIFFE RWY 31","source":"NATS UK ICAO AIP Dataset","airac":"2026-08-06"},"geometry":{"type":"Polygon","coordinates":[[[-1.310591944,54.181474611],[-1.319570333,54.174196389],[-1.340122,54.182934472],[-1.3816278,54.2056278],[-1.331278778,54.190270944],[-1.310591944,54.181474611]]]}},{"type":"Feature","properties":{"category":"R","category_source":"airspace_type","airspace_class":"","airspace_type":"R","local_type":"RPZ","designator":"EGR3U009G","name":"MANCHESTER BARTON RWY 26L","source":"NATS UK ICAO AIP Dataset","airac":"2026-08-06"},"geometry":{"type":"Polygon","coordinates":[[[-2.3112611,53.4819472],[-2.3093833,53.4730333],[-2.333939972,53.47120875],[-2.3897167,53.4715722],[-2.335803778,53.480123611],[-2.3112611,53.4819472]]]}},{"type":"Feature","properties":{"category":"R","category_source":"airspace_type","airspace_class":"","airspace_type":"R","local_type":"RPZ","designator":"EGR2U011F","name":"DERBY RWY 17","source":"NATS UK ICAO AIP Dataset","airac":"2026-08-06"},"geometry":{"type":"Polygon","coordinates":[[[-1.63679225,52.906184194],[-1.622100639,52.907544444],[-1.618416722,52.893001833],[-1.6175,52.85972],[-1.633102917,52.891639667],[-1.63679225,52.906184194]]]}},{"type":"Feature","properties":{"category":"R","category_source":"airspace_type","airspace_class":"","airspace_type":"R","local_type":"FRZ","designator":"EGR1U057","name":"HMP CHELMSFORD","source":"NATS UK ICAO AIP Dataset","airac":"2026-08-06"},"geometry":{"type":"Polygon","coordinates":[[[0.4828417,51.7420111],[0.4958222,51.7377778],[0.4965583,51.7330944],[0.4934583,51.7308778],[0.4857611,51.7312444],[0.4758444,51.7345722],[0.4828417,51.7420111]]]}},{"type":"Feature","properties":{"category":"ATZ","category_source":"local_type","airspace_class":"","airspace_type":"RAS","local_type":"ATZ","designator":"EGDY001","name":"YEOVILTON ATZ","source":"NATS UK ICAO AIP Dataset","airac":"2026-08-06"},"geometry":{"type":"Polygon","coordinates":[[[-2.7039093348505445,50.98883541581429],[-2.7015919192519715,50.98629900185718],[-2.698997434275368,50.98387125013597],[-2.6961387350173704,50.98156416794015],[-2.6930299751055937,50.979389165746134],[-2.6896865364050906,50.97735700078281],[-2.686124952818191,50.975477723827915],[-2.682362828556909,50.97376062949844],[-2.6784187512911117,50.97221421028086],[-2.6743122005976505,50.970846114528605],[-2.6700634521556847,50.96966310863445],[-2.665693478151379,50.968671043564996],[-2.6612238443710323,50.96787482592264],[-2.6566766044754915,50.96727839367834],[-2.6520741919603386,50.966884696694926],[-2.64743931031588,50.9666956821376],[-2.6427948219083306,50.96671228484351],[-2.6381636361088154,50.9669344226982],[-2.6335685971998775,50.96736099704176],[-2.6290323725900833,50.96798989810258],[-2.6245773418660656,50.96881801543201],[-2.6202254872079274,50.96984125328812],[-2.6159982856883595,50.97105455089267],[-2.6119166039681,50.972451907460865],[-2.6080005958905006,50.974026411880416],[-2.6042696034659594,50.97577027689277],[-2.600742061722861,50.97767487760773],[-2.597435407885452,50.979730794160865],[-2.5943659953207816,50.9819278583027],[-2.5915490126764955,50.9842552036893],[-2.5889984086089326,50.986701319625624],[-2.5867268224766593,50.989254107995585],[-2.584745521348369,50.991900943097534],[-2.583064343646022,50.99462873408904],[-2.5816916497142706,50.99742398973219],[-2.580634279575738,51.000272885119216],[-2.579897518098641,51.00316133004835],[-2.5794850677687173,51.00607503871183],[-2.5793990292215514,51.00899960035132],[-2.5796398896543598,51.01192055053132],[-2.5802065191981796,51.014823442678065],[-2.5810961752924713,51.01769391953005],[-2.5823045150644997,51.02051778414689],[-2.5838256156757398,51.02328107012518],[-2.5856520025571395,51.02597011067423],[-2.587774685414624,51.028571606209916],[-2.590183201845909,51.03107269013237],[-2.5928656683698055,51.033460992462246],[-2.5958088386299463,51.03572470102074],[-2.5989981684964847,51.03785261985084],[-2.602417887752098,51.039834224590784],[-2.6060510780127717,51.04165971452598],[-2.6098797564996095,51.04332006106182],[-2.613884965245545,51.044807052377756],[-2.6180468652905597,51.046113334041706],[-2.6223448353910332,51.047232445383926],[-2.626757574743389,51.04815885145053],[-2.6312632091994543,51.0488879703785],[-2.635839400431053,51.04941619605692],[-2.6404634574844987,51.04974091596218],[-2.6451124501519505,51.04986052407921],[-2.6497633235761415,51.049774428844515],[-2.654393013497892,51.04948305607198],[-2.658978561552113,51.04898784684687],[-2.6634972300177227,51.04829125039843],[-2.6679266154300483,51.047396711986366],[-2.672244760470844,51.04630865586115],[-2.6764302635609525,51.04503246338229],[-2.680462385593827,51.04357444640302],[-2.684321153264478,51.04194181605278],[-2.68798745846782,51.04014264707209],[-2.6914431532626777,51.03818583787613],[-2.694671139922767,51.03608106654452],[-2.697655455623517,51.03383874295502],[-2.7003813513435277,51.03146995729786],[-2.702835364591515,51.028986425225355],[-2.7050053856035063,51.02640042990809],[-2.7068807166906783,51.0237247612842],[-2.7084521244552455,51.020972652802314],[-2.709711884629999,51.01815771597094],[-2.629821528,50.967843],[-2.676291333,50.971469361],[-2.7039093348505445,50.98883541581429]]]}},{"type":"Feature","properties":{"category":"D","category_source":"airspace_type","airspace_class":"","airspace_type":"D","local_type":"","designator":"EGD217B","name":"LLANBEDR","source":"NATS UK ICAO AIP Dataset","airac":"2026-08-06"},"geometry":{"type":"Polygon","coordinates":[[[-4.1630889,52.8850806],[-4.1608972,52.8409833],[-4.1271361,52.8047444],[-4.086225,52.7713306],[-4.08405,52.7257194],[-4.1271361,52.8047444],[-4.1630889,52.8850806]]]}},{"type":"Feature","properties":{"category":"D","category_source":"airspace_type","airspace_class":"","airspace_type":"D","local_type":"","designator":"EGD713","name":"FAST JET AREA SOUTH","source":"NATS UK ICAO AIP Dataset","airac":"2026-08-06"},"geometry":{"type":"Polygon","coordinates":[[[-6.8666667,57.9833333],[-6.1666667,57.7666667],[-5.3666667,56.5833333],[-6.5,56.1],[-6.9,56.1666667],[-8.25,56.7],[-8.25,57.8333333],[-6.8666667,57.9833333]]]}},{"type":"Feature","properties":{"category":"R","category_source":"airspace_type","airspace_class":"","airspace_type":"R","local_type":"FRZ","designator":"EGR2U055","name":"HMP STOCKEN","source":"NATS UK ICAO AIP Dataset","airac":"2026-08-06"},"geometry":{"type":"Polygon","coordinates":[[[-0.5802056,52.7534361],[-0.570525,52.7535111],[-0.5675139,52.74725],[-0.5750556,52.7427917],[-0.5816472,52.7414028],[-0.5872194,52.7445278],[-0.5882806,52.7468639],[-0.5877778,52.75105],[-0.5802056,52.7534361]]]}},{"type":"Feature","properties":{"category":"R","category_source":"airspace_type","airspace_class":"","airspace_type":"R","local_type":"RPZ","designator":"EGR3U024C","name":"MONA RWY 22","source":"NATS UK ICAO AIP Dataset","airac":"2026-08-06"},"geometry":{"type":"Polygon","coordinates":[[[-4.3271375,53.303563722],[-4.315205667,53.298118889],[-4.334703111,53.282803806],[-4.3740111,53.2593],[-4.34662625,53.288252139],[-4.3271375,53.303563722]]]}},{"type":"Feature","properties":{"category":"R","category_source":"airspace_type","airspace_class":"","airspace_type":"R","local_type":"RPZ","designator":"EGR3U016U","name":"SYERSTON RWY 33R","source":"NATS UK ICAO AIP Dataset","airac":"2026-08-06"},"geometry":{"type":"Polygon","coordinates":[[[-0.8583611,52.9825083],[-0.8713417,52.9781083],[-0.885995194,52.993870917],[-0.91167,53.02333],[-0.873800806,52.999121361],[-0.8583611,52.9825083]]]}},{"type":"Feature","properties":{"category":"R","category_source":"airspace_type","airspace_class":"","airspace_type":"R","local_type":"RPZ","designator":"EGR3U008D","name":"MANCHESTER RWY 05R","source":"NATS UK ICAO AIP Dataset","airac":"2026-08-06"},"geometry":{"type":"Polygon","coordinates":[[[-2.3642722,53.3002167],[-2.3736972,53.3072056],[-2.329951889,53.328411028],[-2.274950972,53.353748944],[-2.319485389,53.321923361],[-2.3642722,53.3002167]]]}},{"type":"Feature","properties":{"category":"D","category_source":"airspace_type","airspace_class":"","airspace_type":"D","local_type":"","designator":"EGD126","name":"BULFORD","source":"NATS UK ICAO AIP Dataset","airac":"2026-08-06"},"geometry":{"type":"Polygon","coordinates":[[[-1.62944,51.2725],[-1.60167,51.25694],[-1.63306,51.21306],[-1.66167,51.20917],[-1.71889,51.17889],[-1.77806,51.18306],[-1.79972,51.23083],[-1.75111,51.15333],[-1.70694,51.23167],[-1.62944,51.2725]]]}},{"type":"Feature","properties":{"category":"R","category_source":"airspace_type","airspace_class":"","airspace_type":"R","local_type":"FRZ","designator":"EGR5U011","name":"NSA BEITH","source":"NATS UK ICAO AIP Dataset","airac":"2026-08-06"},"geometry":{"type":"Polygon","coordinates":[[[-4.6342611,55.738325],[-4.6273139,55.739175],[-4.6056194,55.7296111],[-4.6092083,55.7233861],[-4.6350611,55.7079472],[-4.6497056,55.7236722],[-4.6342611,55.738325]]]}},{"type":"Feature","properties":{"category":"R","category_source":"airspace_type","airspace_class":"","airspace_type":"R","local_type":"RPZ","designator":"EGR2U019E","name":"BARKSTON HEATH RWY 28","source":"NATS UK ICAO AIP Dataset","airac":"2026-08-06"},"geometry":{"type":"Polygon","coordinates":[[[-0.4816833,52.9526333],[-0.4849028,52.9438611],[-0.51157775,52.947451111],[-0.5603222,52.9629833],[-0.506442278,52.955965806],[-0.4816833,52.9526333]]]}},{"type":"Feature","properties":{"category":"ATZ","category_source":"local_type","airspace_class":"","airspace_type":"RAS","local_type":"ATZ","designator":"EGLF012","name":"FARNBOROUGH ATZ","source":"NATS UK ICAO AIP Dataset","airac":"2026-08-06"},"geometry":{"type":"Polygon","coordinates":[[[-0.8316222,51.2993667],[-0.8219556,51.3003611],[-0.8080278,51.3015972],[-0.7897028,51.3033833],[-0.7846028,51.3046389],[-0.7641028,51.3140444],[-0.7601444,51.3154472],[-0.7775,51.27528],[-0.8316222,51.2993667]]]}},{"type":"Feature","properties":{"category":"D","category_source":"airspace_type","airspace_class":"","airspace_type":"D","local_type":"","designator":"EGD809N","name":"MORAY FIRTH (NORTH)","source":"NATS UK ICAO AIP Dataset","airac":"2026-08-06"},"geometry":{"type":"Polygon","coordinates":[[[-1.85833,59.38333],[-1.7,59.38333],[-1.7,59.38333],[-1.7,59.08333],[-1.75722,58.83333],[-1.75722,58.83333],[-2.55389,58.83333],[-2.55389,58.83333],[-2.51111,58.96667],[-1.85833,59.38333]]]}},{"type":"Feature","properties":{"category":"R","category_source":"airspace_type","airspace_class":"","airspace_type":"R","local_type":"RPZ","designator":"EGR2U025B","name":"DUXFORD RWY 06L","source":"NATS UK ICAO AIP Dataset","airac":"2026-08-06"},"geometry":{"type":"Polygon","coordinates":[[[0.0662028,52.0616639],[0.0584833,52.0692889],[0.081364306,52.078108361],[0.1315028,52.0905194],[0.088590861,52.070292556],[0.0662028,52.0616639]]]}},{"type":"Feature","properties":{"category":"R","category_source":"airspace_type","airspace_class":"","airspace_type":"R","local_type":"FRZ","designator":"EGR1U099","name":"NSA HMS EXCELLENT (WHALE ISLAND)","source":"NATS UK ICAO AIP Dataset","airac":"2026-08-06"},"geometry":{"type":"Polygon","coordinates":[[[-1.0994139,50.8190167],[-1.0981694,50.8203722],[-1.0960278,50.8206722],[-1.0940778,50.8192306],[-1.092475,50.8150833],[-1.0949694,50.8128111],[-1.1011083,50.8125056],[-1.1020611,50.8135778],[-1.0994139,50.8190167]]]}},{"type":"Feature","properties":{"category":"R","category_source":"airspace_type","airspace_class":"","airspace_type":"R","local_type":"FRZ","designator":"EGR1U087","name":"NSA HMNB DEVONPORT (AREA 1)","source":"NATS UK ICAO AIP Dataset","airac":"2026-08-06"},"geometry":{"type":"Polygon","coordinates":[[[-4.2065194,50.3984361],[-4.2025056,50.4032056],[-4.1847667,50.3997222],[-4.1758694,50.3937],[-4.182875,50.380025],[-4.1856694,50.3794472],[-4.2065194,50.3984361]]]}},{"type":"Feature","properties":{"category":"R","category_source":"airspace_type","airspace_class":"","airspace_type":"R","local_type":"RPZ","designator":"EGR5U005C","name":"GLASGOW RWY 23","source":"NATS UK ICAO AIP Dataset","airac":"2026-08-06"},"geometry":{"type":"Polygon","coordinates":[[[-4.3693778,55.9122694],[-4.35835,55.9057639],[-4.374853278,55.896956167],[-4.4336611,55.8717222],[-4.385867194,55.903467722],[-4.3693778,55.9122694]]]}},{"type":"Feature","properties":{"category":"R","category_source":"airspace_type","airspace_class":"","airspace_type":"R","local_type":"RPZ","designator":"EGR1U033D","name":"REDHILL RWY 07R","source":"NATS UK ICAO AIP Dataset","airac":"2026-08-06"},"geometry":{"type":"Polygon","coordinates":[[[-0.2119306,51.1962361],[-0.2157278,51.2049028],[-0.191204639,51.20915625],[-0.1386694,51.2135861],[-0.187399111,51.200491028],[-0.2119306,51.1962361]]]}},{"type":"Feature","properties":{"category":"R","category_source":"airspace_type","airspace_class":"","airspace_type":"R","local_type":"RPZ","designator":"EGR2U009B","name":"TATENHILL RWY 08","source":"NATS UK ICAO AIP Dataset","airac":"2026-08-06"},"geometry":{"type":"Polygon","coordinates":[[[-1.8422167,52.7956139],[-1.8463806,52.8042361],[-1.819025611,52.809104917],[-1.7647083,52.8140694],[-1.814851417,52.800484361],[-1.8422167,52.7956139]]]}},{"type":"Feature","properties":{"category":"R","category_source":"airspace_type","airspace_class":"","airspace_type":"R","local_type":"RPZ","designator":"EGR1U038B","name":"ANDREWSFIELD RWY 09L","source":"NATS UK ICAO AIP Dataset","airac":"2026-08-06"},"geometry":{"type":"Polygon","coordinates":[[[0.3730889,51.8864028],[0.3718528,51.8953583],[0.395422278,51.896618333],[0.44917,51.895],[0.396686556,51.88766425],[0.3730889,51.8864028]]]}},{"type":"Feature","properties":{"category":"R","category_source":"airspace_type","airspace_class":"","airspace_type":"R","local_type":"FRZ","designator":"EGR1U103","name":"NSA ABBEY WOOD","source":"NATS UK ICAO AIP Dataset","airac":"2026-08-06"},"geometry":{"type":"Polygon","coordinates":[[[-2.5530194,51.5107389],[-2.5508278,51.5108833],[-2.5506472,51.5097889],[-2.5528,51.5089444],[-2.5555167,51.5067111],[-2.5497861,51.5047361],[-2.5551333,51.5018444],[-2.5641083,51.4990222],[-2.566,51.5010139],[-2.5620944,51.5054611],[-2.5530194,51.5107389]]]}},{"type":"Feature","properties":{"category":"R","category_source":"airspace_type","airspace_class":"","airspace_type":"R","local_type":"RPZ","designator":"EGR2U006C","name":"TERNHILL RWY 22","source":"NATS UK ICAO AIP Dataset","airac":"2026-08-06"},"geometry":{"type":"Polygon","coordinates":[[[-2.483760722,52.911908472],[-2.472780611,52.905851861],[-2.489949611,52.894489278],[-2.5321917,52.8731611],[-2.500922194,52.900549],[-2.483760722,52.911908472]]]}},{"type":"Feature","properties":{"category":"R","category_source":"airspace_type","airspace_class":"","airspace_type":"R","local_type":"FRZ","designator":"EGR1U075","name":"HMP WANDSWORTH","source":"NATS UK ICAO AIP Dataset","airac":"2026-08-06"},"geometry":{"type":"Polygon","coordinates":[[[-0.1751111,51.4561361],[-0.1683917,51.4481389],[-0.1783528,51.4432167],[-0.1864583,51.4496],[-0.1822139,51.4539194],[-0.1751111,51.4561361]]]}},{"type":"Feature","properties":{"category":"R","category_source":"airspace_type","airspace_class":"","airspace_type":"R","local_type":"RPZ","designator":"EGR1U016C","name":"MIDDLE WALLOP RWY 26","source":"NATS UK ICAO AIP Dataset","airac":"2026-08-06"},"geometry":{"type":"Polygon","coordinates":[[[-1.490111278,51.15600175],[-1.488590472,51.147064111],[-1.520122722,51.144958778],[-1.5726722,51.1409833],[-1.52378725,51.153753],[-1.490111278,51.15600175]]]}},{"type":"Feature","properties":{"category":"R","category_source":"airspace_type","airspace_class":"","airspace_type":"R","local_type":"RPZ","designator":"EGR2U019G","name":"BARKSTON HEATH RWY 36","source":"NATS UK ICAO AIP Dataset","airac":"2026-08-06"},"geometry":{"type":"Polygon","coordinates":[[[-0.54540575,52.913608333],[-0.560259472,52.913256306],[-0.561328306,52.929705056],[-0.5603222,52.9629833],[-0.5465145,52.930761389],[-0.54540575,52.913608333]]]}},{"type":"Feature","properties":{"category":"D","category_source":"airspace_type","airspace_class":"","airspace_type":"D","local_type":"","designator":"EGD013","name":"LYME BAY","source":"NATS UK ICAO AIP Dataset","airac":"2026-08-06"},"geometry":{"type":"Polygon","coordinates":[[[-2.75,50.56667],[-2.75,50.03333],[-2.75,50.03333],[-2.96667,50.03333],[-2.96667,50.03333],[-3.075,50.13333],[-3.29167,50.41667],[-3.29167,50.5],[-3.08333,50.56667],[-3.08333,50.56667],[-2.75,50.56667]]]}},{"type":"Feature","properties":{"category":"D","category_source":"airspace_type","airspace_class":"","airspace_type":"D","local_type":"","designator":"EGD040","name":"PORTSMOUTH","source":"NATS UK ICAO AIP Dataset","airac":"2026-08-06"},"geometry":{"type":"Polygon","coordinates":[[[-0.53333,50.49667],[-0.25306,50.22972],[-0.53194,50.0],[-0.53194,50.0],[-0.53333,50.0],[-0.53333,50.0],[-0.53333,50.49667]]]}},{"type":"Feature","properties":{"category":"R","category_source":"airspace_type","airspace_class":"","airspace_type":"R","local_type":"RPZ","designator":"EGR2U015D","name":"NOTTINGHAM RWY 09","source":"NATS UK ICAO AIP Dataset","airac":"2026-08-06"},"geometry":{"type":"Polygon","coordinates":[[[-1.1592722,52.9143111],[-1.1598417,52.9232917],[-1.134839556,52.923887056],[-1.08,52.92083],[-1.134186806,52.914908917],[-1.1592722,52.9143111]]]}},{"type":"Feature","properties":{"category":"R","category_source":"airspace_type","airspace_class":"","airspace_type":"R","local_type":"RPZ","designator":"EGR3U005B","name":"HAWARDEN RWY 04","source":"NATS UK ICAO AIP Dataset","airac":"2026-08-06"},"geometry":{"type":"Polygon","coordinates":[[[-3.028075,53.136375],[-3.0393528,53.1422694],[-3.028533889,53.149764694],[-2.97778,53.17806],[-3.017244361,53.143876889],[-3.028075,53.136375]]]}},{"type":"Feature","properties":{"category":"R","category_source":"airspace_type","airspace_class":"","airspace_type":"R","local_type":"RPZ","designator":"EGR2U011C","name":"DERBY RWY 23","source":"NATS UK ICAO AIP Dataset","airac":"2026-08-06"},"geometry":{"type":"Polygon","coordinates":[[[-1.565348389,52.893300611],[-1.5553245,52.886668],[-1.571342,52.877824194],[-1.6175,52.85972],[-1.581031361,52.884640444],[-1.565348389,52.893300611]]]}},{"type":"Feature","properties":{"category":"R","category_source":"airspace_type","airspace_class":"","airspace_type":"R","local_type":"FRZ","designator":"EGR3U044","name":"HMP PRESTON","source":"NATS UK ICAO AIP Dataset","airac":"2026-08-06"},"geometry":{"type":"Polygon","coordinates":[[[-2.6846,53.7683556],[-2.6785833,53.760175],[-2.6900667,53.7569972],[-2.6968778,53.7606694],[-2.6940861,53.7653889],[-2.6846,53.7683556]]]}},{"type":"Feature","properties":{"category":"R","category_source":"airspace_type","airspace_class":"","airspace_type":"R","local_type":"RPZ","designator":"EGR5U001C","name":"LONDONDERRY/EGLINTON RWY 26","source":"NATS UK ICAO AIP Dataset","airac":"2026-08-06"},"geometry":{"type":"Polygon","coordinates":[[[-7.0746278,55.0625417],[-7.0700833,55.0539444],[-7.090725944,55.050365944],[-7.16194,55.04278],[-7.095219417,55.058971778],[-7.0746278,55.0625417]]]}},{"type":"Feature","properties":{"category":"R","category_source":"airspace_type","airspace_class":"","airspace_type":"R","local_type":"RPZ","designator":"EGR2U028D","name":"MARHAM RWY 05","source":"NATS UK ICAO AIP Dataset","airac":"2026-08-06"},"geometry":{"type":"Polygon","coordinates":[[[0.476925,52.6119889],[0.46855,52.6193889],[0.490378889,52.6285605],[0.55056,52.64833],[0.498762417,52.6211635],[0.476925,52.6119889]]]}},{"type":"Feature","properties":{"category":"R","category_source":"airspace_type","airspace_class":"","airspace_type":"R","local_type":"RPZ","designator":"EGR6U001E","name":"TIREE RWY 29","source":"NATS UK ICAO AIP Dataset","airac":"2026-08-06"},"geometry":{"type":"Polygon","coordinates":[[[-6.7867861,56.4911139],[-6.79155,56.4825278],[-6.813709611,56.486305889],[-6.86917,56.49917],[-6.80950325,56.494987139],[-6.7867861,56.4911139]]]}},{"type":"Feature","properties":{"category":"D","category_source":"airspace_type","airspace_class":"","airspace_type":"D","local_type":"","designator":"EGD201G","name":"ABERPORTH","source":"NATS UK ICAO AIP Dataset","airac":"2026-08-06"},"geometry":{"type":"Polygon","coordinates":[[[-5.5,52.73806],[-5.36340167,52.57403361],[-5.36414556,52.33680583],[-5.27116944,52.21853611],[-5.13935,52.16673889],[-5.378770972,52.210060722],[-5.5,52.333333333],[-5.5,52.73806]]]}},{"type":"Feature","properties":{"category":"R","category_source":"airspace_type","airspace_class":"","airspace_type":"R","local_type":"RPZ","designator":"EGR3U006B","name":"WARTON RWY 07","source":"NATS UK ICAO AIP Dataset","airac":"2026-08-06"},"geometry":{"type":"Polygon","coordinates":[[[-2.9695861,53.7228194],[-2.974475,53.7313222],[-2.951898694,53.735905139],[-2.8834361,53.745025],[-2.946994139,53.72740525],[-2.9695861,53.7228194]]]}},{"type":"Feature","properties":{"category":"D","category_source":"airspace_type","airspace_class":"","airspace_type":"D","local_type":"","designator":"EGD201B","name":"ABERPORTH","source":"NATS UK ICAO AIP Dataset","airac":"2026-08-06"},"geometry":{"type":"Polygon","coordinates":[[[-5.5,53.05],[-5.5,53.25],[-5.17139,53.3875],[-5.0,53.38194],[-5.0,53.2],[-4.88861,53.12083],[-4.88861,53.05],[-4.88861,53.05],[-5.5,53.05]]]}},{"type":"Feature","properties":{"category":"R","category_source":"airspace_type","airspace_class":"","airspace_type":"R","local_type":"RPZ","designator":"EGR3U023B","name":"CONINGSBY RWY 07","source":"NATS UK ICAO AIP Dataset","airac":"2026-08-06"},"geometry":{"type":"Polygon","coordinates":[[[-0.254194667,53.071103639],[-0.258825167,53.079645694],[-0.233770278,53.084589389],[-0.16611,53.09306],[-0.229167333,53.076041833],[-0.254194667,53.071103639]]]}},{"type":"Feature","properties":{"category":"TMZ","category_source":"local_type","airspace_class":"","airspace_type":"OTHER:TMZ","local_type":"TMZ","designator":"EGTMZ006","name":"MORAY CTA 17 TMZ","source":"NATS UK ICAO AIP Dataset","airac":"2026-08-06"},"geometry":{"type":"Polygon","coordinates":[[[-2.2672222,57.3094444],[-1.9763889,57.3647222],[-1.9672222,57.35],[-1.9346306,57.2985889],[-2.0911111,57.2616667],[-2.1169444,57.3277778],[-2.2672222,57.3105556],[-2.3927778,57.3583333],[-2.4399056,57.3221306],[-2.5055361,57.4146611],[-2.2672222,57.3094444]]]}},{"type":"Feature","properties":{"category":"D","category_source":"airspace_type","airspace_class":"","airspace_type":"D","local_type":"","designator":"EGD203","name":"SENNYBRIDGE","source":"NATS UK ICAO AIP Dataset","airac":"2026-08-06"},"geometry":{"type":"Polygon","coordinates":[[[-3.49,52.12861],[-3.44583,52.10361],[-3.42556,52.08083],[-3.46778,52.04778],[-3.49528,52.03222],[-3.5275,52.03056],[-3.62472,51.98278],[-3.65972,51.97083],[-3.68472,51.99639],[-3.67194,52.03639],[-3.59222,52.08361],[-3.49,52.12861]]]}},{"type":"Feature","properties":{"category":"R","category_source":"airspace_type","airspace_class":"","airspace_type":"R","local_type":"RPZ","designator":"EGR1U128D","name":"SHOREHAM RWY 02G","source":"NATS UK ICAO AIP Dataset","airac":"2026-08-06"},"geometry":{"type":"Polygon","coordinates":[[[-0.3169556,50.7904222],[-0.3301472,50.7937194],[-0.322328333,50.806303167],[-0.29722,50.83556],[-0.309064833,50.80311575],[-0.3169556,50.7904222]]]}},{"type":"Feature","properties":{"category":"R","category_source":"airspace_type","airspace_class":"","airspace_type":"R","local_type":"RPZ","designator":"EGR2U005B","name":"SHAWBURY RWY 05","source":"NATS UK ICAO AIP Dataset","airac":"2026-08-06"},"geometry":{"type":"Polygon","coordinates":[[[-2.723582028,52.757624583],[-2.734095861,52.763954806],[-2.714472444,52.775964861],[-2.6679389,52.793625],[-2.704935278,52.769035444],[-2.723582028,52.757624583]]]}},{"type":"Feature","properties":{"category":"R","category_source":"airspace_type","airspace_class":"","airspace_type":"R","local_type":"RPZ","designator":"EGR3U020H","name":"CRANWELL RWY 06","source":"NATS UK ICAO AIP Dataset","airac":"2026-08-06"},"geometry":{"type":"Polygon","coordinates":[[[-0.564353944,53.016754667],[-0.570800667,53.024856111],[-0.56166275,53.027506667],[-0.4927528,53.0297333],[-0.559089,53.018281889],[-0.564353944,53.016754667]]]}},{"type":"Feature","properties":{"category":"R","category_source":"airspace_type","airspace_class":"","airspace_type":"R","local_type":"RPZ","designator":"EGR1U012B","name":"NETHERAVON RWY 04","source":"NATS UK ICAO AIP Dataset","airac":"2026-08-06"},"geometry":{"type":"Polygon","coordinates":[[[-1.797419194,51.209586278],[-1.808335333,51.215398806],[-1.794270222,51.225831222],[-1.7548361,51.2480944],[-1.7833475,51.22002175],[-1.797419194,51.209586278]]]}},{"type":"Feature","properties":{"category":"R","category_source":"airspace_type","airspace_class":"","airspace_type":"R","local_type":"RPZ","designator":"EGR7U006J","name":"ABERDEEN/DYCE RWY 36","source":"NATS UK ICAO AIP Dataset","airac":"2026-08-06"},"geometry":{"type":"Polygon","coordinates":[[[-2.192032694,57.159781194],[-2.208555944,57.1596245],[-2.20861075,57.161321333],[-2.19806,57.2025],[-2.192073167,57.161051417],[-2.192032694,57.159781194]]]}},{"type":"Feature","properties":{"category":"R","category_source":"airspace_type","airspace_class":"","airspace_type":"R","local_type":"RPZ","designator":"EGR1U042C","name":"SOUTHEND RWY 23","source":"NATS UK ICAO AIP Dataset","airac":"2026-08-06"},"geometry":{"type":"Polygon","coordinates":[[[0.7563639,51.6042944],[0.7648139,51.5970083],[0.751306917,51.590945667],[0.69333,51.57028],[0.7428335,51.598220639],[0.7563639,51.6042944]]]}},{"type":"Feature","properties":{"category":"D","category_source":"airspace_type","airspace_class":"","airspace_type":"D","local_type":"","designator":"EGD323R","name":"SOUTHERN COMPLEX","source":"NATS UK ICAO AIP Dataset","airac":"2026-08-06"},"geometry":{"type":"Polygon","coordinates":[[[2.216741667,55.271102778],[2.493899222,54.977794889],[1.799619444,55.162180556],[2.216741667,55.271102778]]]}},{"type":"Feature","properties":{"category":"R","category_source":"airspace_type","airspace_class":"","airspace_type":"R","local_type":"RPZ","designator":"EGR2U007E","name":"COSFORD RWY 24R","source":"NATS UK ICAO AIP Dataset","airac":"2026-08-06"},"geometry":{"type":"Polygon","coordinates":[[[-2.241014056,52.671019778],[-2.233188194,52.663396222],[-2.255805139,52.654829944],[-2.3052,52.6405],[-2.263908972,52.662347639],[-2.241014056,52.671019778]]]}},{"type":"Feature","properties":{"category":"D","category_source":"airspace_type","airspace_class":"","airspace_type":"D","local_type":"","designator":"EGD202D","name":"WEST WALES","source":"NATS UK ICAO AIP Dataset","airac":"2026-08-06"},"geometry":{"type":"Polygon","coordinates":[[[-4.646375,52.14435],[-4.6360806,52.1171139],[-4.4845083,52.1468],[-4.495,52.1666667],[-4.35583,52.21389],[-4.42194,52.00528],[-4.65056,51.97778],[-4.69167,52.09861],[-4.55944,52.11472],[-4.69111,52.13361],[-4.646375,52.14435]]]}},{"type":"Feature","properties":{"category":"R","category_source":"airspace_type","airspace_class":"","airspace_type":"R","local_type":"FRZ","designator":"EGR3U043","name":"HMP NEW HALL","source":"NATS UK ICAO AIP Dataset","airac":"2026-08-06"},"geometry":{"type":"Polygon","coordinates":[[[-1.6165639,53.6405861],[-1.6056889,53.6405778],[-1.6036417,53.6364944],[-1.6048611,53.6312833],[-1.6110806,53.6311361],[-1.6211556,53.6332194],[-1.6218667,53.6384694],[-1.6165639,53.6405861]]]}},{"type":"Feature","properties":{"category":"R","category_source":"airspace_type","airspace_class":"","airspace_type":"R","local_type":"FRZ","designator":"EGR3U041","name":"HMP MANCHESTER","source":"NATS UK ICAO AIP Dataset","airac":"2026-08-06"},"geometry":{"type":"Polygon","coordinates":[[[-2.2525083,53.5000556],[-2.246225,53.4992083],[-2.2373111,53.4954056],[-2.2370361,53.4915083],[-2.242975,53.4886139],[-2.2465806,53.4877444],[-2.2519944,53.4887889],[-2.2556861,53.4935417],[-2.2525083,53.5000556]]]}},{"type":"Feature","properties":{"category":"TMZ","category_source":"local_type","airspace_class":"","airspace_type":"OTHER:TMZ","local_type":"TMZ","designator":"EGTMZ008","name":"HOLYHEAD CTA 15 TMZ","source":"NATS UK ICAO AIP Dataset","airac":"2026-08-06"},"geometry":{"type":"Polygon","coordinates":[[[-5.1754625,54.00149556],[-4.93378556,53.89747667],[-5.16419722,53.80378778],[-5.5,53.81324222],[-5.5,53.86852611],[-5.1754625,54.00149556]]]}},{"type":"Feature","properties":{"category":"D","category_source":"airspace_type","airspace_class":"","airspace_type":"D","local_type":"","designator":"EGD113B","name":"CASTLEMARTIN","source":"NATS UK ICAO AIP Dataset","airac":"2026-08-06"},"geometry":{"type":"Polygon","coordinates":[[[-5.06667,51.54167],[-4.92222,51.605],[-4.89222,51.605],[-4.89222,51.605],[-4.80833,51.54167],[-4.90889,51.48333],[-4.90889,51.48333],[-5.05833,51.48333],[-5.05833,51.48333],[-5.09167,51.525],[-5.05556,51.65167],[-5.06667,51.54167]]]}},{"type":"Feature","properties":{"category":"R","category_source":"airspace_type","airspace_class":"","airspace_type":"R","local_type":"RPZ","designator":"EGR1U116D","name":"PREDANNACK RWY 09","source":"NATS UK ICAO AIP Dataset","airac":"2026-08-06"},"geometry":{"type":"Polygon","coordinates":[[[-5.311793694,49.994497361],[-5.311825694,50.003487806],[-5.283381917,50.003545306],[-5.2317694,50.0020333],[-5.282111639,49.994557194],[-5.311793694,49.994497361]]]}},{"type":"Feature","properties":{"category":"R","category_source":"airspace_type","airspace_class":"","airspace_type":"R","local_type":"FRZ","designator":"EGR1U065","name":"HMP HUNTERCOMBE","source":"NATS UK ICAO AIP Dataset","airac":"2026-08-06"},"geometry":{"type":"Polygon","coordinates":[[[-1.0232222,51.5932361],[-1.0091694,51.5910694],[-1.0128361,51.5818694],[-1.0283556,51.5845389],[-1.0232222,51.5932361]]]}},{"type":"Feature","properties":{"category":"R","category_source":"airspace_type","airspace_class":"","airspace_type":"R","local_type":"RPZ","designator":"EGR4U004F","name":"NEWTOWNARDS RWY 15","source":"NATS UK ICAO AIP Dataset","airac":"2026-08-06"},"geometry":{"type":"Polygon","coordinates":[[[-5.7383444,54.6211611],[-5.7250028,54.6257194],[-5.711473444,54.612394028],[-5.69194,54.58111],[-5.725192806,54.608212222],[-5.7383444,54.6211611]]]}},{"type":"Feature","properties":{"category":"R","category_source":"airspace_type","airspace_class":"","airspace_type":"R","local_type":"RPZ","designator":"EGR1U034B","name":"BIGGIN HILL RWY 03","source":"NATS UK ICAO AIP Dataset","airac":"2026-08-06"},"geometry":{"type":"Polygon","coordinates":[[[0.0037444,51.2832028],[-0.0091694,51.2871],[-0.002696694,51.295543611],[0.0325,51.33083],[0.010208917,51.291631972],[0.0037444,51.2832028]]]}},{"type":"Feature","properties":{"category":"D","category_source":"airspace_type","airspace_class":"","airspace_type":"D","local_type":"","designator":"EGD219G","name":"RPAS CORRIDOR","source":"NATS UK ICAO AIP Dataset","airac":"2026-08-06"},"geometry":{"type":"Polygon","coordinates":[[[5.0,56.771964167],[5.0,55.72957375],[4.359696361,55.053595278],[4.056290611,54.165103083],[4.004396167,54.47733375],[3.495901833,55.120209028],[3.528942889,55.220834472],[5.0,56.771964167]]]}},{"type":"Feature","properties":{"category":"TMZ","category_source":"local_type","airspace_class":"","airspace_type":"OTHER:TMZ","local_type":"TMZ","designator":"EGTMZ023","name":"MORAY CTA 3 TMZ","source":"NATS UK ICAO AIP Dataset","airac":"2026-08-06"},"geometry":{"type":"Polygon","coordinates":[[[-1.2562194,59.3240917],[-1.6527972,57.5989417],[-1.9600889,57.6183],[-1.5792333,59.3441194],[-1.2562194,59.3240917]]]}},{"type":"Feature","properties":{"category":"R","category_source":"airspace_type","airspace_class":"","airspace_type":"R","local_type":"RPZ","designator":"EGR1U114C","name":"LAND'S END RWY 20","source":"NATS UK ICAO AIP Dataset","airac":"2026-08-06"},"geometry":{"type":"Polygon","coordinates":[[[-5.6552639,50.1487389],[-5.6420861,50.1457167],[-5.649143194,50.133016],[-5.6705806,50.1027028],[-5.662560111,50.135601],[-5.6552639,50.1487389]]]}},{"type":"Feature","properties":{"category":"R","category_source":"airspace_type","airspace_class":"","airspace_type":"R","local_type":"RPZ","designator":"EGR2U010B","name":"BIRMINGHAM RWY 15","source":"NATS UK ICAO AIP Dataset","airac":"2026-08-06"},"geometry":{"type":"Polygon","coordinates":[[[-1.8062,52.4981111],[-1.7940167,52.5031611],[-1.782531167,52.492853333],[-1.75056,52.45611],[-1.7947085,52.48780075],[-1.8062,52.4981111]]]}},{"type":"Feature","properties":{"category":"R","category_source":"airspace_type","airspace_class":"","airspace_type":"R","local_type":"RPZ","designator":"EGR1U017C","name":"OXFORD RWY 19","source":"NATS UK ICAO AIP Dataset","airac":"2026-08-06"},"geometry":{"type":"Polygon","coordinates":[[[-1.3118583,51.8877833],[-1.2975861,51.8861167],[-1.302956222,51.868516944],[-1.32,51.83694],[-1.317221139,51.870189972],[-1.3118583,51.8877833]]]}},{"type":"Feature","properties":{"category":"R","category_source":"airspace_type","airspace_class":"","airspace_type":"R","local_type":"RPZ","designator":"EGR3U016X","name":"SYERSTON RWY 24R","source":"NATS UK ICAO AIP Dataset","airac":"2026-08-06"},"geometry":{"type":"Polygon","coordinates":[[[-0.8438194,53.0502083],[-0.8369306,53.0422389],[-0.859975722,53.035022694],[-0.91167,53.02333],[-0.867045194,53.042935444],[-0.8438194,53.0502083]]]}},{"type":"Feature","properties":{"category":"R","category_source":"airspace_type","airspace_class":"","airspace_type":"R","local_type":"RPZ","designator":"EGR1U001C","name":"HAVERFORDWEST RWY 21","source":"NATS UK ICAO AIP Dataset","airac":"2026-08-06"},"geometry":{"type":"Polygon","coordinates":[[[-4.9275583,51.8785056],[-4.9149444,51.8740528],[-4.928151306,51.859733556],[-4.9608472,51.8333111],[-4.940758667,51.864188917],[-4.9275583,51.8785056]]]}},{"type":"Feature","properties":{"category":"R","category_source":"airspace_type","airspace_class":"","airspace_type":"R","local_type":"RPZ","designator":"EGR8U003B","name":"KIRKWALL RWY 09","source":"NATS UK ICAO AIP Dataset","airac":"2026-08-06"},"geometry":{"type":"Polygon","coordinates":[[[-2.9965222,58.9512361],[-2.9973056,58.9602028],[-2.964591944,58.960988694],[-2.9004806,58.9580139],[-2.963788278,58.9520225],[-2.9965222,58.9512361]]]}},{"type":"Feature","properties":{"category":"R","category_source":"airspace_type","airspace_class":"","airspace_type":"R","local_type":"RPZ","designator":"EGR2U016B","name":"LEICESTER RWY 04","source":"NATS UK ICAO AIP Dataset","airac":"2026-08-06"},"geometry":{"type":"Polygon","coordinates":[[[-1.0683139,52.56495],[-1.0801167,52.5703389],[-1.066068778,52.581775389],[-1.03194,52.60778],[-1.053330083,52.577145583],[-1.0683139,52.56495]]]}},{"type":"Feature","properties":{"category":"R","category_source":"airspace_type","airspace_class":"","airspace_type":"R","local_type":"RPZ","designator":"EGR8U002C","name":"WICK RWY 31","source":"NATS UK ICAO AIP Dataset","airac":"2026-08-06"},"geometry":{"type":"Polygon","coordinates":[[[-3.0110833,58.4320167],[-3.021375,58.4248444],[-3.048112694,58.435422194],[-3.09306,58.45889],[-3.037773917,58.442577306],[-3.0110833,58.4320167]]]}},{"type":"Feature","properties":{"category":"D","category_source":"airspace_type","airspace_class":"","airspace_type":"D","local_type":"","designator":"EGD217H","name":"LLANBEDR","source":"NATS UK ICAO AIP Dataset","airac":"2026-08-06"},"geometry":{"type":"Polygon","coordinates":[[[-4.1630889,52.8850806],[-4.1608972,52.8409833],[-4.1271361,52.8047444],[-4.086225,52.7713306],[-4.08405,52.7257194],[-4.1271361,52.8047444],[-4.1630889,52.8850806]]]}},{"type":"Feature","properties":{"category":"R","category_source":"airspace_type","airspace_class":"","airspace_type":"R","local_type":"RPZ","designator":"EGR1U120G","name":"MERRYFIELD RWY 34","source":"NATS UK ICAO AIP Dataset","airac":"2026-08-06"},"geometry":{"type":"Polygon","coordinates":[[[-2.905808833,50.918873444],[-2.919309833,50.916050778],[-2.922819056,50.9227625],[-2.9388139,50.9631361],[-2.909467444,50.925874667],[-2.905808833,50.918873444]]]}},{"type":"Feature","properties":{"category":"ATZ","category_source":"local_type","airspace_class":"","airspace_type":"RAS","local_type":"ATZ","designator":"EGFF010","name":"CARDIFF ATZ","source":"NATS UK ICAO AIP Dataset","airac":"2026-08-06"},"geometry":{"type":"Polygon","coordinates":[[[-3.296954516819967,51.366740792807136],[-3.293713520983454,51.368843617019714],[-3.2907161560657174,51.3710830085269],[-3.2879771792962402,51.373447950158635],[-3.285510085200281,51.37592680707391],[-3.2833270388291242,51.378507384000876],[-3.2814388153716862,51.38117698523412],[-3.279854746455027,51.38392247709395],[-3.278582673411327,51.386730352540326],[-3.2776289077572796,51.38958679762371],[-3.276998199098743,51.39247775944572],[-3.2766937106389573,51.395389015295436],[-3.276717002432833,51.398306242621096],[-3.27706802249291,51.401215089492965],[-3.2777451058146503,51.40410124521076],[-3.2787449813500666,51.40695051070823],[-3.2800627869193324,51.40974886840853],[-3.281692092010301,51.412482551186706],[-3.2836249283758985,51.41513811010006],[-3.2858518282993905,51.417702480553125],[-3.288361870357827,51.42016304657172],[-3.2911427324746847,51.422507702870035],[-3.2941807520141877,51.42472491440513],[-3.2974609926321756,51.42680377312611],[-3.3009673175619634,51.4287340516386],[-3.3046824689786574,51.430506253520676],[-3.3085881530520616,51.43211166004251],[-3.3126651302669,51.433542373060064],[-3.316893310559777,51.434791353871724],[-3.3212518527953514,51.4358524578467],[-3.3257192680797645,51.43672046465486],[-3.330273526387663,51.437391103949295],[-3.3348921659603303,51.43786107637518],[-3.3395524049166343,51.438128069801685],[-3.3442312545058472,51.438190770697005],[-3.3489056334219756,51.43804887059054],[-3.353552482593149,51.43770306759051],[-3.3581488798568793,51.437155062949444],[-3.362672153932664,51.43640755269449],[-3.3670999971074407,51.43546421436376],[-3.37141057605679,51.43432968891387],[-3.3755826402354567,51.433009557887736],[-3.37959562728466,51.431510315955],[-3.3834297649206317,51.42983933896007],[-3.387066168788808,51.42800484763508],[-3.39048693579085,51.42601586715622],[-3.3936752324171255,51.42388218274243],[-3.396615377645146,51.4216142915149],[-3.3992929199946107,51.419223350854224],[-3.4016947083618865,51.41672112350925],[-3.4038089562907436,51.414119919727696],[-3.4056252993717457,51.41143253669323],[-3.4071348454995936,51.40867219556698],[-3.408330217755731,51.40585247644313],[-3.4092055897223768,51.40298725153877],[-3.409756713073608,51.4000906169465],[-3.4099809373289642,51.39717682328564],[-3.4098772216950195,51.394260205593284],[-3.4094461389602637,51.39135511279994],[-3.40868987144825,51.388475837136895],[-3.4076121990730472,51.38563654382248],[-3.406218479579479,51.38285120137323],[-3.4045156210881395,51.38013351288275],[-3.4025120471017143,51.377496848606405],[-3.4002176541644373,51.374954180183416],[-3.3976437624005214,51.37251801682012],[-3.3948030591899405,51.37020034374822],[-3.3917095362709313,51.368012563260834],[-3.388378420587914,51.36596543861648],[-3.384826099231116,51.36406904108685],[-3.381070038839951,51.3623327004091],[-3.3771286998661023,51.360764958886094],[-3.373021446114212,51.35937352936079],[-3.40278,51.37806],[-3.39111,51.42556],[-3.296954516819967,51.366740792807136]]]}},{"type":"Feature","properties":{"category":"R","category_source":"airspace_type","airspace_class":"","airspace_type":"R","local_type":"FRZ","designator":"EGR1U059","name":"HMP DOWNVIEW/HIGH DOWN","source":"NATS UK ICAO AIP Dataset","airac":"2026-08-06"},"geometry":{"type":"Polygon","coordinates":[[[-0.1918889,51.34335],[-0.1830306,51.3442861],[-0.1805556,51.3386167],[-0.1818778,51.3310472],[-0.1936833,51.3300944],[-0.1983278,51.3329556],[-0.1973306,51.3409],[-0.1918889,51.34335]]]}},{"type":"Feature","properties":{"category":"R","category_source":"airspace_type","airspace_class":"","airspace_type":"R","local_type":"FRZ","designator":"EGR1U136","name":"HMP PORTLAND","source":"NATS UK ICAO AIP Dataset","airac":"2026-08-06"},"geometry":{"type":"Polygon","coordinates":[[[-2.430325,50.5564944],[-2.4202333,50.55705],[-2.4152,50.5516917],[-2.4123028,50.5464833],[-2.4248139,50.5452806],[-2.43215,50.5517],[-2.430325,50.5564944]]]}},{"type":"Feature","properties":{"category":"R","category_source":"airspace_type","airspace_class":"","airspace_type":"R","local_type":"FRZ","designator":"EGR1U108","name":"NSA RAF FAIRFORD","source":"NATS UK ICAO AIP Dataset","airac":"2026-08-06"},"geometry":{"type":"Polygon","coordinates":[[[-1.8196556,51.6840667],[-1.7745194,51.7010944],[-1.7679556,51.7000306],[-1.7623778,51.6919056],[-1.7579861,51.6764472],[-1.7759972,51.6729111],[-1.8052639,51.6745667],[-1.8170167,51.6799],[-1.8196556,51.6840667]]]}},{"type":"Feature","properties":{"category":"R","category_source":"airspace_type","airspace_class":"","airspace_type":"R","local_type":"FRZ","designator":"EGR2U040","name":"HMP FEATHERSTONE/BRINSFORD/OAKWOOD","source":"NATS UK ICAO AIP Dataset","airac":"2026-08-06"},"geometry":{"type":"Polygon","coordinates":[[[-2.1215583,52.6548],[-2.1064611,52.6564722],[-2.0985861,52.6469722],[-2.1026028,52.6392139],[-2.1161917,52.6406139],[-2.1211028,52.6446611],[-2.1215583,52.6548]]]}},{"type":"Feature","properties":{"category":"R","category_source":"airspace_type","airspace_class":"","airspace_type":"R","local_type":"RPZ","designator":"EGR4U003B","name":"BELFAST/CITY RWY 04","source":"NATS UK ICAO AIP Dataset","airac":"2026-08-06"},"geometry":{"type":"Polygon","coordinates":[[[-5.9174917,54.5725667],[-5.9301944,54.5776917],[-5.911271139,54.593547722],[-5.8725,54.61806],[-5.898566389,54.588421139],[-5.9174917,54.5725667]]]}},{"type":"Feature","properties":{"category":"R","category_source":"airspace_type","airspace_class":"","airspace_type":"R","local_type":"FRZ","designator":"EGR4U022","name":"NSA PALACE BARRACKS","source":"NATS UK ICAO AIP Dataset","airac":"2026-08-06"},"geometry":{"type":"Polygon","coordinates":[[[-5.8462056,54.6324417],[-5.8405861,54.630625],[-5.8414778,54.6237194],[-5.8455,54.62135],[-5.8531306,54.6228861],[-5.848625,54.6260333],[-5.8518139,54.6272889],[-5.8462056,54.6324417]]]}},{"type":"Feature","properties":{"category":"R","category_source":"airspace_type","airspace_class":"","airspace_type":"R","local_type":"RPZ","designator":"EGR1U102D","name":"SCILLY ISLES/ST MARY'S RWY 14","source":"NATS UK ICAO AIP Dataset","airac":"2026-08-06"},"geometry":{"type":"Polygon","coordinates":[[[-6.3451222,49.946525],[-6.3345444,49.9523778],[-6.319752528,49.941256972],[-6.2917583,49.9132861],[-6.330323583,49.935401083],[-6.3451222,49.946525]]]}},{"type":"Feature","properties":{"category":"R","category_source":"airspace_type","airspace_class":"","airspace_type":"R","local_type":"RPZ","designator":"EGR1U032C","name":"LONDON GATWICK RWY 26R","source":"NATS UK ICAO AIP Dataset","airac":"2026-08-06"},"geometry":{"type":"Polygon","coordinates":[[[-0.1143222,51.1650083],[-0.1112583,51.1562278],[-0.124869861,51.154361389],[-0.19028,51.14806],[-0.128548778,51.163057472],[-0.1143222,51.1650083]]]}},{"type":"Feature","properties":{"category":"D","category_source":"airspace_type","airspace_class":"","airspace_type":"D","local_type":"","designator":"EGD125","name":"LARKHILL","source":"NATS UK ICAO AIP Dataset","airac":"2026-08-06"},"geometry":{"type":"Polygon","coordinates":[[[-1.83444,51.30778],[-1.77806,51.18306],[-1.89028,51.17306],[-1.95139,51.23],[-1.96278,51.2275],[-2.01861,51.29],[-1.94306,51.30194],[-1.83444,51.30778]]]}},{"type":"Feature","properties":{"category":"R","category_source":"airspace_type","airspace_class":"","airspace_type":"R","local_type":"FRZ","designator":"EGR1U072","name":"HMP SWANSEA","source":"NATS UK ICAO AIP Dataset","airac":"2026-08-06"},"geometry":{"type":"Polygon","coordinates":[[[-3.9554083,51.6182056],[-3.9486806,51.6196556],[-3.9434361,51.6185389],[-3.9402194,51.6129306],[-3.9516,51.6103583],[-3.9566,51.61305],[-3.9554083,51.6182056]]]}},{"type":"Feature","properties":{"category":"D","category_source":"airspace_type","airspace_class":"","airspace_type":"D","local_type":"","designator":"EGD001","name":"TREVOSE HEAD","source":"NATS UK ICAO AIP Dataset","airac":"2026-08-06"},"geometry":{"type":"Polygon","coordinates":[[[-5.51167,50.32167],[-5.65,50.4],[-5.56667,50.53333],[-5.4,50.65833],[-5.20833,50.71667],[-5.075,50.64167],[-5.51167,50.32167]]]}},{"type":"Feature","properties":{"category":"D","category_source":"airspace_type","airspace_class":"","airspace_type":"D","local_type":"","designator":"EGD902E","name":"SAXAVORD","source":"NATS UK ICAO AIP Dataset","airac":"2026-08-06"},"geometry":{"type":"Polygon","coordinates":[[[0.0,61.0],[0.0,60.8014028],[-0.4166667,60.6666667],[-0.4166667,60.7666667],[0.0,61.0]]]}},{"type":"Feature","properties":{"category":"R","category_source":"airspace_type","airspace_class":"","airspace_type":"R","local_type":"RPZ","designator":"EGR3U010B","name":"LEEDS BRADFORD RWY 14","source":"NATS UK ICAO AIP Dataset","airac":"2026-08-06"},"geometry":{"type":"Polygon","coordinates":[[[-1.7258722,53.9016444],[-1.7146083,53.9076861],[-1.702224944,53.899648222],[-1.6607694,53.866025],[-1.713478944,53.893601528],[-1.7258722,53.9016444]]]}},{"type":"Feature","properties":{"category":"R","category_source":"airspace_type","airspace_class":"","airspace_type":"R","local_type":"RPZ","designator":"EGR1U031C","name":"ELSTREE RWY 26","source":"NATS UK ICAO AIP Dataset","airac":"2026-08-06"},"geometry":{"type":"Polygon","coordinates":[[[-0.251425,51.6688083],[-0.2488333,51.6599667],[-0.272379056,51.65731],[-0.32585,51.655825],[-0.274961528,51.666152722],[-0.251425,51.6688083]]]}},{"type":"Feature","properties":{"category":"R","category_source":"airspace_type","airspace_class":"","airspace_type":"R","local_type":"RPZ","designator":"EGR6U001D","name":"TIREE RWY 11","source":"NATS UK ICAO AIP Dataset","airac":"2026-08-06"},"geometry":{"type":"Polygon","coordinates":[[[-6.9593306,56.5110167],[-6.9545611,56.5196028],[-6.922800333,56.514230333],[-6.86917,56.49917],[-6.928129444,56.505739139],[-6.9593306,56.5110167]]]}},{"type":"Feature","properties":{"category":"R","category_source":"airspace_type","airspace_class":"","airspace_type":"R","local_type":"RPZ","designator":"EGR1U024B","name":"WHITE WALTHAM RWY 03","source":"NATS UK ICAO AIP Dataset","airac":"2026-08-06"},"geometry":{"type":"Polygon","coordinates":[[[-0.8004889,51.4534389],[-0.8133944,51.4574139],[-0.801917444,51.471980167],[-0.7748333,51.5006583],[-0.788619472,51.468498139],[-0.8004889,51.4534389]]]}},{"type":"Feature","properties":{"category":"D","category_source":"airspace_type","airspace_class":"","airspace_type":"D","local_type":"","designator":"EGD128","name":"EVERLEIGH","source":"NATS UK ICAO AIP Dataset","airac":"2026-08-06"},"geometry":{"type":"Polygon","coordinates":[[[-1.70417,51.31444],[-1.62944,51.2725],[-1.70694,51.23167],[-1.75111,51.15333],[-1.79972,51.23083],[-1.83444,51.30778],[-1.70417,51.31444]]]}},{"type":"Feature","properties":{"category":"R","category_source":"airspace_type","airspace_class":"","airspace_type":"R","local_type":"RPZ","designator":"EGR2U030B","name":"WATTISHAM RWY 05","source":"NATS UK ICAO AIP Dataset","airac":"2026-08-06"},"geometry":{"type":"Polygon","coordinates":[[[0.894578583,52.087082139],[0.884793861,52.093748694],[0.900683528,52.10261175],[0.9554139,52.1270278],[0.910475667,52.09594825],[0.894578583,52.087082139]]]}},{"type":"Feature","properties":{"category":"D","category_source":"airspace_type","airspace_class":"","airspace_type":"D","local_type":"","designator":"EGD514","name":"COMBAT AIRSPACE","source":"NATS UK ICAO AIP Dataset","airac":"2026-08-06"},"geometry":{"type":"Polygon","coordinates":[[[-2.516336833,56.828793778],[0.652105333,56.256113639],[2.029877556,55.807865861],[1.373527222,54.393569083],[-1.041423639,55.052679278],[-1.084112194,55.071854222],[-1.689811111,55.037922222],[-1.335156833,55.32227475],[-1.575932278,55.269351028],[-1.683344,55.240680083],[-1.707924833,55.234156444],[-2.513038028,55.49769625],[-2.703199083,55.657873361],[-2.662611778,56.022649056],[-2.873983778,56.2213935],[-2.766823417,56.631685861],[-2.516336833,56.828793778]]]}},{"type":"Feature","properties":{"category":"D","category_source":"airspace_type","airspace_class":"","airspace_type":"D","local_type":"","designator":"EGD505","name":"MAGILLIGAN","source":"NATS UK ICAO AIP Dataset","airac":"2026-08-06"},"geometry":{"type":"Polygon","coordinates":[[[-6.97417,55.18806],[-6.90639,55.21861],[-6.85917,55.21472],[-6.83,55.18528],[-6.86611,55.16944],[-6.9425,55.16889],[-6.97417,55.18806]]]}},{"type":"Feature","properties":{"category":"R","category_source":"airspace_type","airspace_class":"","airspace_type":"R","local_type":"RPZ","designator":"EGR1U003E","name":"SWANSEA RWY 28","source":"NATS UK ICAO AIP Dataset","airac":"2026-08-06"},"geometry":{"type":"Polygon","coordinates":[[[-3.9918917,51.5998778],[-3.9934778,51.5909444],[-4.018301833,51.592671722],[-4.06778,51.60528],[-4.014668306,51.601462833],[-3.9918917,51.5998778]]]}},{"type":"Feature","properties":{"category":"TMZ","category_source":"local_type","airspace_class":"","airspace_type":"OTHER:TMZ","local_type":"TMZ","designator":"EGTMZ013","name":"SCOTTISH TMA 1 TMZ","source":"NATS UK ICAO AIP Dataset","airac":"2026-08-06"},"geometry":{"type":"Polygon","coordinates":[[[-4.47972,55.61667],[-4.17139,55.69028],[-4.17139,55.69028],[-2.91944,55.69028],[-2.91944,55.69028],[-4.4883333,55.5505694],[-4.47972,55.61667]]]}},{"type":"Feature","properties":{"category":"R","category_source":"airspace_type","airspace_class":"","airspace_type":"R","local_type":"RPZ","designator":"EGR1U127D","name":"CHICHESTER/GOODWOOD RWY 10","source":"NATS UK ICAO AIP Dataset","airac":"2026-08-06"},"geometry":{"type":"Polygon","coordinates":[[[-0.8341806,50.8686861],[-0.830975,50.8774444],[-0.806559722,50.873880833],[-0.7592222,50.8593472],[-0.810984139,50.865300583],[-0.8341806,50.8686861]]]}},{"type":"Feature","properties":{"category":"R","category_source":"airspace_type","airspace_class":"","airspace_type":"R","local_type":"RPZ","designator":"EGR2U006B","name":"TERNHILL RWY 04","source":"NATS UK ICAO AIP Dataset","airac":"2026-08-06"},"geometry":{"type":"Polygon","coordinates":[[[-2.580550139,52.834389333],[-2.591512222,52.840446028],[-2.574395639,52.851820278],[-2.5321917,52.8731611],[-2.563426056,52.845766667],[-2.580550139,52.834389333]]]}},{"type":"Feature","properties":{"category":"D","category_source":"airspace_type","airspace_class":"","airspace_type":"D","local_type":"","designator":"EGD008A","name":"PLYMOUTH","source":"NATS UK ICAO AIP Dataset","airac":"2026-08-06"},"geometry":{"type":"Polygon","coordinates":[[[-4.94139,49.94833],[-4.1675,49.62083],[-5.0,49.4625],[-5.0,49.85667],[-4.94139,49.94833]]]}},{"type":"Feature","properties":{"category":"R","category_source":"airspace_type","airspace_class":"","airspace_type":"R","local_type":"RPZ","designator":"EGR1U042B","name":"SOUTHEND RWY 05","source":"NATS UK ICAO AIP Dataset","airac":"2026-08-06"},"geometry":{"type":"Polygon","coordinates":[[[0.6291167,51.5359556],[0.6206806,51.5432417],[0.635215056,51.549797056],[0.69333,51.57028],[0.643626056,51.542498944],[0.6291167,51.5359556]]]}},{"type":"Feature","properties":{"category":"D","category_source":"airspace_type","airspace_class":"","airspace_type":"D","local_type":"","designator":"EGD604","name":"BARRY BUDDON","source":"NATS UK ICAO AIP Dataset","airac":"2026-08-06"},"geometry":{"type":"Polygon","coordinates":[[[-2.81361,56.48028],[-2.66944,56.49917],[-2.66194,56.45972],[-2.80806,56.46056],[-2.81361,56.48028]]]}},{"type":"Feature","properties":{"category":"R","category_source":"airspace_type","airspace_class":"","airspace_type":"R","local_type":"RPZ","designator":"EGR3U009H","name":"MANCHESTER BARTON RWY 13","source":"NATS UK ICAO AIP Dataset","airac":"2026-08-06"},"geometry":{"type":"Polygon","coordinates":[[[-2.4483,53.5017389],[-2.4377944,53.5081833],[-2.421673944,53.498853944],[-2.3897167,53.4715722],[-2.432760222,53.492747639],[-2.4483,53.5017389]]]}},{"type":"Feature","properties":{"category":"D","category_source":"airspace_type","airspace_class":"","airspace_type":"D","local_type":"","designator":"EGD201C","name":"ABERPORTH","source":"NATS UK ICAO AIP Dataset","airac":"2026-08-06"},"geometry":{"type":"Polygon","coordinates":[[[-4.8886111,52.8387333],[-4.6716306,52.75],[-4.6716306,52.75],[-4.88861,52.75],[-4.88861,52.75],[-4.8886111,52.8387333]]]}},{"type":"Feature","properties":{"category":"R","category_source":"airspace_type","airspace_class":"","airspace_type":"R","local_type":"RPZ","designator":"EGR2U016F","name":"LEICESTER RWY 10","source":"NATS UK ICAO AIP Dataset","airac":"2026-08-06"},"geometry":{"type":"Polygon","coordinates":[[[-1.1130722,52.6085833],[-1.1115139,52.6175194],[-1.085005333,52.615821167],[-1.03194,52.60778],[-1.086600722,52.606887444],[-1.1130722,52.6085833]]]}},{"type":"Feature","properties":{"category":"R","category_source":"airspace_type","airspace_class":"","airspace_type":"R","local_type":"RPZ","designator":"EGR1U026B","name":"FAIROAKS RWY 06","source":"NATS UK ICAO AIP Dataset","airac":"2026-08-06"},"geometry":{"type":"Polygon","coordinates":[[[-0.6199333,51.318625],[-0.6275583,51.3262389],[-0.607126889,51.334288417],[-0.5587083,51.3480278],[-0.599492056,51.326677722],[-0.6199333,51.318625]]]}},{"type":"Feature","properties":{"category":"R","category_source":"airspace_type","airspace_class":"","airspace_type":"R","local_type":"FRZ","designator":"EGR1U021A","name":"BLACKBUSHE","source":"NATS UK ICAO AIP Dataset","airac":"2026-08-06"},"geometry":{"type":"Polygon","coordinates":[[[-0.8475,51.32389],[-0.8080278,51.3015972],[-0.8219556,51.3003611],[-0.8316222,51.2993667],[-0.8438139,51.29795],[-0.8556861,51.2962278],[-0.87075,51.2939528],[-0.8475,51.32389]]]}},{"type":"Feature","properties":{"category":"TMZ","category_source":"local_type","airspace_class":"","airspace_type":"OTHER:TMZ","local_type":"TMZ","designator":"EGTMZ019","name":"MORAY CTA 12 TMZ","source":"NATS UK ICAO AIP Dataset","airac":"2026-08-06"},"geometry":{"type":"Polygon","coordinates":[[[-4.3996444,56.7108278],[-4.0999472,56.6889917],[-4.1577028,56.4522083],[-4.4555333,56.4740444],[-4.3996444,56.7108278]]]}},{"type":"Feature","properties":{"category":"R","category_source":"airspace_type","airspace_class":"","airspace_type":"R","local_type":"RPZ","designator":"EGR7U006E","name":"ABERDEEN/DYCE RWY 32","source":"NATS UK ICAO AIP Dataset","airac":"2026-08-06"},"geometry":{"type":"Polygon","coordinates":[[[-2.13425,57.1681778],[-2.1467444,57.1622972],[-2.155640694,57.167886389],[-2.19806,57.2025],[-2.142939722,57.173638222],[-2.13425,57.1681778]]]}},{"type":"Feature","properties":{"category":"R","category_source":"airspace_type","airspace_class":"","airspace_type":"R","local_type":"RPZ","designator":"EGR6U005B","name":"PERTH/SCONE RWY 03","source":"NATS UK ICAO AIP Dataset","airac":"2026-08-06"},"geometry":{"type":"Polygon","coordinates":[[[-3.4084972,56.3960917],[-3.42275,56.4003556],[-3.409261556,56.414241972],[-3.3739056,56.441125],[-3.394999667,56.409981944],[-3.4084972,56.3960917]]]}},{"type":"Feature","properties":{"category":"R","category_source":"airspace_type","airspace_class":"","airspace_type":"R","local_type":"RPZ","designator":"EGR1U004C","name":"ST ATHAN RWY 25","source":"NATS UK ICAO AIP Dataset","airac":"2026-08-06"},"geometry":{"type":"Polygon","coordinates":[[[-3.3543944,51.424925],[-3.3502,51.4163278],[-3.395494389,51.407721111],[-3.393072611,51.417576444],[-3.3543944,51.424925]]]}},{"type":"Feature","properties":{"category":"R","category_source":"airspace_type","airspace_class":"","airspace_type":"R","local_type":"RPZ","designator":"EGR2U018B","name":"CRANFIELD RWY 03","source":"NATS UK ICAO AIP Dataset","airac":"2026-08-06"},"geometry":{"type":"Polygon","coordinates":[[[-0.6541417,52.0262083],[-0.6665306,52.0309361],[-0.650944056,52.046498417],[-0.61667,52.07222],[-0.638535667,52.041785222],[-0.6541417,52.0262083]]]}},{"type":"Feature","properties":{"category":"R","category_source":"airspace_type","airspace_class":"","airspace_type":"R","local_type":"FRZ","designator":"EGR3U051","name":"HMP WETHERBY","source":"NATS UK ICAO AIP Dataset","airac":"2026-08-06"},"geometry":{"type":"Polygon","coordinates":[[[-1.3716556,53.9410944],[-1.3605833,53.9424917],[-1.3567139,53.9324556],[-1.3747639,53.9308861],[-1.3780667,53.9377611],[-1.3724861,53.9397889],[-1.3716556,53.9410944]]]}},{"type":"Feature","properties":{"category":"R","category_source":"airspace_type","airspace_class":"","airspace_type":"R","local_type":"RPZ","designator":"EGR3U019C","name":"WADDINGTON RWY 20","source":"NATS UK ICAO AIP Dataset","airac":"2026-08-06"},"geometry":{"type":"Polygon","coordinates":[[[-0.496025889,53.220326667],[-0.482114917,53.21700625],[-0.491486528,53.202880389],[-0.52389,53.16611],[-0.505391417,53.206203111],[-0.496025889,53.220326667]]]}},{"type":"Feature","properties":{"category":"R","category_source":"airspace_type","airspace_class":"","airspace_type":"R","local_type":"RPZ","designator":"EGR4U002D","name":"BELFAST ALDERGROVE RWY 17","source":"NATS UK ICAO AIP Dataset","airac":"2026-08-06"},"geometry":{"type":"Polygon","coordinates":[[[-6.260015917,54.699236556],[-6.245267417,54.702018778],[-6.242007889,54.696228417],[-6.21583,54.6575],[-6.255936417,54.691993944],[-6.260015917,54.699236556]]]}},{"type":"Feature","properties":{"category":"R","category_source":"airspace_type","airspace_class":"","airspace_type":"R","local_type":"RPZ","designator":"EGR2U008D","name":"WOLVERHAMPTON/HALFPENNY GREEN RWY 16","source":"NATS UK ICAO AIP Dataset","airac":"2026-08-06"},"geometry":{"type":"Polygon","coordinates":[[[-2.2987056,52.5595917],[-2.28525,52.5632694],[-2.274966833,52.549313722],[-2.2595472,52.5173833],[-2.288415528,52.54563275],[-2.2987056,52.5595917]]]}},{"type":"Feature","properties":{"category":"D","category_source":"airspace_type","airspace_class":"","airspace_type":"D","local_type":"","designator":"EGD217J","name":"LLANBEDR","source":"NATS UK ICAO AIP Dataset","airac":"2026-08-06"},"geometry":{"type":"Polygon","coordinates":[[[-3.9941149552743136,52.82617343062721],[-3.996955676562724,52.831833035185525],[-4.000456333828248,52.83735557159199],[-4.004599425489098,52.842713095882175],[-4.009364170277242,52.84787849905083],[-4.01472660866376,52.852825644223174],[-4.020659721026069,52.85752949890715],[-4.027133562022716,52.86196626165745],[-4.034115410544772,52.86611348251063],[-4.041569934518316,52.86995017658155],[-4.049459369740956,52.873456930246675],[-4.057743711847419,52.87661599937677],[-4.066380920415952,52.879411399121935],[-4.075327134149228,52.88182898479478],[-4.084536895991485,52.88385652344233],[-4.093963386978389,52.88548375574465],[-4.103558667558288,52.886702447926844],[-4.113273925073672,52.88750643342187],[-4.123059726050304,52.88789164407327],[-4.1328662719090365,52.88785613072002],[-4.142643656692181,52.88740007305923],[-4.152342125382577,52.88652577873692],[-4.1619123313895345,52.8852376716713],[-4.171305591781432,52.883542269667856],[-4.180474138860087,52.881448151439315],[-4.18937136669674,52.87896591319745],[-4.197952071283483,52.8761081150364],[-4.20617268299678,52.872889217378784],[-4.213991490120942,52.86932550780607],[-4.221368852238576,52.86543501864367],[-4.228267402361395,52.86123743571762],[-4.23465223674787,52.85675399874448],[-4.24049109143315,52.85200739385871],[-4.245754504580836,52.84702163882106],[-4.250415963854734,52.84182196148905],[-4.254452038100878,52.83643467216429],[-4.257842492724999,52.830887030462705],[-4.08405,52.7257194],[-4.0916889,52.8851639],[-3.9941149552743136,52.82617343062721]]]}},{"type":"Feature","properties":{"category":"D","category_source":"airspace_type","airspace_class":"","airspace_type":"D","local_type":"","designator":"EGD217C","name":"LLANBEDR","source":"NATS UK ICAO AIP Dataset","airac":"2026-08-06"},"geometry":{"type":"Polygon","coordinates":[[[-4.1271361,52.8047444],[-4.086225,52.7713306],[-4.0860444,52.7675167],[-4.2084722,52.6592083],[-4.3215111,52.7062028],[-4.183775,52.8282917],[-4.1271361,52.8047444]]]}},{"type":"Feature","properties":{"category":"R","category_source":"airspace_type","airspace_class":"","airspace_type":"R","local_type":"RPZ","designator":"EGR1U010B","name":"KEMBLE RWY 08","source":"NATS UK ICAO AIP Dataset","airac":"2026-08-06"},"geometry":{"type":"Polygon","coordinates":[[[-2.138689444,51.654898694],[-2.141095389,51.663761139],[-2.11051775,51.666990083],[-2.0570083,51.6680611],[-2.108102167,51.658128611],[-2.138689444,51.654898694]]]}},{"type":"Feature","properties":{"category":"R","category_source":"airspace_type","airspace_class":"","airspace_type":"R","local_type":"RPZ","designator":"EGR3U022E","name":"WICKENBY RWY 33","source":"NATS UK ICAO AIP Dataset","airac":"2026-08-06"},"geometry":{"type":"Polygon","coordinates":[[[-0.3046611,53.2785583],[-0.3176722,53.2740972],[-0.328893361,53.285863361],[-0.3487972,53.3169361],[-0.315744333,53.290184028],[-0.3046611,53.2785583]]]}},{"type":"Feature","properties":{"category":"R","category_source":"airspace_type","airspace_class":"","airspace_type":"R","local_type":"RPZ","designator":"EGR4U004E","name":"NEWTOWNARDS RWY 26","source":"NATS UK ICAO AIP Dataset","airac":"2026-08-06"},"geometry":{"type":"Polygon","coordinates":[[[-5.6151472,54.5958167],[-5.6116417,54.5870667],[-5.634865278,54.583943306],[-5.69194,54.58111],[-5.638244861,54.592710222],[-5.6151472,54.5958167]]]}},{"type":"Feature","properties":{"category":"R","category_source":"airspace_type","airspace_class":"","airspace_type":"R","local_type":"RPZ","designator":"EGR1U013E","name":"BOSCOMBE RWY 23N","source":"NATS UK ICAO AIP Dataset","airac":"2026-08-06"},"geometry":{"type":"Polygon","coordinates":[[[-1.700461306,51.187285639],[-1.691291222,51.180387806],[-1.697019778,51.177384417],[-1.7510111,51.1533083],[-1.706505861,51.184116222],[-1.700461306,51.187285639]]]}},{"type":"Feature","properties":{"category":"D","category_source":"airspace_type","airspace_class":"","airspace_type":"D","local_type":"","designator":"EGD217K","name":"LLANBEDR","source":"NATS UK ICAO AIP Dataset","airac":"2026-08-06"},"geometry":{"type":"Polygon","coordinates":[[[-4.1271361,52.8047444],[-4.0916889,52.8851639],[-4.0894944,52.8395528],[-4.1271361,52.8047444],[-4.1608972,52.8409833],[-4.1630889,52.8850806],[-4.1271361,52.8047444]]]}},{"type":"Feature","properties":{"category":"D","category_source":"airspace_type","airspace_class":"","airspace_type":"D","local_type":"","designator":"EGD044","name":"LYDD RANGES","source":"NATS UK ICAO AIP Dataset","airac":"2026-08-06"},"geometry":{"type":"Polygon","coordinates":[[[0.92611,50.92361],[0.93694,50.89111],[0.89972,50.87722],[0.8375,50.87694],[0.79667,50.90556],[0.83583,50.93167],[0.89667,50.94722],[0.92611,50.92361]]]}},{"type":"Feature","properties":{"category":"R","category_source":"airspace_type","airspace_class":"","airspace_type":"R","local_type":"RPZ","designator":"EGR3U016W","name":"SYERSTON RWY 33L","source":"NATS UK ICAO AIP Dataset","airac":"2026-08-06"},"geometry":{"type":"Polygon","coordinates":[[[-0.8614139,52.9836139],[-0.8743917,52.9792111],[-0.88757975,52.993388139],[-0.91167,53.02333],[-0.875146028,52.998381139],[-0.8614139,52.9836139]]]}},{"type":"Feature","properties":{"category":"R","category_source":"airspace_type","airspace_class":"","airspace_type":"R","local_type":"RPZ","designator":"EGR1U038C","name":"ANDREWSFIELD RWY 27R","source":"NATS UK ICAO AIP Dataset","airac":"2026-08-06"},"geometry":{"type":"Polygon","coordinates":[[[0.5269917,51.9035639],[0.5282306,51.8946083],[0.502901056,51.893282806],[0.44917,51.895],[0.501690056,51.902239806],[0.5269917,51.9035639]]]}},{"type":"Feature","properties":{"category":"R","category_source":"airspace_type","airspace_class":"","airspace_type":"R","local_type":"RPZ","designator":"EGR4U004G","name":"NEWTOWNARDS RWY 33","source":"NATS UK ICAO AIP Dataset","airac":"2026-08-06"},"geometry":{"type":"Polygon","coordinates":[[[-5.6428056,54.5446028],[-5.6561194,54.5400444],[-5.667283306,54.551080083],[-5.69194,54.58111],[-5.654344583,54.556013],[-5.6428056,54.5446028]]]}},{"type":"Feature","properties":{"category":"R","category_source":"airspace_type","airspace_class":"","airspace_type":"R","local_type":"RPZ","designator":"EGR3U016K","name":"SYERSTON RWY 24L","source":"NATS UK ICAO AIP Dataset","airac":"2026-08-06"},"geometry":{"type":"Polygon","coordinates":[[[-0.8450556,53.0487972],[-0.8381667,53.0408278],[-0.859460694,53.034157972],[-0.91167,53.02333],[-0.866164361,53.042184944],[-0.8450556,53.0487972]]]}},{"type":"Feature","properties":{"category":"D","category_source":"airspace_type","airspace_class":"","airspace_type":"D","local_type":"","designator":"EGD064A","name":"SOUTH WEST COMPLEX","source":"NATS UK ICAO AIP Dataset","airac":"2026-08-06"},"geometry":{"type":"Polygon","coordinates":[[[-7.1874361,51.3376778],[-6.2787028,51.2711528],[-6.0128139,50.4771667],[-7.0891278,50.2977472],[-7.6007361,50.4391444],[-7.820425,50.6354778],[-7.8686889,50.7846722],[-7.8681917,50.9625111],[-7.1874361,51.3376778]]]}},{"type":"Feature","properties":{"category":"R","category_source":"airspace_type","airspace_class":"","airspace_type":"R","local_type":"RPZ","designator":"EGR1U003B","name":"SWANSEA RWY 04","source":"NATS UK ICAO AIP Dataset","airac":"2026-08-06"},"geometry":{"type":"Polygon","coordinates":[[[-4.1105694,51.5614306],[-4.1221889,51.5667528],[-4.104972778,51.581369389],[-4.06778,51.60528],[-4.093351667,51.576044778],[-4.1105694,51.5614306]]]}},{"type":"Feature","properties":{"category":"R","category_source":"airspace_type","airspace_class":"","airspace_type":"R","local_type":"RPZ","designator":"EGR8U001B","name":"STORNOWAY RWY 06","source":"NATS UK ICAO AIP Dataset","airac":"2026-08-06"},"geometry":{"type":"Polygon","coordinates":[[[-6.40615,58.1854556],[-6.4146806,58.1932194],[-6.401694306,58.197208722],[-6.3310667,58.2155972],[-6.392556917,58.189630556],[-6.40615,58.1854556]]]}},{"type":"Feature","properties":{"category":"D","category_source":"airspace_type","airspace_class":"","airspace_type":"D","local_type":"","designator":"EGD406B","name":"ESKMEALS","source":"NATS UK ICAO AIP Dataset","airac":"2026-08-06"},"geometry":{"type":"Polygon","coordinates":[[[-3.41806,54.31667],[-3.775,54.18028],[-3.89333,54.13444],[-3.41806,54.31667],[-3.98722,54.32111],[-3.845,54.32028],[-3.41806,54.31667]]]}},{"type":"Feature","properties":{"category":"R","category_source":"airspace_type","airspace_class":"","airspace_type":"R","local_type":"RPZ","designator":"EGR7U005E","name":"LOSSIEMOUTH RWY 28","source":"NATS UK ICAO AIP Dataset","airac":"2026-08-06"},"geometry":{"type":"Polygon","coordinates":[[[-3.228724583,57.704763583],[-3.230611306,57.695841694],[-3.262031222,57.69776675],[-3.3378889,57.7066583],[-3.260224722,57.706693528],[-3.228724583,57.704763583]]]}},{"type":"Feature","properties":{"category":"D","category_source":"airspace_type","airspace_class":"","airspace_type":"D","local_type":"","designator":"EGD512A","name":"OTTERBURN","source":"NATS UK ICAO AIP Dataset","airac":"2026-08-06"},"geometry":{"type":"Polygon","coordinates":[[[-2.04417,55.23833],[-2.21972,55.18167],[-2.43111,55.27083],[-2.3875,55.31583],[-2.23111,55.25694],[-2.04417,55.23833]]]}},{"type":"Feature","properties":{"category":"R","category_source":"airspace_type","airspace_class":"","airspace_type":"R","local_type":"FRZ","designator":"EGR3U047","name":"HMP STYAL","source":"NATS UK ICAO AIP Dataset","airac":"2026-08-06"},"geometry":{"type":"Polygon","coordinates":[[[-2.2365972,53.3452222],[-2.2282389,53.3418389],[-2.2324833,53.3360222],[-2.2451083,53.3347667],[-2.2500167,53.3386917],[-2.2448417,53.3438306],[-2.2365972,53.3452222]]]}},{"type":"Feature","properties":{"category":"R","category_source":"airspace_type","airspace_class":"","airspace_type":"R","local_type":"RPZ","designator":"EGR1U012C","name":"NETHERAVON RWY 22","source":"NATS UK ICAO AIP Dataset","airac":"2026-08-06"},"geometry":{"type":"Polygon","coordinates":[[[-1.709791861,51.288355917],[-1.698858444,51.282543472],[-1.715366194,51.270345889],[-1.7548361,51.2480944],[-1.726292889,51.276161222],[-1.709791861,51.288355917]]]}},{"type":"Feature","properties":{"category":"R","category_source":"airspace_type","airspace_class":"","airspace_type":"R","local_type":"FRZ","designator":"EGR2U049","name":"HMP LONG LARTIN","source":"NATS UK ICAO AIP Dataset","airac":"2026-08-06"},"geometry":{"type":"Polygon","coordinates":[[[-1.8592278,52.1137056],[-1.8427472,52.1118417],[-1.8485639,52.1024806],[-1.8661639,52.1045056],[-1.8592278,52.1137056]]]}},{"type":"Feature","properties":{"category":"R","category_source":"airspace_type","airspace_class":"","airspace_type":"R","local_type":"RPZ","designator":"EGR3U016P","name":"SYERSTON RWY 11R","source":"NATS UK ICAO AIP Dataset","airac":"2026-08-06"},"geometry":{"type":"Polygon","coordinates":[[[-0.9944417,53.0324972],[-0.9897694,53.0410306],[-0.962917972,53.035706944],[-0.91167,53.02333],[-0.966539667,53.026965361],[-0.9944417,53.0324972]]]}},{"type":"Feature","properties":{"category":"R","category_source":"airspace_type","airspace_class":"","airspace_type":"R","local_type":"RPZ","designator":"EGR2U005D","name":"SHAWBURY RWY 18","source":"NATS UK ICAO AIP Dataset","airac":"2026-08-06"},"geometry":{"type":"Polygon","coordinates":[[[-2.675539611,52.84677375],[-2.660697278,52.846792139],[-2.660632472,52.826613833],[-2.6679389,52.793625],[-2.675467917,52.826595444],[-2.675539611,52.84677375]]]}},{"type":"Feature","properties":{"category":"R","category_source":"airspace_type","airspace_class":"","airspace_type":"R","local_type":"RPZ","designator":"EGR5U004B","name":"PRESTWICK RWY 02","source":"NATS UK ICAO AIP Dataset","airac":"2026-08-06"},"geometry":{"type":"Polygon","coordinates":[[[-4.6119639,55.4454556],[-4.6264278,55.4490722],[-4.611120278,55.468878722],[-4.5945806,55.5093917],[-4.594681778,55.467804556],[-4.6119639,55.4454556]]]}},{"type":"Feature","properties":{"category":"R","category_source":"airspace_type","airspace_class":"","airspace_type":"R","local_type":"RPZ","designator":"EGR1U027E","name":"DENHAM RWY 30","source":"NATS UK ICAO AIP Dataset","airac":"2026-08-06"},"geometry":{"type":"Polygon","coordinates":[[[-0.4448222,51.570975],[-0.4516167,51.5630472],[-0.469563278,51.569032139],[-0.5129944,51.588425],[-0.462816333,51.576976139],[-0.4448222,51.570975]]]}},{"type":"Feature","properties":{"category":"R","category_source":"airspace_type","airspace_class":"","airspace_type":"R","local_type":"RPZ","designator":"EGR1U028E","name":"LONDON HEATHROW RWY 27L","source":"NATS UK ICAO AIP Dataset","airac":"2026-08-06"},"geometry":{"type":"Polygon","coordinates":[[[-0.3622085,51.471905194],[-0.362095028,51.458423111],[-0.402291361,51.458317139],[-0.46135,51.4775833],[-0.395353528,51.471818833],[-0.3622085,51.471905194]]]}},{"type":"Feature","properties":{"category":"R","category_source":"airspace_type","airspace_class":"","airspace_type":"R","local_type":"FRZ","designator":"EGR2U073","name":"NSA HEREFORD","source":"NATS UK ICAO AIP Dataset","airac":"2026-08-06"},"geometry":{"type":"Polygon","coordinates":[[[-2.8005861,52.0890444],[-2.7975139,52.0891778],[-2.7867889,52.0848583],[-2.7883139,52.0817417],[-2.7953333,52.0781083],[-2.803525,52.0795833],[-2.8038917,52.0830806],[-2.8005861,52.0890444]]]}},{"type":"Feature","properties":{"category":"R","category_source":"airspace_type","airspace_class":"","airspace_type":"R","local_type":"RPZ","designator":"EGR1U009F","name":"GLOUCESTERSHIRE RWY 08","source":"NATS UK ICAO AIP Dataset","airac":"2026-08-06"},"geometry":{"type":"Polygon","coordinates":[[[-2.248525,51.8840111],[-2.2501028,51.8929472],[-2.221014472,51.894932972],[-2.16722,51.89417],[-2.219379806,51.886001167],[-2.248525,51.8840111]]]}},{"type":"Feature","properties":{"category":"D","category_source":"airspace_type","airspace_class":"","airspace_type":"D","local_type":"","designator":"EGD323D","name":"SOUTHERN COMPLEX","source":"NATS UK ICAO AIP Dataset","airac":"2026-08-06"},"geometry":{"type":"Polygon","coordinates":[[[2.352636111,54.75875],[2.7144361,54.6632333],[2.9095444,54.5285361],[3.0193417,54.2940167],[0.599175,53.6369389],[-0.000536111,54.112180556],[2.352636111,54.75875]]]}},{"type":"Feature","properties":{"category":"D","category_source":"airspace_type","airspace_class":"","airspace_type":"D","local_type":"","designator":"EGD408","name":"FELDOM","source":"NATS UK ICAO AIP Dataset","airac":"2026-08-06"},"geometry":{"type":"Polygon","coordinates":[[[-1.86639,54.47389],[-1.8225,54.46389],[-1.78167,54.44889],[-1.80528,54.42028],[-1.83444,54.41306],[-1.86639,54.41806],[-1.89722,54.45556],[-1.86639,54.47389]]]}},{"type":"Feature","properties":{"category":"R","category_source":"airspace_type","airspace_class":"","airspace_type":"R","local_type":"RPZ","designator":"EGR1U025B","name":"HALTON RWY 02","source":"NATS UK ICAO AIP Dataset","airac":"2026-08-06"},"geometry":{"type":"Polygon","coordinates":[[[-0.755848722,51.744532056],[-0.7695065,51.747515722],[-0.760930611,51.762658167],[-0.73645,51.7922833],[-0.747267333,51.759676194],[-0.755848722,51.744532056]]]}},{"type":"Feature","properties":{"category":"R","category_source":"airspace_type","airspace_class":"","airspace_type":"R","local_type":"FRZ","designator":"EGR1U084","name":"NSA THORNEY ISLAND","source":"NATS UK ICAO AIP Dataset","airac":"2026-08-06"},"geometry":{"type":"Polygon","coordinates":[[[-0.9380472,50.8315361],[-0.9170722,50.8335139],[-0.9032611,50.8247556],[-0.9038333,50.8036417],[-0.9209389,50.8054972],[-0.928975,50.8124194],[-0.9426139,50.8154222],[-0.9414083,50.8275389],[-0.9380472,50.8315361]]]}},{"type":"Feature","properties":{"category":"R","category_source":"airspace_type","airspace_class":"","airspace_type":"R","local_type":"RPZ","designator":"EGR8U001E","name":"STORNOWAY RWY 36","source":"NATS UK ICAO AIP Dataset","airac":"2026-08-06"},"geometry":{"type":"Polygon","coordinates":[[[-6.3122833,58.1615194],[-6.3291861,58.1606222],[-6.331727111,58.174029694],[-6.3310667,58.2155972],[-6.3148175,58.174923278],[-6.3122833,58.1615194]]]}},{"type":"Feature","properties":{"category":"D","category_source":"airspace_type","airspace_class":"","airspace_type":"D","local_type":"","designator":"EGD217G","name":"LLANBEDR","source":"NATS UK ICAO AIP Dataset","airac":"2026-08-06"},"geometry":{"type":"Polygon","coordinates":[[[-4.0894944,52.8395528],[-4.086225,52.7713306],[-4.1823997806066915,52.82954376240301],[-4.185144102103192,52.82713629644674],[-4.18760122105472,52.824618136990736],[-4.189759024024534,52.82200173246178],[-4.191606885307702,52.819300016957456],[-4.193135718638896,52.81652634630698],[-4.194338021147001,52.8136944320471],[-4.19520790935844,52.8108182736397],[-4.195741147092852,52.8079120892659],[-4.195935165136824,52.8049902455391],[-4.195789072623557,52.80206718648411],[-4.195303660088362,52.799157362133656],[-4.1944813942115236,52.79627515709522],[-4.193326404301164,52.793434819441224],[-4.1918444606089915,52.79065039027428],[-4.190042944611156,52.787935634315474],[-4.187930811424575,52.785303971858994],[-4.18551854456599,52.78276841242944],[-4.182818103296404,52.78034149046969],[-4.179842862827449,52.778035203377364],[-4.1766075476983735,52.77586095219615],[-4.173128158662759,52.77382948525517],[-4.169421893452617,52.771950845035],[-4.165507061814121,52.770234318523066],[-4.161402995233828,52.76868839130376],[-4.157129951796848,52.76732070561027],[-4.152709016638871,52.76613802254549],[-4.148161998472371,52.765146188658775],[-4.143511322683499,52.76435010704371],[-4.138779921510296,52.76375371309989],[-4.13399112182472,52.763359955078386],[-4.12916853105071,52.763170779507206],[-4.124335921758041,52.763187121568684],[-4.119517115477031,52.763408900476456],[-4.114735866282315,52.76383501987481],[-4.110015744694801,52.764463373258494],[-4.105380022449659,52.76529085438614],[-4.10085155867473,52.76631337263584],[-4.096452688018026,52.767525873227015],[-4.092205111255179,52.768922362208485],[-4.08812978889757,52.77049593608939],[-4.084246838309676,52.7722388159663],[-4.080575434829723,52.77414238597795],[-4.077133717371171,52.776197235897435],[-4.073938698963842,52.77839320765129],[-4.0710061826726855,52.780719445535574],[-4.068350683309264,52.783164449880594],[-4.065985355326126,52.78571613389915],[-4.063921927257299,52.78836188343704],[-4.062170643039292,52.79108861933073],[-4.0607402105163315,52.79388286206366],[-4.059637757401075,52.79673079840175],[-4.058868794927944,52.79961834967859],[-4.058437189400565,52.80253124139281],[-4.058345141797693,52.80545507377356],[-4.058593175563674,52.80837539296517],[-4.059180132669988,52.81127776247933],[-4.060103177994014,52.81414783456126],[-4.0613578120199785,52.81697142111736],[-4.062937891825326,52.81973456385344],[-4.06483566027369,52.82242360327708],[-4.067041783293458,52.825025246222815],[-4.0695453950789195,52.82752663156639],[-4.0894944,52.8395528]]]}},{"type":"Feature","properties":{"category":"R","category_source":"airspace_type","airspace_class":"","airspace_type":"R","local_type":"FRZ","designator":"EGR3U042","name":"HMP MORTON HALL","source":"NATS UK ICAO AIP Dataset","airac":"2026-08-06"},"geometry":{"type":"Polygon","coordinates":[[[-0.6910889,53.1738],[-0.6785611,53.1725222],[-0.6761861,53.1627139],[-0.6816,53.1605806],[-0.6930167,53.1615611],[-0.6956667,53.1687667],[-0.6910889,53.1738]]]}},{"type":"Feature","properties":{"category":"R","category_source":"airspace_type","airspace_class":"","airspace_type":"R","local_type":"RPZ","designator":"EGR1U033C","name":"REDHILL RWY 25R","source":"NATS UK ICAO AIP Dataset","airac":"2026-08-06"},"geometry":{"type":"Polygon","coordinates":[[[-0.0667972,51.231575],[-0.0629556,51.2229167],[-0.086322528,51.218843528],[-0.1386694,51.2135861],[-0.090466944,51.227448972],[-0.0667972,51.231575]]]}},{"type":"Feature","properties":{"category":"R","category_source":"airspace_type","airspace_class":"","airspace_type":"R","local_type":"RPZ","designator":"EGR1U033B","name":"REDHILL RWY 07L","source":"NATS UK ICAO AIP Dataset","airac":"2026-08-06"},"geometry":{"type":"Polygon","coordinates":[[[-0.2102417,51.1971528],[-0.2140806,51.2058111],[-0.191333222,51.209804222],[-0.1386694,51.2135861],[-0.187798056,51.201092556],[-0.2102417,51.1971528]]]}},{"type":"Feature","properties":{"category":"R","category_source":"airspace_type","airspace_class":"","airspace_type":"R","local_type":"RPZ","designator":"EGR3U012D","name":"NETHERTHORPE RWY 18","source":"NATS UK ICAO AIP Dataset","airac":"2026-08-06"},"geometry":{"type":"Polygon","coordinates":[[[-1.2100472,53.3626889],[-1.1950861,53.3635028],[-1.193058806,53.35016175],[-1.1962028,53.3169333],[-1.208030722,53.349453167],[-1.2100472,53.3626889]]]}},{"type":"Feature","properties":{"category":"D","category_source":"airspace_type","airspace_class":"","airspace_type":"D","local_type":"","designator":"EGD701F","name":"HEBRIDES","source":"NATS UK ICAO AIP Dataset","airac":"2026-08-06"},"geometry":{"type":"Polygon","coordinates":[[[-10.0,59.5],[-7.8206222,58.7873639],[-7.1430639,58.4235972],[-7.25,57.8231472],[-8.8276361,58.4831389],[-8.8276361,58.4831389],[-10.0,58.4831389],[-10.0,58.4831389],[-10.0,59.5]]]}},{"type":"Feature","properties":{"category":"R","category_source":"airspace_type","airspace_class":"","airspace_type":"R","local_type":"FRZ","designator":"EGR1U073","name":"HMP THE MOUNT","source":"NATS UK ICAO AIP Dataset","airac":"2026-08-06"},"geometry":{"type":"Polygon","coordinates":[[[-0.5418639,51.7313889],[-0.5353611,51.7318417],[-0.5273167,51.7278194],[-0.5369556,51.7203028],[-0.5487111,51.7209111],[-0.54795,51.7256778],[-0.5458194,51.7286389],[-0.5418639,51.7313889]]]}},{"type":"Feature","properties":{"category":"R","category_source":"airspace_type","airspace_class":"","airspace_type":"R","local_type":"RPZ","designator":"EGR1U115B","name":"PENZANCE RWY 08","source":"NATS UK ICAO AIP Dataset","airac":"2026-08-06"},"geometry":{"type":"Polygon","coordinates":[[[-5.581796528,50.118266],[-5.58417825,50.127124889],[-5.565724056,50.129185444],[-5.5139556,50.1303889],[-5.563332278,50.120327639],[-5.581796528,50.118266]]]}},{"type":"Feature","properties":{"category":"TMZ","category_source":"local_type","airspace_class":"","airspace_type":"OTHER:TMZ","local_type":"TMZ","designator":"EGTMZ005","name":"SCOTTISH TMA 5 TMZ","source":"NATS UK ICAO AIP Dataset","airac":"2026-08-06"},"geometry":{"type":"Polygon","coordinates":[[[-4.84306,55.74111],[-4.47972,55.61667],[-4.4883333,55.5505694],[-5.0,55.7260167],[-4.84306,55.74111]]]}},{"type":"Feature","properties":{"category":"D","category_source":"airspace_type","airspace_class":"","airspace_type":"D","local_type":"","designator":"EGD701J","name":"HEBRIDES","source":"NATS UK ICAO AIP Dataset","airac":"2026-08-06"},"geometry":{"type":"Polygon","coordinates":[[[-10.0,56.7633694],[-8.6245139,56.5898861],[-7.7185306,56.5859806],[-7.7374528,56.0608028],[-10.0,56.5896417],[-10.0,56.7633694]]]}},{"type":"Feature","properties":{"category":"R","category_source":"airspace_type","airspace_class":"","airspace_type":"R","local_type":"RPZ","designator":"EGR2U006E","name":"TERNHILL RWY 28","source":"NATS UK ICAO AIP Dataset","airac":"2026-08-06"},"geometry":{"type":"Polygon","coordinates":[[[-2.454678556,52.869921139],[-2.456973833,52.861043111],[-2.479705,52.8632085],[-2.5321917,52.8731611],[-2.477212528,52.872067778],[-2.454678556,52.869921139]]]}},{"type":"Feature","properties":{"category":"R","category_source":"airspace_type","airspace_class":"","airspace_type":"R","local_type":"RPZ","designator":"EGR2U012E","name":"WELLESBOURNE MOUNTFORD RWY 36","source":"NATS UK ICAO AIP Dataset","airac":"2026-08-06"},"geometry":{"type":"Polygon","coordinates":[[[-1.6017222,52.1435889],[-1.6162944,52.1429806],[-1.61806125,52.158996333],[-1.6144,52.1922083],[-1.6034835,52.159603722],[-1.6017222,52.1435889]]]}},{"type":"Feature","properties":{"category":"R","category_source":"airspace_type","airspace_class":"","airspace_type":"R","local_type":"RPZ","designator":"EGR2U029C","name":"LAKENHEATH RWY 24","source":"NATS UK ICAO AIP Dataset","airac":"2026-08-06"},"geometry":{"type":"Polygon","coordinates":[[[0.634240472,52.445377361],[0.642531111,52.437954917],[0.621037778,52.429006861],[0.5610111,52.4094028],[0.612754778,52.436431778],[0.634240472,52.445377361]]]}},{"type":"Feature","properties":{"category":"D","category_source":"airspace_type","airspace_class":"","airspace_type":"D","local_type":"","designator":"EGD701A","name":"HEBRIDES","source":"NATS UK ICAO AIP Dataset","airac":"2026-08-06"},"geometry":{"type":"Polygon","coordinates":[[[-7.80083,57.56306],[-7.42528,57.38139],[-7.37583,57.39],[-7.35444,57.36306],[-7.38139,57.18222],[-7.52528,57.17611],[-7.5725,57.03333],[-7.39639,57.33444],[-7.80083,57.56306]]]}},{"type":"Feature","properties":{"category":"R","category_source":"airspace_type","airspace_class":"","airspace_type":"R","local_type":"FRZ","designator":"EGR1U125A","name":"LEE-ON-SOLENT","source":"NATS UK ICAO AIP Dataset","airac":"2026-08-06"},"geometry":{"type":"Polygon","coordinates":[[[-1.20667,50.81583],[-1.15583,50.80667],[-1.18806,50.84694],[-1.20667,50.81583],[-1.158283917,50.802840167],[-1.158283917,50.802840167],[-1.20667,50.81583]]]}},{"type":"Feature","properties":{"category":"D","category_source":"airspace_type","airspace_class":"","airspace_type":"D","local_type":"","designator":"EGD118","name":"PEMBREY","source":"NATS UK ICAO AIP Dataset","airac":"2026-08-06"},"geometry":{"type":"Polygon","coordinates":[[[-4.276212008497676,51.696856876527214],[-4.273743452320945,51.700692329363285],[-4.271718913316473,51.70462621038752],[-4.270148669845593,51.70863875181901],[-4.269040726963291,51.712709790607725],[-4.268400773899891,51.71681886975399],[-4.268232153032557,51.72094534110505],[-4.268535840551286,51.72506846911219],[-4.269310438967365,51.72916753502703],[-4.2705521815538,51.733221941013376],[-4.272254948747331,51.7372113136515],[-4.274410296480454,51.741115606314736],[-4.277007496349911,51.74491519990389],[-4.28003358746558,51.74859100143341],[-4.283473439760998,51.75212453997372],[-4.287309828484349,51.75549805946783],[-4.291523519526953,51.75869460795562],[-4.296093365185565,51.761698122757544],[-4.300996409895635,51.764493511189784],[-4.306208005415344,51.76706672640502],[-4.311701934885388,51.76940483797799],[-4.317450545137343,51.771496096880924],[-4.323424886574571,51.77332999452256],[-4.329594859904331,51.774897315553844],[-4.335929368958498,51.77619018417512],[-4.342396478803304,51.77720210371213],[-4.348963578306265,51.777927989261784],[-4.3555975463010626,51.778364193243895],[-4.362264920469,51.77850852373027],[-4.36893206803885,51.77836025545915],[-4.375565357395628,51.77792013347968],[-4.382131329683201,51.77719036940803],[-4.388596869485677,51.776174630314],[-4.394929373678216,51.77487802029397],[-4.401096917549281,51.773307054822745],[-4.407068417313206,51.77146962801333],[-4.412813788154183,51.76937497294886],[-4.41830409697024,51.767033615286365],[-4.423511709018089,51.7644573203652],[-4.428410427696769,51.7616590340862],[-4.432975626749338,51.75865281785836],[-4.4371843742072095,51.75545377794022],[-4.441015547450651,51.75207798953075],[-4.444449938811119,51.748542415991395],[-4.447470351196031,51.744864823605035],[-4.450061683273887,51.7410636923003],[-4.452211003816862,51.73715812278979],[-4.453907614858753,51.73316774058887],[-4.455143103387915,51.72911259739725],[-4.45591138135728,51.72501307033912],[-4.456208713856254,51.720889759567946],[-4.45603373535174,51.71676338475048],[-4.4553874539676,51.71265468095035],[-4.454273243832937,51.708584294434196],[-4.452696825589525,51.70457267892403],[-4.450666235207138,51.700639992817116],[-4.448191781312182,51.696805997889896],[-4.4,51.66694],[-4.4,51.77361],[-4.276212008497676,51.696856876527214]]]}},{"type":"Feature","properties":{"category":"D","category_source":"airspace_type","airspace_class":"","airspace_type":"D","local_type":"","designator":"EGD009A","name":"WEMBURY","source":"NATS UK ICAO AIP Dataset","airac":"2026-08-06"},"geometry":{"type":"Polygon","coordinates":[[[-4.10917,50.31778],[-3.79444,50.16694],[-3.83556,50.10639],[-4.10917,50.31778],[-4.49194,50.19444],[-4.10917,50.31778]]]}},{"type":"Feature","properties":{"category":"R","category_source":"airspace_type","airspace_class":"","airspace_type":"R","local_type":"RPZ","designator":"EGR1U120B","name":"MERRYFIELD RWY 03","source":"NATS UK ICAO AIP Dataset","airac":"2026-08-06"},"geometry":{"type":"Polygon","coordinates":[[[-2.964884444,50.918303306],[-2.977853417,50.921991444],[-2.973701417,50.927832],[-2.9388139,50.9631361],[-2.960887806,50.923923083],[-2.964884444,50.918303306]]]}},{"type":"Feature","properties":{"category":"R","category_source":"airspace_type","airspace_class":"","airspace_type":"R","local_type":"RPZ","designator":"EGR1U125C","name":"LEE-ON-SOLENT RWY 23","source":"NATS UK ICAO AIP Dataset","airac":"2026-08-06"},"geometry":{"type":"Polygon","coordinates":[[[-1.1553556,50.8542139],[-1.1453528,50.8478333],[-1.174248917,50.82969575],[-1.180991611,50.83812125],[-1.1553556,50.8542139]]]}},{"type":"Feature","properties":{"category":"R","category_source":"airspace_type","airspace_class":"","airspace_type":"R","local_type":"RPZ","designator":"EGR1U138G","name":"CULDROSE RWY 36","source":"NATS UK ICAO AIP Dataset","airac":"2026-08-06"},"geometry":{"type":"Polygon","coordinates":[[[-5.2425861,50.0357222],[-5.2565417,50.0354833],[-5.256886833,50.043811333],[-5.2540722,50.0853972],[-5.242943306,50.044392944],[-5.2425861,50.0357222]]]}},{"type":"Feature","properties":{"category":"R","category_source":"airspace_type","airspace_class":"","airspace_type":"R","local_type":"RPZ","designator":"EGR6U004B","name":"OBAN RWY 01","source":"NATS UK ICAO AIP Dataset","airac":"2026-08-06"},"geometry":{"type":"Polygon","coordinates":[[[-5.4004833,56.4140361],[-5.4166083,56.4149083],[-5.413715778,56.431351694],[-5.3998639,56.4637194],[-5.397583806,56.430478917],[-5.4004833,56.4140361]]]}},{"type":"Feature","properties":{"category":"R","category_source":"airspace_type","airspace_class":"","airspace_type":"R","local_type":"RPZ","designator":"EGR1U025E","name":"HALTON RWY 25","source":"NATS UK ICAO AIP Dataset","airac":"2026-08-06"},"geometry":{"type":"Polygon","coordinates":[[[-0.667123889,51.811218139],[-0.662304222,51.802741639],[-0.683588694,51.798103472],[-0.73645,51.7922833],[-0.688024528,51.806663556],[-0.667123889,51.811218139]]]}},{"type":"Feature","properties":{"category":"R","category_source":"airspace_type","airspace_class":"","airspace_type":"R","local_type":"RPZ","designator":"EGR1U021B","name":"BLACKBUSHE RWY 07","source":"NATS UK ICAO AIP Dataset","airac":"2026-08-06"},"geometry":{"type":"Polygon","coordinates":[[[-0.9204,51.3040639],[-0.9249278,51.3125917],[-0.899753944,51.317859222],[-0.8475,51.32389],[-0.895272167,51.309321639],[-0.9204,51.3040639]]]}},{"type":"Feature","properties":{"category":"R","category_source":"airspace_type","airspace_class":"","airspace_type":"R","local_type":"RPZ","designator":"EGR3U016G","name":"SYERSTON RWY 24","source":"NATS UK ICAO AIP Dataset","airac":"2026-08-06"},"geometry":{"type":"Polygon","coordinates":[[[-0.8383528,53.0513528],[-0.8314639,53.0433833],[-0.859686778,53.034546861],[-0.91167,53.02333],[-0.866554528,53.042522806],[-0.8383528,53.0513528]]]}},{"type":"Feature","properties":{"category":"R","category_source":"airspace_type","airspace_class":"","airspace_type":"R","local_type":"","designator":"EGR610C","name":"THE HIGHLANDS","source":"NATS UK ICAO AIP Dataset","airac":"2026-08-06"},"geometry":{"type":"Polygon","coordinates":[[[-3.54,58.37167],[-3.32472,58.24278],[-3.44833,58.18917],[-3.66111,58.31667],[-3.54,58.37167]]]}},{"type":"Feature","properties":{"category":"R","category_source":"airspace_type","airspace_class":"","airspace_type":"R","local_type":"RPZ","designator":"EGR1U138C","name":"CULDROSE RWY 24","source":"NATS UK ICAO AIP Dataset","airac":"2026-08-06"},"geometry":{"type":"Polygon","coordinates":[[[-5.1913139,50.1138611],[-5.1849694,50.10585],[-5.195107472,50.102536944],[-5.2540722,50.0853972],[-5.202217639,50.11029775],[-5.1913139,50.1138611]]]}},{"type":"Feature","properties":{"category":"D","category_source":"airspace_type","airspace_class":"","airspace_type":"D","local_type":"","designator":"EGD217I","name":"LLANBEDR","source":"NATS UK ICAO AIP Dataset","airac":"2026-08-06"},"geometry":{"type":"Polygon","coordinates":[[[-4.1271361,52.8047444],[-4.086225,52.7713306],[-4.0860444,52.7675167],[-4.2084722,52.6592083],[-4.3215111,52.7062028],[-4.183775,52.8282917],[-4.1271361,52.8047444]]]}},{"type":"Feature","properties":{"category":"R","category_source":"airspace_type","airspace_class":"","airspace_type":"R","local_type":"RPZ","designator":"EGR1U127E","name":"CHICHESTER/GOODWOOD RWY 28","source":"NATS UK ICAO AIP Dataset","airac":"2026-08-06"},"geometry":{"type":"Polygon","coordinates":[[[-0.6829167,50.8557472],[-0.6861194,50.8469889],[-0.708601417,50.850296861],[-0.7592222,50.8593472],[-0.706616194,50.85923425],[-0.6829167,50.8557472]]]}},{"type":"Feature","properties":{"category":"R","category_source":"airspace_type","airspace_class":"","airspace_type":"R","local_type":"RPZ","designator":"EGR2U004C","name":"SLEAP RWY 23","source":"NATS UK ICAO AIP Dataset","airac":"2026-08-06"},"geometry":{"type":"Polygon","coordinates":[[[-2.7198417,52.8714472],[-2.7093722,52.865075],[-2.727841361,52.853982278],[-2.77167,52.83389],[-2.738316528,52.860349611],[-2.7198417,52.8714472]]]}},{"type":"Feature","properties":{"category":"R","category_source":"airspace_type","airspace_class":"","airspace_type":"R","local_type":"RPZ","designator":"EGR1U025C","name":"HALTON RWY 20","source":"NATS UK ICAO AIP Dataset","airac":"2026-08-06"},"geometry":{"type":"Polygon","coordinates":[[[-0.7170165,51.840028889],[-0.703330722,51.83704525],[-0.711941472,51.821904583],[-0.73645,51.7922833],[-0.725621694,51.824889889],[-0.7170165,51.840028889]]]}},{"type":"Feature","properties":{"category":"D","category_source":"airspace_type","airspace_class":"","airspace_type":"D","local_type":"","designator":"EGD307","name":"DONNA NOOK","source":"NATS UK ICAO AIP Dataset","airac":"2026-08-06"},"geometry":{"type":"Polygon","coordinates":[[[0.23167,53.39194],[0.08417,53.49222],[0.24979556363449631,53.393629416099756],[0.25930281998751936,53.395042395179225],[0.26862138560719234,53.39684974739443],[0.2777055275956433,53.39904255838178],[0.2865106438872397,53.40161001258789],[0.2949934792435118,53.40453944661482],[0.3031123351776837,53.40781641167957],[0.3108272728405242,53.41142474487941],[0.31810030792165955,53.415346648911864],[0.3248955966465033,53.419562779855916],[0.3311796119786795,53.42405234258165],[0.3369213091713634,53.42879319331757],[0.3420922798484501,53.43376194886985],[0.3466668938379872,53.438934101954764],[0.3506224280259622,53.444284142075404],[0.3539391815483647,53.44978568134655],[0.35660057669349704,53.455411584647045],[0.3585932449447652,53.46113410345777],[0.35990709765660533,53.466925012725056],[0.3605353809227096,53.47275575007449],[0.3604747142661572,53.47859755668847],[0.35972511285525943,53.48442161915271],[0.358289993026634,53.490199211572026],[0.35617616097794147,53.49590183725438],[0.35339378457649123,53.50150136926454],[0.34995634831613015,53.506970189153925],[0.3458805915430093,53.51228132318248],[0.34118643016044925,53.517408575360626],[0.33589686211362707,53.522326656655224],[0.3300378570455698,53.52701130972206],[0.32363823060631003,53.53143942854986],[0.3167295039863465,53.535589172425496],[0.3093457493330575,53.53944007365853],[0.3015234217937065,53.5429731385335],[0.2933011790104335,53.54617094099222],[0.28471968897041744,53.54901770858397],[0.2758214271875218,53.551499400259544],[0.26665046425950106,53.55360377562569],[0.25725224490662246,53.55532045531806],[0.24767335965272658,53.55664097219517],[0.2379613103577775,53.55755881310066],[0.22816427085135116,53.55806945098803],[0.21833084394887015,53.55817036724925],[0.20850981615638386,53.55786106413726],[0.19874991138506673,53.55714306722102],[0.1890995450032024,53.5560199178609],[0.17960657955117454,53.55449715574181],[0.17031808343391247,53.55258229154984],[0.16128009388546463,53.550284769927536],[0.1525373854720905,53.54761592289028],[0.14413324536377325,53.5445889139336],[0.1361092565597233,53.54121867310721],[0.12850509020172163,53.53752182337581],[0.12135830805055513,53.53351659863003],[0.11470417613589814,53.52922275375179],[0.10857549051941628,53.52466146717775],[0.10300241603529232,53.51985523644136],[0.09801233879247147,53.514827767208786],[0.0936297331394387,53.509603856355945],[0.08987604370597654,53.50420926966344],[0.0867695830478567,53.49867061473259],[0.08432544533048789,53.49301520974928],[0.08255543639689417,53.48727094874314],[0.08146802047468579,53.481466164006385],[0.23167,53.39194]]]}},{"type":"Feature","properties":{"category":"R","category_source":"airspace_type","airspace_class":"","airspace_type":"R","local_type":"RPZ","designator":"EGR1U033J","name":"REDHILL RWY H18","source":"NATS UK ICAO AIP Dataset","airac":"2026-08-06"},"geometry":{"type":"Polygon","coordinates":[[[-0.157575,51.2578167],[-0.1432806,51.2583889],[-0.142102444,51.246810139],[-0.1386694,51.2135861],[-0.156266333,51.244993056],[-0.157575,51.2578167]]]}},{"type":"Feature","properties":{"category":"D","category_source":"airspace_type","airspace_class":"","airspace_type":"D","local_type":"","designator":"EGD136","name":"SHOEBURYNESS","source":"NATS UK ICAO AIP Dataset","airac":"2026-08-06"},"geometry":{"type":"Polygon","coordinates":[[[0.80111,51.53806],[0.85111,51.50472],[0.78333,51.50833],[0.80111,51.53806]]]}},{"type":"Feature","properties":{"category":"R","category_source":"airspace_type","airspace_class":"","airspace_type":"R","local_type":"RPZ","designator":"EGR1U016B","name":"MIDDLE WALLOP RWY 08","source":"NATS UK ICAO AIP Dataset","airac":"2026-08-06"},"geometry":{"type":"Polygon","coordinates":[[[-1.645003417,51.136535583],[-1.646523861,51.14547325],[-1.624743972,51.146952139],[-1.5726722,51.1409833],[-1.625364222,51.13786925],[-1.645003417,51.136535583]]]}},{"type":"Feature","properties":{"category":"D","category_source":"airspace_type","airspace_class":"","airspace_type":"D","local_type":"","designator":"EGD133A","name":"PIRBRIGHT","source":"NATS UK ICAO AIP Dataset","airac":"2026-08-06"},"geometry":{"type":"Polygon","coordinates":[[[-0.65194,51.32278],[-0.64944,51.32083],[-0.66417,51.30778],[-0.67444,51.30444],[-0.68417,51.30417],[-0.68833,51.30833],[-0.65194,51.32278]]]}},{"type":"Feature","properties":{"category":"D","category_source":"airspace_type","airspace_class":"","airspace_type":"D","local_type":"","designator":"EGD613D","name":"CENTRAL COMPLEX","source":"NATS UK ICAO AIP Dataset","airac":"2026-08-06"},"geometry":{"type":"Polygon","coordinates":[[[1.2068417,56.8823361],[1.9031472,56.0623556],[-0.4851528,56.0857028],[-1.4184806,56.2971694],[1.2068417,56.8823361]]]}},{"type":"Feature","properties":{"category":"R","category_source":"airspace_type","airspace_class":"","airspace_type":"R","local_type":"RPZ","designator":"EGR1U029B","name":"NORTHOLT RWY 07","source":"NATS UK ICAO AIP Dataset","airac":"2026-08-06"},"geometry":{"type":"Polygon","coordinates":[[[-0.4949056,51.5306528],[-0.4998722,51.5390917],[-0.471839028,51.545528611],[-0.41972,51.55278],[-0.466825,51.53710075],[-0.4949056,51.5306528]]]}},{"type":"Feature","properties":{"category":"D","category_source":"airspace_type","airspace_class":"","airspace_type":"D","local_type":"","designator":"EGD323E","name":"SOUTHERN COMPLEX","source":"NATS UK ICAO AIP Dataset","airac":"2026-08-06"},"geometry":{"type":"Polygon","coordinates":[[[3.019341667,54.294016667],[3.0200139,54.2925722],[2.9538889,53.9263889],[2.7113889,53.4686111],[0.599175,53.636938889],[3.019341667,54.294016667]]]}},{"type":"Feature","properties":{"category":"D","category_source":"airspace_type","airspace_class":"","airspace_type":"D","local_type":"","designator":"EGD207","name":"HOLBEACH","source":"NATS UK ICAO AIP Dataset","airac":"2026-08-06"},"geometry":{"type":"Polygon","coordinates":[[[0.2,52.80833],[0.10917,52.9],[0.25,52.83333],[0.40833,52.88333],[0.33333,52.80833],[0.33333,52.80833],[0.2,52.80833]]]}},{"type":"Feature","properties":{"category":"R","category_source":"airspace_type","airspace_class":"","airspace_type":"R","local_type":"FRZ","designator":"EGR3U028","name":"HMP BUCKLEY HALL","source":"NATS UK ICAO AIP Dataset","airac":"2026-08-06"},"geometry":{"type":"Polygon","coordinates":[[[-2.154525,53.6402944],[-2.1397833,53.6406194],[-2.1370972,53.6348333],[-2.1377556,53.6317028],[-2.1448333,53.6288722],[-2.1525222,53.6327444],[-2.154525,53.6402944]]]}},{"type":"Feature","properties":{"category":"R","category_source":"airspace_type","airspace_class":"","airspace_type":"R","local_type":"RPZ","designator":"EGR1U022G","name":"WYCOMBE AIR PARK/BOOKER RWY 35","source":"NATS UK ICAO AIP Dataset","airac":"2026-08-06"},"geometry":{"type":"Polygon","coordinates":[[[-0.784301528,51.564166083],[-0.798395,51.562262],[-0.804055056,51.578540806],[-0.8082306,51.6117306],[-0.789956583,51.580444944],[-0.784301528,51.564166083]]]}},{"type":"Feature","properties":{"category":"R","category_source":"airspace_type","airspace_class":"","airspace_type":"R","local_type":"RPZ","designator":"EGR1U119B","name":"DUNKESWELL RWY 04","source":"NATS UK ICAO AIP Dataset","airac":"2026-08-06"},"geometry":{"type":"Polygon","coordinates":[[[-3.2805972,50.8198667],[-3.2912889,50.825775],[-3.274335583,50.838097556],[-3.23472,50.86],[-3.263640306,50.832189528],[-3.2805972,50.8198667]]]}},{"type":"Feature","properties":{"category":"D","category_source":"airspace_type","airspace_class":"","airspace_type":"D","local_type":"","designator":"EGD007A","name":"FOWEY","source":"NATS UK ICAO AIP Dataset","airac":"2026-08-06"},"geometry":{"type":"Polygon","coordinates":[[[-4.61194,50.30028],[-4.53111,50.30556],[-4.46056,50.31583],[-4.41611,50.26389],[-4.73528,50.15611],[-4.77306,50.20056],[-4.61194,50.30028]]]}},{"type":"Feature","properties":{"category":"D","category_source":"airspace_type","airspace_class":"","airspace_type":"D","local_type":"","designator":"EGD026","name":"LULWORTH","source":"NATS UK ICAO AIP Dataset","airac":"2026-08-06"},"geometry":{"type":"Polygon","coordinates":[[[-2.13194,50.67222],[-2.12556,50.66389],[-2.13139,50.63083],[-2.13694,50.61222],[-2.07778,50.58417],[-2.01194,50.50833],[-2.04167,50.44833],[-2.145,50.41667],[-2.145,50.41667],[-2.25,50.41667],[-2.25,50.41667],[-2.28833,50.48833],[-2.28333,50.5],[-2.27333,50.53167],[-2.27,50.59333],[-2.24639,50.61667],[-2.24167,50.63333],[-2.19361,50.64028],[-2.19361,50.67444],[-2.13194,50.67222]]]}},{"type":"Feature","properties":{"category":"R","category_source":"airspace_type","airspace_class":"","airspace_type":"R","local_type":"FRZ","designator":"EGR1U091","name":"NSA TAUNTON (UKHO)","source":"NATS UK ICAO AIP Dataset","airac":"2026-08-06"},"geometry":{"type":"Polygon","coordinates":[[[-3.0786333,51.0247222],[-3.076575,51.0247389],[-3.0733417,51.0238667],[-3.0726722,51.0217167],[-3.0751417,51.0215028],[-3.0771639,51.0216056],[-3.0804083,51.0233556],[-3.0786333,51.0247222]]]}},{"type":"Feature","properties":{"category":"R","category_source":"airspace_type","airspace_class":"","airspace_type":"R","local_type":"RPZ","designator":"EGR3U011D","name":"SHERBURN-IN-ELMET RWY 06","source":"NATS UK ICAO AIP Dataset","airac":"2026-08-06"},"geometry":{"type":"Polygon","coordinates":[[[-1.2829833,53.7592861],[-1.2909194,53.7669444],[-1.271208,53.774131111],[-1.217675,53.7842389],[-1.264639333,53.76597425],[-1.2829833,53.7592861]]]}},{"type":"Feature","properties":{"category":"TMZ","category_source":"local_type","airspace_class":"","airspace_type":"OTHER:TMZ","local_type":"TMZ","designator":"EGTMZ012","name":"SCOTTISH TMA 3 TMZ","source":"NATS UK ICAO AIP Dataset","airac":"2026-08-06"},"geometry":{"type":"Polygon","coordinates":[[[-4.15722,56.23333],[-3.54972,56.23333],[-3.54972,56.23333],[-3.49389,56.11667],[-3.49389,56.11667],[-2.93556,56.11667],[-2.93556,56.11667],[-2.81361,56.00222],[-2.91944,55.69028],[-2.91944,55.69028],[-4.17139,55.69028],[-4.17139,55.69028],[-4.47972,55.61667],[-4.84306,55.74111],[-5.0,55.72611],[-5.0,55.83333],[-4.73333,56.0],[-4.15722,56.23333]]]}},{"type":"Feature","properties":{"category":"R","category_source":"airspace_type","airspace_class":"","airspace_type":"R","local_type":"RPZ","designator":"EGR2U025D","name":"DUXFORD RWY 06R","source":"NATS UK ICAO AIP Dataset","airac":"2026-08-06"},"geometry":{"type":"Polygon","coordinates":[[[0.06455875,52.059451833],[0.056837583,52.067075667],[0.082227056,52.076860667],[0.1315028,52.0905194],[0.089955417,52.069238944],[0.06455875,52.059451833]]]}},{"type":"Feature","properties":{"category":"R","category_source":"airspace_type","airspace_class":"","airspace_type":"R","local_type":"FRZ","designator":"EGR2U070","name":"NSA DONNINGTON","source":"NATS UK ICAO AIP Dataset","airac":"2026-08-06"},"geometry":{"type":"Polygon","coordinates":[[[-2.4661472,52.73025],[-2.4567083,52.7295222],[-2.4528083,52.7331417],[-2.4401083,52.7305472],[-2.4368278,52.725475],[-2.4372528,52.7241306],[-2.4515444,52.7170222],[-2.4636917,52.7256583],[-2.4661472,52.73025]]]}},{"type":"Feature","properties":{"category":"D","category_source":"airspace_type","airspace_class":"","airspace_type":"D","local_type":"","designator":"EGD701B","name":"HEBRIDES","source":"NATS UK ICAO AIP Dataset","airac":"2026-08-06"},"geometry":{"type":"Polygon","coordinates":[[[-7.5725,57.03333],[-7.59889,56.95361],[-9.3463778,57.2840639],[-9.3442028,57.8003528],[-8.5088278,57.7539222],[-8.1016944,57.7065417],[-7.80083,57.56306],[-7.39639,57.33444],[-7.5725,57.03333]]]}},{"type":"Feature","properties":{"category":"D","category_source":"airspace_type","airspace_class":"","airspace_type":"D","local_type":"","designator":"EGD403A","name":"LUCE BAY","source":"NATS UK ICAO AIP Dataset","airac":"2026-08-06"},"geometry":{"type":"Polygon","coordinates":[[[-4.91056,54.86139],[-4.84472,54.86083],[-4.82944,54.85],[-4.94611,54.81389],[-4.94806,54.83139],[-4.91056,54.86139]]]}},{"type":"Feature","properties":{"category":"R","category_source":"airspace_type","airspace_class":"","airspace_type":"R","local_type":"RPZ","designator":"EGR3U016D","name":"SYERSTON RWY 02R","source":"NATS UK ICAO AIP Dataset","airac":"2026-08-06"},"geometry":{"type":"Polygon","coordinates":[[[-0.9445833,52.9761],[-0.9579528,52.9800528],[-0.944535667,52.996598167],[-0.91167,53.02333],[-0.931468389,52.992266722],[-0.9445833,52.9761]]]}},{"type":"Feature","properties":{"category":"R","category_source":"airspace_type","airspace_class":"","airspace_type":"R","local_type":"RPZ","designator":"EGR2U016L","name":"LEICESTER RWY 33","source":"NATS UK ICAO AIP Dataset","airac":"2026-08-06"},"geometry":{"type":"Polygon","coordinates":[[[-0.9875722,52.5669806],[-1.0004111,52.5625556],[-1.0133225,52.576483444],[-1.03194,52.60778],[-1.000249389,52.580659361],[-0.9875722,52.5669806]]]}},{"type":"Feature","properties":{"category":"R","category_source":"airspace_type","airspace_class":"","airspace_type":"R","local_type":"FRZ","designator":"EGR2U035","name":"HMP BEDFORD","source":"NATS UK ICAO AIP Dataset","airac":"2026-08-06"},"geometry":{"type":"Polygon","coordinates":[[[-0.4699694,52.1445194],[-0.4655806,52.1431944],[-0.4620056,52.1395611],[-0.4660722,52.1345444],[-0.473425,52.1351944],[-0.4778222,52.1376056],[-0.4754778,52.1431472],[-0.4699694,52.1445194]]]}},{"type":"Feature","properties":{"category":"R","category_source":"airspace_type","airspace_class":"","airspace_type":"R","local_type":"RPZ","designator":"EGR5U002E","name":"ISLAY RWY 30","source":"NATS UK ICAO AIP Dataset","airac":"2026-08-06"},"geometry":{"type":"Polygon","coordinates":[[[-6.1788167,55.6612917],[-6.1869667,55.6535806],[-6.213654444,55.662620139],[-6.25972,55.68333],[-6.205523944,55.670338333],[-6.1788167,55.6612917]]]}},{"type":"Feature","properties":{"category":"R","category_source":"airspace_type","airspace_class":"","airspace_type":"R","local_type":"FRZ","designator":"EGR1U107","name":"NSA RAF CROUGHTON","source":"NATS UK ICAO AIP Dataset","airac":"2026-08-06"},"geometry":{"type":"Polygon","coordinates":[[[-1.1983167,51.9940083],[-1.193925,51.9969472],[-1.182825,51.9971278],[-1.1620389,51.9960389],[-1.1738,51.9841],[-1.1797361,51.981675],[-1.1933,51.9798444],[-1.1983167,51.9940083]]]}},{"type":"Feature","properties":{"category":"D","category_source":"airspace_type","airspace_class":"","airspace_type":"D","local_type":"","designator":"EGD512B","name":"OTTERBURN","source":"NATS UK ICAO AIP Dataset","airac":"2026-08-06"},"geometry":{"type":"Polygon","coordinates":[[[-2.23194,55.40722],[-2.06,55.28861],[-2.04417,55.23833],[-2.23111,55.25694],[-2.3875,55.31583],[-2.33583,55.37],[-2.23194,55.40722]]]}},{"type":"Feature","properties":{"category":"D","category_source":"airspace_type","airspace_class":"","airspace_type":"D","local_type":"","designator":"EGD701O","name":"HEBRIDES","source":"NATS UK ICAO AIP Dataset","airac":"2026-08-06"},"geometry":{"type":"Polygon","coordinates":[[[-12.0,57.0],[-10.0,56.4417389],[-10.0,56.0917611],[-11.7529139,56.53005],[-12.0,56.7324472],[-12.0,57.0]]]}},{"type":"Feature","properties":{"category":"R","category_source":"airspace_type","airspace_class":"","airspace_type":"R","local_type":"FRZ","designator":"EGR2U038","name":"HMP DOVEGATE","source":"NATS UK ICAO AIP Dataset","airac":"2026-08-06"},"geometry":{"type":"Polygon","coordinates":[[[-1.7855306,52.876175],[-1.7776139,52.8761417],[-1.7689,52.8708833],[-1.7803778,52.8639833],[-1.7901194,52.869925],[-1.7896972,52.8737778],[-1.7855306,52.876175]]]}},{"type":"Feature","properties":{"category":"R","category_source":"airspace_type","airspace_class":"","airspace_type":"R","local_type":"RPZ","designator":"EGR3U002B","name":"CAERNARFON RWY 07","source":"NATS UK ICAO AIP Dataset","airac":"2026-08-06"},"geometry":{"type":"Polygon","coordinates":[[[-4.4103139,53.081825],[-4.4152139,53.0903111],[-4.391813417,53.095222694],[-4.3376139,53.1018194],[-4.386903361,53.086738528],[-4.4103139,53.081825]]]}},{"type":"Feature","properties":{"category":"R","category_source":"airspace_type","airspace_class":"","airspace_type":"R","local_type":"RPZ","designator":"EGR2U004D","name":"SLEAP RWY 18","source":"NATS UK ICAO AIP Dataset","airac":"2026-08-06"},"geometry":{"type":"Polygon","coordinates":[[[-2.7795583,52.8812833],[-2.7647083,52.8815],[-2.764128028,52.866858889],[-2.77167,52.83389],[-2.778982361,52.866877306],[-2.7795583,52.8812833]]]}},{"type":"Feature","properties":{"category":"TMZ","category_source":"local_type","airspace_class":"","airspace_type":"OTHER:TMZ","local_type":"TMZ","designator":"EGTMZ015","name":"HOLYHEAD CTA 16 TMZ","source":"NATS UK ICAO AIP Dataset","airac":"2026-08-06"},"geometry":{"type":"Polygon","coordinates":[[[-5.0111389,54.0679667],[-4.76347111,53.9661775],[-4.93378556,53.89747667],[-5.1754625,54.00149556],[-5.0111389,54.0679667]]]}},{"type":"Feature","properties":{"category":"R","category_source":"airspace_type","airspace_class":"","airspace_type":"R","local_type":"RPZ","designator":"EGR1U003D","name":"SWANSEA RWY 10","source":"NATS UK ICAO AIP Dataset","airac":"2026-08-06"},"geometry":{"type":"Polygon","coordinates":[[[-4.1483194,51.6016306],[-4.1467306,51.6105639],[-4.120943861,51.60879875],[-4.06778,51.60528],[-4.120489611,51.599725361],[-4.1483194,51.6016306]]]}},{"type":"Feature","properties":{"category":"R","category_source":"airspace_type","airspace_class":"","airspace_type":"R","local_type":"RPZ","designator":"EGR5U002C","name":"ISLAY RWY 25","source":"NATS UK ICAO AIP Dataset","airac":"2026-08-06"},"geometry":{"type":"Polygon","coordinates":[[[-6.1778694,55.7033861],[-6.1725583,55.6949222],[-6.201725861,55.689105889],[-6.25972,55.68333],[-6.20656975,55.697663222],[-6.1778694,55.7033861]]]}},{"type":"Feature","properties":{"category":"R","category_source":"airspace_type","airspace_class":"","airspace_type":"R","local_type":"RPZ","designator":"EGR2U030C","name":"WATTISHAM RWY 23","source":"NATS UK ICAO AIP Dataset","airac":"2026-08-06"},"geometry":{"type":"Polygon","coordinates":[[[1.017832806,52.167781417],[1.027633778,52.161114944],[1.010189,52.151431111],[0.9554139,52.1270278],[1.000395417,52.158100528],[1.017832806,52.167781417]]]}},{"type":"Feature","properties":{"category":"D","category_source":"airspace_type","airspace_class":"","airspace_type":"D","local_type":"","designator":"EGD115B","name":"MANORBIER","source":"NATS UK ICAO AIP Dataset","airac":"2026-08-06"},"geometry":{"type":"Polygon","coordinates":[[[-4.83667,51.6375],[-4.73,51.6375],[-4.73,51.6375],[-4.50528,51.5625],[-4.78333,51.6375],[-5.03833,51.53556],[-4.83667,51.6375]]]}},{"type":"Feature","properties":{"category":"TMZ","category_source":"local_type","airspace_class":"","airspace_type":"OTHER:TMZ","local_type":"TMZ","designator":"EGTMZ032","name":"SCOTTISH TMA 2 TMZ","source":"NATS UK ICAO AIP Dataset","airac":"2026-08-06"},"geometry":{"type":"Polygon","coordinates":[[[-5.0,55.7260167],[-4.4883333,55.5505694],[-2.91944,55.69028],[-3.0,55.45],[-4.23861,55.10083],[-5.04278,55.20389],[-5.0,55.25306],[-5.0,55.7260167]]]}},{"type":"Feature","properties":{"category":"R","category_source":"airspace_type","airspace_class":"","airspace_type":"R","local_type":"RPZ","designator":"EGR1U036E","name":"STAPLEFORD RWY 21L","source":"NATS UK ICAO AIP Dataset","airac":"2026-08-06"},"geometry":{"type":"Polygon","coordinates":[[[0.1951389,51.6943528],[0.2069139,51.6891361],[0.192692111,51.676751833],[0.1560083,51.6525056],[0.180923417,51.681971806],[0.1951389,51.6943528]]]}},{"type":"Feature","properties":{"category":"D","category_source":"airspace_type","airspace_class":"","airspace_type":"D","local_type":"","designator":"EGD064C","name":"SOUTH WEST COMPLEX","source":"NATS UK ICAO AIP Dataset","airac":"2026-08-06"},"geometry":{"type":"Polygon","coordinates":[[[-5.4255306,51.2020806],[-5.1057833,51.1745361],[-4.5643667,50.9120278],[-4.5574972,50.7866167],[-4.6538056,50.7396694],[-4.6557722,50.7243333],[-5.7262778,50.5032417],[-5.4195056,51.1065583],[-5.4255306,51.2020806]]]}},{"type":"Feature","properties":{"category":"R","category_source":"airspace_type","airspace_class":"","airspace_type":"R","local_type":"RPZ","designator":"EGR1U037C","name":"LONDON STANSTED RWY 22","source":"NATS UK ICAO AIP Dataset","airac":"2026-08-06"},"geometry":{"type":"Polygon","coordinates":[[[0.2941833,51.9311306],[0.3048389,51.9250167],[0.28574,51.912317833],[0.235,51.885],[0.275073667,51.918422444],[0.2941833,51.9311306]]]}},{"type":"Feature","properties":{"category":"D","category_source":"airspace_type","airspace_class":"","airspace_type":"D","local_type":"","designator":"EGD402B","name":"LUCE BAY (N)","source":"NATS UK ICAO AIP Dataset","airac":"2026-08-06"},"geometry":{"type":"Polygon","coordinates":[[[-5.08583,55.05889],[-4.90278,55.04833],[-4.79556,54.93333],[-4.79556,54.93333],[-4.96667,54.93333],[-4.96667,54.93333],[-5.08583,55.05889]]]}},{"type":"Feature","properties":{"category":"D","category_source":"airspace_type","airspace_class":"","airspace_type":"D","local_type":"","designator":"EGD323F","name":"SOUTHERN COMPLEX","source":"NATS UK ICAO AIP Dataset","airac":"2026-08-06"},"geometry":{"type":"Polygon","coordinates":[[[-0.915833333,54.962333333],[-0.9156,54.811297222],[-0.9216389,54.4006611],[-1.2140306,54.7081583],[-1.1375,54.8694444],[-1.0619444,54.9202778],[-0.915833333,54.962333333]]]}},{"type":"Feature","properties":{"category":"D","category_source":"airspace_type","airspace_class":"","airspace_type":"D","local_type":"","designator":"EGD510A","name":"SPADEADAM","source":"NATS UK ICAO AIP Dataset","airac":"2026-08-06"},"geometry":{"type":"Polygon","coordinates":[[[-2.8821306,55.25],[-2.7480778,55.019925],[-3.0,55.15],[-2.9,55.25],[-2.9,55.25],[-2.8821306,55.25]]]}},{"type":"Feature","properties":{"category":"R","category_source":"airspace_type","airspace_class":"","airspace_type":"R","local_type":"RPZ","designator":"EGR2U020C","name":"WITTERING RWY 25","source":"NATS UK ICAO AIP Dataset","airac":"2026-08-06"},"geometry":{"type":"Polygon","coordinates":[[[-0.3881306,52.6338611],[-0.3838528,52.6252583],[-0.408710889,52.620704278],[-0.4759056,52.6130556],[-0.412971944,52.629309833],[-0.3881306,52.6338611]]]}},{"type":"Feature","properties":{"category":"R","category_source":"airspace_type","airspace_class":"","airspace_type":"R","local_type":"RPZ","designator":"EGR4U010F","name":"TOPCLIFFE RWY 07","source":"NATS UK ICAO AIP Dataset","airac":"2026-08-06"},"geometry":{"type":"Polygon","coordinates":[[[-1.462802694,54.185153417],[-1.466802778,54.193825778],[-1.437091056,54.198556583],[-1.3816278,54.2056278],[-1.431812694,54.1900875],[-1.462802694,54.185153417]]]}},{"type":"Feature","properties":{"category":"R","category_source":"airspace_type","airspace_class":"","airspace_type":"R","local_type":"RPZ","designator":"EGR3U021C","name":"HUMBERSIDE RWY 20","source":"NATS UK ICAO AIP Dataset","airac":"2026-08-06"},"geometry":{"type":"Polygon","coordinates":[[[-0.3240806,53.6247806],[-0.3101028,53.6213639],[-0.318006556,53.609961278],[-0.3514583,53.5734306],[-0.33197675,53.613383694],[-0.3240806,53.6247806]]]}},{"type":"Feature","properties":{"category":"R","category_source":"airspace_type","airspace_class":"","airspace_type":"R","local_type":"RPZ","designator":"EGR1U035C","name":"LONDON CITY RWY 27","source":"NATS UK ICAO AIP Dataset","airac":"2026-08-06"},"geometry":{"type":"Polygon","coordinates":[[[0.137234667,51.507133056],[0.136511,51.498156278],[0.107602861,51.499080583],[0.0551778,51.5052306],[0.108333528,51.508057139],[0.137234667,51.507133056]]]}},{"type":"Feature","properties":{"category":"R","category_source":"airspace_type","airspace_class":"","airspace_type":"R","local_type":"RPZ","designator":"EGR2U001B","name":"WEST WALES/ABERPORTH RWY 07","source":"NATS UK ICAO AIP Dataset","airac":"2026-08-06"},"geometry":{"type":"Polygon","coordinates":[[[-4.6350722,52.0952472],[-4.6394694,52.1038167],[-4.612693917,52.109045278],[-4.5594167,52.1147167],[-4.608284139,52.100478111],[-4.6350722,52.0952472]]]}},{"type":"Feature","properties":{"category":"D","category_source":"airspace_type","airspace_class":"","airspace_type":"D","local_type":"","designator":"EGD902H","name":"SAXAVORD","source":"NATS UK ICAO AIP Dataset","airac":"2026-08-06"},"geometry":{"type":"Polygon","coordinates":[[[-0.4166667,61.0],[0.0,61.0],[0.0,61.0],[-0.4166667,60.7666667],[-0.4166667,61.0]]]}},{"type":"Feature","properties":{"category":"R","category_source":"airspace_type","airspace_class":"","airspace_type":"R","local_type":"RPZ","designator":"EGR5U001B","name":"LONDONDERRY/EGLINTON RWY 08","source":"NATS UK ICAO AIP Dataset","airac":"2026-08-06"},"geometry":{"type":"Polygon","coordinates":[[[-7.2479778,55.0229694],[-7.2525111,55.0315667],[-7.233075917,55.034965917],[-7.16194,55.04278],[-7.228489639,55.02637775],[-7.2479778,55.0229694]]]}},{"type":"Feature","properties":{"category":"R","category_source":"airspace_type","airspace_class":"","airspace_type":"R","local_type":"RPZ","designator":"EGR1U029C","name":"NORTHOLT RWY 25","source":"NATS UK ICAO AIP Dataset","airac":"2026-08-06"},"geometry":{"type":"Polygon","coordinates":[[[-0.3429889,51.5750056],[-0.3380139,51.5665694],[-0.367528806,51.559833056],[-0.41972,51.55278],[-0.372455111,51.568280444],[-0.3429889,51.5750056]]]}},{"type":"Feature","properties":{"category":"R","category_source":"airspace_type","airspace_class":"","airspace_type":"R","local_type":"FRZ","designator":"EGR2U063","name":"HUSBANDS BOSWORTH","source":"NATS UK ICAO AIP Dataset","airac":"2026-08-06"},"geometry":{"type":"Polygon","coordinates":[[[-1.0388889,52.4377778],[-1.0263889,52.4386111],[-1.0258333,52.4330556],[-1.0333333,52.4322222],[-1.0391667,52.4269444],[-1.0472222,52.4305556],[-1.0388889,52.4377778]]]}},{"type":"Feature","properties":{"category":"R","category_source":"airspace_type","airspace_class":"","airspace_type":"R","local_type":"RPZ","designator":"EGR5U008B","name":"NEWCASTLE RWY 07","source":"NATS UK ICAO AIP Dataset","airac":"2026-08-06"},"geometry":{"type":"Polygon","coordinates":[[[-1.7723028,55.0110389],[-1.7788556,55.0191944],[-1.758423361,55.024635194],[-1.6898111,55.0379222],[-1.751851361,55.016484306],[-1.7723028,55.0110389]]]}},{"type":"Feature","properties":{"category":"R","category_source":"airspace_type","airspace_class":"","airspace_type":"R","local_type":"FRZ","designator":"EGR3U034","name":"HMP HULL","source":"NATS UK ICAO AIP Dataset","airac":"2026-08-06"},"geometry":{"type":"Polygon","coordinates":[[[-0.3041611,53.7549278],[-0.2854222,53.7550639],[-0.2857472,53.7494889],[-0.2920833,53.74415],[-0.3046056,53.7440389],[-0.3041611,53.7549278]]]}},{"type":"Feature","properties":{"category":"R","category_source":"airspace_type","airspace_class":"","airspace_type":"R","local_type":"FRZ","designator":"EGR2U078","name":"NSA RAF MOLESWORTH","source":"NATS UK ICAO AIP Dataset","airac":"2026-08-06"},"geometry":{"type":"Polygon","coordinates":[[[-0.4322889,52.3906944],[-0.427475,52.3937028],[-0.4182194,52.3954722],[-0.4006111,52.3875778],[-0.4026389,52.3797],[-0.4293111,52.3773806],[-0.4342389,52.3787861],[-0.4383611,52.38335],[-0.4322889,52.3906944]]]}},{"type":"Feature","properties":{"category":"R","category_source":"airspace_type","airspace_class":"","airspace_type":"R","local_type":"RPZ","designator":"EGR2U008C","name":"WOLVERHAMPTON/HALFPENNY GREEN RWY 22","source":"NATS UK ICAO AIP Dataset","airac":"2026-08-06"},"geometry":{"type":"Polygon","coordinates":[[[-2.2237694,52.5588417],[-2.21195,52.5534722],[-2.224745222,52.543025028],[-2.2595472,52.5173833],[-2.237311444,52.547782278],[-2.2237694,52.5588417]]]}},{"type":"Feature","properties":{"category":"R","category_source":"airspace_type","airspace_class":"","airspace_type":"R","local_type":"RPZ","designator":"EGR1U127F","name":"CHICHESTER/GOODWOOD RWY 14","source":"NATS UK ICAO AIP Dataset","airac":"2026-08-06"},"geometry":{"type":"Polygon","coordinates":[[[-0.8157194,50.8937667],[-0.8049528,50.8996361],[-0.788004778,50.887220778],[-0.7592222,50.8593472],[-0.798740972,50.881330917],[-0.8157194,50.8937667]]]}},{"type":"Feature","properties":{"category":"D","category_source":"airspace_type","airspace_class":"","airspace_type":"D","local_type":"","designator":"EGD701W","name":"HEBRIDES","source":"NATS UK ICAO AIP Dataset","airac":"2026-08-06"},"geometry":{"type":"Polygon","coordinates":[[[-13.0,58.2481972],[-12.0,58.0264222],[-12.0,57.3568694],[-13.0,57.5239056],[-13.0,58.2481972]]]}},{"type":"Feature","properties":{"category":"R","category_source":"airspace_type","airspace_class":"","airspace_type":"R","local_type":"FRZ","designator":"EGR1U054","name":"HMP BRONZEFIELD","source":"NATS UK ICAO AIP Dataset","airac":"2026-08-06"},"geometry":{"type":"Polygon","coordinates":[[[-0.4930167,51.4362278],[-0.4780917,51.4384028],[-0.4755583,51.4316028],[-0.4792944,51.4289389],[-0.4851722,51.4280722],[-0.4903944,51.4301417],[-0.4930167,51.4362278]]]}},{"type":"Feature","properties":{"category":"R","category_source":"airspace_type","airspace_class":"","airspace_type":"R","local_type":"RPZ","designator":"EGR4U006B","name":"WALNEY RWY 17","source":"NATS UK ICAO AIP Dataset","airac":"2026-08-06"},"geometry":{"type":"Polygon","coordinates":[[[-3.295125,54.1756528],[-3.2802583,54.1778111],[-3.274318056,54.163734],[-3.2632278,54.1311],[-3.288845833,54.160784528],[-3.295125,54.1756528]]]}},{"type":"Feature","properties":{"category":"D","category_source":"airspace_type","airspace_class":"","airspace_type":"D","local_type":"","designator":"EGD219A","name":"RPAS CORRIDOR","source":"NATS UK ICAO AIP Dataset","airac":"2026-08-06"},"geometry":{"type":"Polygon","coordinates":[[[-2.570515361,52.549571167],[-1.074376167,52.199641472],[-1.949456222,51.863887194],[-2.358822139,51.894865083],[-2.067910333,52.088321833],[-2.252699917,52.259276056],[-2.570515361,52.549571167]]]}},{"type":"Feature","properties":{"category":"D","category_source":"airspace_type","airspace_class":"","airspace_type":"D","local_type":"","designator":"EGD809C","name":"MORAY FIRTH (CENTRAL)","source":"NATS UK ICAO AIP Dataset","airac":"2026-08-06"},"geometry":{"type":"Polygon","coordinates":[[[-2.55389,58.83333],[-1.75722,58.83333],[-1.75722,58.83333],[-1.84694,58.43333],[-1.84694,58.43333],[-2.68,58.43333],[-2.68,58.43333],[-2.55389,58.83333]]]}},{"type":"Feature","properties":{"category":"D","category_source":"airspace_type","airspace_class":"","airspace_type":"D","local_type":"","designator":"EGD037","name":"PORTSMOUTH","source":"NATS UK ICAO AIP Dataset","airac":"2026-08-06"},"geometry":{"type":"Polygon","coordinates":[[[-1.03639,50.61667],[-0.66056,50.61667],[-0.66056,50.61667],[-0.53694,50.5],[-0.53694,50.5],[-1.19,50.5],[-1.19,50.5],[-1.03639,50.61667]]]}},{"type":"Feature","properties":{"category":"R","category_source":"airspace_type","airspace_class":"","airspace_type":"R","local_type":"RPZ","designator":"EGR3U007B","name":"LIVERPOOL RWY 09","source":"NATS UK ICAO AIP Dataset","airac":"2026-08-06"},"geometry":{"type":"Polygon","coordinates":[[[-2.9402556,53.3249333],[-2.9414,53.3338917],[-2.919188611,53.334927944],[-2.84972,53.33361],[-2.918033917,53.325970028],[-2.9402556,53.3249333]]]}},{"type":"Feature","properties":{"category":"D","category_source":"airspace_type","airspace_class":"","airspace_type":"D","local_type":"","designator":"EGD148","name":"KEEVIL","source":"NATS UK ICAO AIP Dataset","airac":"2026-08-06"},"geometry":{"type":"Polygon","coordinates":[[[-2.1710333,51.2956889],[-2.1292833,51.3269444],[-2.0694667,51.3487167],[-2.0513417,51.3294194],[-2.0533333,51.2847222],[-2.11575,51.2672444],[-2.1580806,51.2835917],[-2.1710333,51.2956889]]]}},{"type":"Feature","properties":{"category":"R","category_source":"airspace_type","airspace_class":"","airspace_type":"R","local_type":"RPZ","designator":"EGR3U010C","name":"LEEDS BRADFORD RWY 32","source":"NATS UK ICAO AIP Dataset","airac":"2026-08-06"},"geometry":{"type":"Polygon","coordinates":[[[-1.5953917,53.8301222],[-1.6066306,53.8240778],[-1.619377,53.83238875],[-1.6607694,53.866025],[-1.6081265,53.838427056],[-1.5953917,53.8301222]]]}},{"type":"Feature","properties":{"category":"R","category_source":"airspace_type","airspace_class":"","airspace_type":"R","local_type":"RPZ","designator":"EGR3U016L","name":"SYERSTON RWY 11","source":"NATS UK ICAO AIP Dataset","airac":"2026-08-06"},"geometry":{"type":"Polygon","coordinates":[[[-0.9932278,53.0327917],[-0.9885556,53.041325],[-0.962599917,53.03617575],[-0.91167,53.02333],[-0.966440111,53.027477361],[-0.9932278,53.0327917]]]}},{"type":"Feature","properties":{"category":"R","category_source":"airspace_type","airspace_class":"","airspace_type":"R","local_type":"RPZ","designator":"EGR2U015C","name":"NOTTINGHAM RWY 21","source":"NATS UK ICAO AIP Dataset","airac":"2026-08-06"},"geometry":{"type":"Polygon","coordinates":[[[-1.0454,52.9648667],[-1.0322444,52.9606667],[-1.044745806,52.946408333],[-1.08,52.92083],[-1.057392083,52.951185278],[-1.0454,52.9648667]]]}},{"type":"Feature","properties":{"category":"ATZ","category_source":"local_type","airspace_class":"","airspace_type":"RAS","local_type":"ATZ","designator":"EGCB001","name":"MANCHESTER/BARTON ATZ","source":"NATS UK ICAO AIP Dataset","airac":"2026-08-06"},"geometry":{"type":"Polygon","coordinates":[[[-2.38972,53.47167],[-2.3355778,53.4635694],[-2.38278,53.44389],[-2.3907306,53.4382972],[-2.38972,53.47167]]]}},{"type":"Feature","properties":{"category":"D","category_source":"airspace_type","airspace_class":"","airspace_type":"D","local_type":"","designator":"EGD219F","name":"RPAS CORRIDOR","source":"NATS UK ICAO AIP Dataset","airac":"2026-08-06"},"geometry":{"type":"Polygon","coordinates":[[[3.820153472,57.773282444],[4.450070972,57.365870694],[2.874190889,55.8762335],[3.495901833,55.120209028],[3.190143306,54.224304806],[3.167808472,54.343808833],[1.874319083,55.893340167],[3.820153472,57.773282444]]]}},{"type":"Feature","properties":{"category":"R","category_source":"airspace_type","airspace_class":"","airspace_type":"R","local_type":"RPZ","designator":"EGR2U005E","name":"SHAWBURY RWY 36","source":"NATS UK ICAO AIP Dataset","airac":"2026-08-06"},"geometry":{"type":"Polygon","coordinates":[[[-2.660356556,52.740475278],[-2.675162778,52.740456889],[-2.675234139,52.760635528],[-2.6679389,52.793625],[-2.660421083,52.760653889],[-2.660356556,52.740475278]]]}},{"type":"Feature","properties":{"category":"R","category_source":"airspace_type","airspace_class":"","airspace_type":"R","local_type":"RPZ","designator":"EGR6U006C","name":"DUNDEE RWY 27","source":"NATS UK ICAO AIP Dataset","airac":"2026-08-06"},"geometry":{"type":"Polygon","coordinates":[[[-2.9333167,56.4564028],[-2.9334611,56.4474222],[-2.96642075,56.447607806],[-3.02583,56.4525],[-2.966215889,56.456588028],[-2.9333167,56.4564028]]]}},{"type":"Feature","properties":{"category":"R","category_source":"airspace_type","airspace_class":"","airspace_type":"R","local_type":"RPZ","designator":"EGR1U128G","name":"SHOREHAM RWY 24","source":"NATS UK ICAO AIP Dataset","airac":"2026-08-06"},"geometry":{"type":"Polygon","coordinates":[[[-0.2297,50.8599917],[-0.2233611,50.8519472],[-0.246622778,50.844618056],[-0.29722,50.83556],[-0.252302694,50.852869944],[-0.2297,50.8599917]]]}},{"type":"Feature","properties":{"category":"R","category_source":"airspace_type","airspace_class":"","airspace_type":"R","local_type":"","designator":"EGR107","name":"BELMARSH","source":"NATS UK ICAO AIP Dataset","airac":"2026-08-06"},"geometry":{"type":"Polygon","coordinates":[[[0.10765679620756655,51.49542015935208],[0.10785926074936367,51.49598967833642],[0.10799712934658895,51.49656662318341],[0.10806972172761527,51.497148157203824],[0.10807667848827131,51.49773142114466],[0.1080179629077671,51.49831354724732],[0.107893861178665,51.498891673347686],[0.10770498104879467,51.499462956948626],[0.1074522488808258,51.50002458919578],[0.107136905143018,51.50057380868806],[0.10676049835242561,51.501107915054654],[0.10632487749950569,51.50162428223211],[0.10583218299062302,51.50212037137601],[0.10528483615232558,51.502593743343795],[0.104685527348442,51.503042070687414],[0.10403720276799042,51.50346314909678],[0.10334304994854833,51.5038549082378],[0.10260648210608332,51.504215421931676],[0.10183112134824789,51.504542917625415],[0.10102078085376774,51.50483578510703],[0.10017944610577115,51.50509258442256],[0.09931125527168844,51.5053120529559],[0.09842047882666997,51.50549311163678],[0.09751149852130406,51.50563487024631],[0.09658878579774202,51.505736631793916],[0.09565687976113821,51.50579789594427],[0.09472036481557124,51.50581836147732],[0.0937838480753193,51.50579792776932],[0.09285193666350387,51.505736695287546],[0.09192921501068958,51.505634965096334],[0.09102022226602804,51.50549323737685],[0.09012942993296114,51.50531220896777],[0.08926121984035688,51.50509276993918],[0.08841986255824662,51.504835999216255],[0.08760949636507248,51.50454315927452],[0.08683410687055548,51.504215689932536],[0.08609750739496767,51.50385520127273],[0.08540332020176067,51.50346346572499],[0.08475495867618264,51.50304240935214],[0.0841556105377354,51.5025941023799],[0.08360822216910532,51.50212074901821],[0.08311548413857565,51.501624676623635],[0.08267981798692492,51.50110832425638],[0.08230336434346636,51.500574230688045],[0.08198797242922268,51.50002502191917],[0.0817351909982935,51.499463398267814],[0.08154626076129441,51.49889212109284],[0.0814221083273674,51.498313999216975],[0.08136334169371681,51.49773187511661],[0.08137024730395442,51.497148610946],[0.08144278868877955,51.49656707446488],[0.08158060669471352,51.495990124938345],[0.08178302129879353,51.495420599078635],[0.08204903499934417,51.494861297097714],[0.08237733776522752,51.49431496893939],[0.08276631351835824,51.49378430075851],[0.08321404811679824,51.49327190171386],[0.08371833879844925,51.49278029113956],[0.08427670503827706,51.492311886158205],[0.08488640076515983,51.49186898979645],[0.0855444278778872,51.49145377966164],[0.08624755099357641,51.49106829723508],[0.0869923133558443,51.49071443783458],[0.08777505382450786,51.49039394129568],[0.08859192486340291,51.490108383417315],[0.08943891143813706,51.48985916821403],[0.09031185073124628,51.489647521012806],[0.09120645257832624,51.48947448242841],[0.08167,51.49528],[0.09139,51.50556],[0.10765679620756655,51.49542015935208]]]}},{"type":"Feature","properties":{"category":"R","category_source":"airspace_type","airspace_class":"","airspace_type":"R","local_type":"RPZ","designator":"EGR1U115C","name":"PENZANCE RWY 26","source":"NATS UK ICAO AIP Dataset","airac":"2026-08-06"},"geometry":{"type":"Polygon","coordinates":[[[-5.446090389,50.142468056],[-5.443707889,50.133609194],[-5.462184333,50.131566333],[-5.5139556,50.1303889],[-5.46455675,50.140426306],[-5.446090389,50.142468056]]]}},{"type":"Feature","properties":{"category":"R","category_source":"airspace_type","airspace_class":"","airspace_type":"R","local_type":"RPZ","designator":"EGR3U016B","name":"SYERSTON RWY 02L","source":"NATS UK ICAO AIP Dataset","airac":"2026-08-06"},"geometry":{"type":"Polygon","coordinates":[[[-0.9462611,52.9757528],[-0.9596278,52.9797083],[-0.9455515,52.997063472],[-0.91167,53.02333],[-0.932635167,52.992546528],[-0.9462611,52.9757528]]]}},{"type":"Feature","properties":{"category":"R","category_source":"airspace_type","airspace_class":"","airspace_type":"R","local_type":"RPZ","designator":"EGR3U021B","name":"HUMBERSIDE RWY 02","source":"NATS UK ICAO AIP Dataset","airac":"2026-08-06"},"geometry":{"type":"Polygon","coordinates":[[[-0.3787722,53.5220722],[-0.3927167,53.5254917],[-0.384854417,53.536890889],[-0.3514583,53.5734306],[-0.370904472,53.533474194],[-0.3787722,53.5220722]]]}},{"type":"Feature","properties":{"category":"R","category_source":"airspace_type","airspace_class":"","airspace_type":"R","local_type":"RPZ","designator":"EGR2U028E","name":"MARHAM RWY 23","source":"NATS UK ICAO AIP Dataset","airac":"2026-08-06"},"geometry":{"type":"Polygon","coordinates":[[[0.6240778,52.6845639],[0.6324694,52.6771667],[0.610767583,52.668096861],[0.55056,52.64833],[0.6023875,52.675498333],[0.6240778,52.6845639]]]}},{"type":"Feature","properties":{"category":"R","category_source":"airspace_type","airspace_class":"","airspace_type":"R","local_type":"FRZ","designator":"EGR4U014","name":"HMP DURHAM","source":"NATS UK ICAO AIP Dataset","airac":"2026-08-06"},"geometry":{"type":"Polygon","coordinates":[[[-1.5670861,54.7781139],[-1.5609722,54.7763472],[-1.5601889,54.7706861],[-1.5645667,54.7673194],[-1.5746444,54.7692667],[-1.5776389,54.7768806],[-1.5670861,54.7781139]]]}},{"type":"Feature","properties":{"category":"R","category_source":"airspace_type","airspace_class":"","airspace_type":"R","local_type":"RPZ","designator":"EGR3U011C","name":"SHERBURN-IN-ELMET RWY 19","source":"NATS UK ICAO AIP Dataset","airac":"2026-08-06"},"geometry":{"type":"Polygon","coordinates":[[[-1.2095806,53.8342722],[-1.1945417,53.8330111],[-1.200625528,53.807632889],[-1.215773444,53.808400444],[-1.2095806,53.8342722]]]}},{"type":"Feature","properties":{"category":"R","category_source":"airspace_type","airspace_class":"","airspace_type":"R","local_type":"RPZ","designator":"EGR1U016D","name":"MIDDLE WALLOP RWY 17","source":"NATS UK ICAO AIP Dataset","airac":"2026-08-06"},"geometry":{"type":"Polygon","coordinates":[[[-1.588953,51.190385722],[-1.574743222,51.191417111],[-1.571591778,51.174270389],[-1.5726722,51.1409833],[-1.585796167,51.173238222],[-1.588953,51.190385722]]]}},{"type":"Feature","properties":{"category":"D","category_source":"airspace_type","airspace_class":"","airspace_type":"D","local_type":"","designator":"EGD219B","name":"RPAS CORRIDOR","source":"NATS UK ICAO AIP Dataset","airac":"2026-08-06"},"geometry":{"type":"Polygon","coordinates":[[[-1.074376167,52.199641472],[0.337060861,51.869175694],[2.0,51.169511389],[2.0,51.116666667],[1.466666667,51.0],[1.466666667,50.794803694],[-0.031843306,51.422573556],[-1.949456222,51.863887194],[-1.074376167,52.199641472]]]}},{"type":"Feature","properties":{"category":"R","category_source":"airspace_type","airspace_class":"","airspace_type":"R","local_type":"RPZ","designator":"EGR2U026B","name":"CAMBRIDGE RWY 05","source":"NATS UK ICAO AIP Dataset","airac":"2026-08-06"},"geometry":{"type":"Polygon","coordinates":[[[0.1152139,52.1682056],[0.1058056,52.1750833],[0.118784639,52.181807444],[0.175,52.205],[0.128199389,52.174932389],[0.1152139,52.1682056]]]}},{"type":"Feature","properties":{"category":"TMZ","category_source":"local_type","airspace_class":"","airspace_type":"OTHER:TMZ","local_type":"TMZ","designator":"EGTMZ010","name":"FARNBOROUGH CTA 8 TMZ","source":"NATS UK ICAO AIP Dataset","airac":"2026-08-06"},"geometry":{"type":"Polygon","coordinates":[[[-0.958905556,51.165755556],[-0.910833333,51.100555556],[-0.880942944,51.013122222],[-1.059722222,50.909722222],[-1.115833333,51.072222222],[-1.138055556,51.11],[-0.958905556,51.165755556]]]}},{"type":"Feature","properties":{"category":"TMZ","category_source":"local_type","airspace_class":"","airspace_type":"OTHER:TMZ","local_type":"TMZ","designator":"EGTMZ009","name":"MORAY CTA 13 TMZ","source":"NATS UK ICAO AIP Dataset","airac":"2026-08-06"},"geometry":{"type":"Polygon","coordinates":[[[-4.4555333,56.4740444],[-4.1577028,56.4522083],[-4.2161111,56.2097222],[-4.5480556,56.0755556],[-4.4555333,56.4740444]]]}},{"type":"Feature","properties":{"category":"R","category_source":"airspace_type","airspace_class":"","airspace_type":"R","local_type":"RPZ","designator":"EGR2U016J","name":"LEICESTER RWY 16","source":"NATS UK ICAO AIP Dataset","airac":"2026-08-06"},"geometry":{"type":"Polygon","coordinates":[[[-1.0777806,52.6435361],[-1.0651611,52.6482083],[-1.054919333,52.6379845],[-1.03194,52.60778],[-1.067363806,52.633140444],[-1.0777806,52.6435361]]]}},{"type":"Feature","properties":{"category":"D","category_source":"airspace_type","airspace_class":"","airspace_type":"D","local_type":"","designator":"EGD702","name":"FORT GEORGE","source":"NATS UK ICAO AIP Dataset","airac":"2026-08-06"},"geometry":{"type":"Polygon","coordinates":[[[-4.01306,57.60472],[-4.02444,57.58028],[-4.04917,57.57778],[-4.07722,57.58222],[-4.06056,57.59278],[-4.01306,57.60472]]]}},{"type":"Feature","properties":{"category":"R","category_source":"airspace_type","airspace_class":"","airspace_type":"R","local_type":"FRZ","designator":"EGR4U023","name":"NSA THIEPVAL BARRACKS","source":"NATS UK ICAO AIP Dataset","airac":"2026-08-06"},"geometry":{"type":"Polygon","coordinates":[[[-6.0524028,54.5268444],[-6.0430667,54.5275667],[-6.0416528,54.5245889],[-6.0483972,54.5210583],[-6.0560306,54.5194667],[-6.0563528,54.5247972],[-6.0524028,54.5268444]]]}},{"type":"Feature","properties":{"category":"R","category_source":"airspace_type","airspace_class":"","airspace_type":"R","local_type":"RPZ","designator":"EGR1U010C","name":"KEMBLE RWY 26","source":"NATS UK ICAO AIP Dataset","airac":"2026-08-06"},"geometry":{"type":"Polygon","coordinates":[[[-1.975475611,51.681149667],[-1.97306875,51.67228725],[-2.003496583,51.669111111],[-2.0570083,51.6680611],[-2.005893778,51.677974556],[-1.975475611,51.681149667]]]}},{"type":"Feature","properties":{"category":"R","category_source":"airspace_type","airspace_class":"","airspace_type":"R","local_type":"RPZ","designator":"EGR1U014D","name":"THRUXTON RWY 12","source":"NATS UK ICAO AIP Dataset","airac":"2026-08-06"},"geometry":{"type":"Polygon","coordinates":[[[-1.6677806,51.2325833],[-1.6600139,51.2401361],[-1.638899944,51.231592389],[-1.5969806,51.2112083],[-1.646059861,51.223794722],[-1.6677806,51.2325833]]]}},{"type":"Feature","properties":{"category":"R","category_source":"airspace_type","airspace_class":"","airspace_type":"R","local_type":"RPZ","designator":"EGR6U005C","name":"PERTH/SCONE RWY 21","source":"NATS UK ICAO AIP Dataset","airac":"2026-08-06"},"geometry":{"type":"Polygon","coordinates":[[[-3.3392389,56.4861444],[-3.3249528,56.4818806],[-3.338501083,56.467998417],[-3.3739056,56.441125],[-3.352779333,56.472264806],[-3.3392389,56.4861444]]]}},{"type":"Feature","properties":{"category":"TMZ","category_source":"local_type","airspace_class":"","airspace_type":"OTHER:TMZ","local_type":"TMZ","designator":"EGTMZ035","name":"MORAY FIRTH TMZ","source":"NATS UK ICAO AIP Dataset","airac":"2026-08-06"},"geometry":{"type":"Polygon","coordinates":[[[-2.886311861,58.364218639],[-2.706811972,58.354499833],[-2.508227972,58.231327806],[-2.506521389,58.111702028],[-3.277373917,57.955747361],[-3.280865417,58.053586472],[-3.177539528,58.133784194],[-3.080371694,58.198017667],[-3.042725833,58.242888611],[-2.967391917,58.326711722],[-2.886311861,58.364218639]]]}},{"type":"Feature","properties":{"category":"D","category_source":"airspace_type","airspace_class":"","airspace_type":"D","local_type":"","designator":"EGD323L","name":"SOUTHERN COMPLEX","source":"NATS UK ICAO AIP Dataset","airac":"2026-08-06"},"geometry":{"type":"Polygon","coordinates":[[[0.8311306,55.4081972],[1.7996194,55.1621806],[1.298075,55.028522222],[0.241227778,55.286172222],[0.8311306,55.4081972]]]}},{"type":"Feature","properties":{"category":"D","category_source":"airspace_type","airspace_class":"","airspace_type":"D","local_type":"","designator":"EGD064B","name":"SOUTH WEST COMPLEX","source":"NATS UK ICAO AIP Dataset","airac":"2026-08-06"},"geometry":{"type":"Polygon","coordinates":[[[-6.2787028,51.2711528],[-5.4255306,51.2020806],[-5.4195056,51.1065583],[-5.7262778,50.5032417],[-6.0128139,50.4771667],[-6.2787028,51.2711528]]]}},{"type":"Feature","properties":{"category":"R","category_source":"airspace_type","airspace_class":"","airspace_type":"R","local_type":"RPZ","designator":"EGR4U006C","name":"WALNEY RWY 35","source":"NATS UK ICAO AIP Dataset","airac":"2026-08-06"},"geometry":{"type":"Polygon","coordinates":[[[-3.2398167,54.0817778],[-3.25465,54.0796194],[-3.262309083,54.097827083],[-3.2632278,54.1311],[-3.247136583,54.099193833],[-3.2398167,54.0817778]]]}},{"type":"Feature","properties":{"category":"D","category_source":"airspace_type","airspace_class":"","airspace_type":"D","local_type":"","designator":"EGD712B","name":"NORTHERN COMPLEX","source":"NATS UK ICAO AIP Dataset","airac":"2026-08-06"},"geometry":{"type":"Polygon","coordinates":[[[-3.9668944,59.2454389],[-3.552325,59.1212278],[-4.7129333,58.0700667],[-5.3955861,58.2194278],[-5.4496722,58.8673306],[-3.9668944,59.2454389]]]}},{"type":"Feature","properties":{"category":"R","category_source":"airspace_type","airspace_class":"","airspace_type":"R","local_type":"FRZ","designator":"EGR6U009","name":"NSA CROMBIE","source":"NATS UK ICAO AIP Dataset","airac":"2026-08-06"},"geometry":{"type":"Polygon","coordinates":[[[-3.5402444,56.0510083],[-3.5322222,56.0504778],[-3.5109306,56.04085],[-3.5143278,56.0347083],[-3.5293667,56.0305472],[-3.5608861,56.0402528],[-3.5402444,56.0510083]]]}},{"type":"Feature","properties":{"category":"R","category_source":"airspace_type","airspace_class":"","airspace_type":"R","local_type":"RPZ","designator":"EGR2U029B","name":"LAKENHEATH RWY 06","source":"NATS UK ICAO AIP Dataset","airac":"2026-08-06"},"geometry":{"type":"Polygon","coordinates":[[[0.487866333,52.373396639],[0.479587806,52.380819167],[0.5010195,52.389789],[0.5610111,52.4094028],[0.509305611,52.382368972],[0.487866333,52.373396639]]]}},{"type":"Feature","properties":{"category":"R","category_source":"airspace_type","airspace_class":"","airspace_type":"R","local_type":"RPZ","designator":"EGR1U028D","name":"LONDON HEATHROW RWY 09R","source":"NATS UK ICAO AIP Dataset","airac":"2026-08-06"},"geometry":{"type":"Polygon","coordinates":[[[-0.554204417,51.45779225],[-0.554317889,51.471274361],[-0.527244611,51.471382306],[-0.46135,51.4775833],[-0.520078139,51.457927306],[-0.554204417,51.45779225]]]}},{"type":"Feature","properties":{"category":"R","category_source":"airspace_type","airspace_class":"","airspace_type":"R","local_type":"FRZ","designator":"EGR2U046","name":"HMP HIGHPOINT","source":"NATS UK ICAO AIP Dataset","airac":"2026-08-06"},"geometry":{"type":"Polygon","coordinates":[[[0.5095194,52.1464944],[0.5192861,52.1459222],[0.5260694,52.1337222],[0.5051556,52.1304],[0.5008167,52.1393278],[0.5095194,52.1464944]]]}},{"type":"Feature","properties":{"category":"TMZ","category_source":"local_type","airspace_class":"","airspace_type":"OTHER:TMZ","local_type":"TMZ","designator":"EGTMZ026","name":"MORAY CTA 4 TMZ","source":"NATS UK ICAO AIP Dataset","airac":"2026-08-06"},"geometry":{"type":"Polygon","coordinates":[[[-1.540725,59.5091528],[-1.2161361,59.489125],[-1.2562194,59.3240917],[-1.5792333,59.3441194],[-1.540725,59.5091528]]]}},{"type":"Feature","properties":{"category":"TMZ","category_source":"local_type","airspace_class":"","airspace_type":"RAS","local_type":"TMZ","designator":"EGSS006","name":"LONDON STANSTED TMZ 1","source":"NATS UK ICAO AIP Dataset","airac":"2026-08-06"},"geometry":{"type":"Polygon","coordinates":[[[0.235,51.885],[0.25083,52.01778],[0.35667,52.08806],[0.235,51.885],[0.55389,51.97444],[0.44806,51.90444],[0.235,51.885]]]}},{"type":"Feature","properties":{"category":"D","category_source":"airspace_type","airspace_class":"","airspace_type":"D","local_type":"","designator":"EGD217D","name":"LLANBEDR","source":"NATS UK ICAO AIP Dataset","airac":"2026-08-06"},"geometry":{"type":"Polygon","coordinates":[[[-4.3215111,52.7062028],[-4.2084722,52.6592083],[-4.2867417,52.5906806],[-4.3995917,52.6376389],[-4.3215111,52.7062028]]]}},{"type":"Feature","properties":{"category":"R","category_source":"airspace_type","airspace_class":"","airspace_type":"R","local_type":"RPZ","designator":"EGR8U003D","name":"KIRKWALL RWY 14","source":"NATS UK ICAO AIP Dataset","airac":"2026-08-06"},"geometry":{"type":"Polygon","coordinates":[[[-2.9713833,58.9922083],[-2.9579806,58.9979333],[-2.937542806,58.985205056],[-2.9004806,58.9580139],[-2.950296944,58.979079833],[-2.9713833,58.9922083]]]}},{"type":"Feature","properties":{"category":"R","category_source":"airspace_type","airspace_class":"","airspace_type":"R","local_type":"RPZ","designator":"EGR3U001B","name":"VALLEY RWY 01","source":"NATS UK ICAO AIP Dataset","airac":"2026-08-06"},"geometry":{"type":"Polygon","coordinates":[[[-4.5412361,53.1983583],[-4.5561083,53.1993472],[-4.554483778,53.2081825],[-4.5353333,53.2481667],[-4.539709278,53.206646806],[-4.5412361,53.1983583]]]}},{"type":"Feature","properties":{"category":"R","category_source":"airspace_type","airspace_class":"","airspace_type":"R","local_type":"RPZ","designator":"EGR3U006C","name":"WARTON RWY 25","source":"NATS UK ICAO AIP Dataset","airac":"2026-08-06"},"geometry":{"type":"Polygon","coordinates":[[[-2.7972167,53.7671639],[-2.7923167,53.7586611],[-2.814943389,53.754104278],[-2.8834361,53.745025],[-2.819824611,53.762610556],[-2.7972167,53.7671639]]]}},{"type":"Feature","properties":{"category":"R","category_source":"airspace_type","airspace_class":"","airspace_type":"R","local_type":"FRZ","designator":"EGR3U009A","name":"MANCHESTER BARTON","source":"NATS UK ICAO AIP Dataset","airac":"2026-08-06"},"geometry":{"type":"Polygon","coordinates":[[[-2.38972,53.47167],[-2.3355778,53.4635694],[-2.38278,53.44389],[-2.3907306,53.4382972],[-2.38972,53.47167]]]}},{"type":"Feature","properties":{"category":"R","category_source":"airspace_type","airspace_class":"","airspace_type":"R","local_type":"FRZ","designator":"EGR1U062","name":"HMP ERLESTOKE","source":"NATS UK ICAO AIP Dataset","airac":"2026-08-06"},"geometry":{"type":"Polygon","coordinates":[[[-2.0452722,51.2906528],[-2.0350694,51.2912139],[-2.0346833,51.2842861],[-2.0381528,51.2786583],[-2.0523444,51.2805278],[-2.0567667,51.2865528],[-2.0452722,51.2906528]]]}},{"type":"Feature","properties":{"category":"R","category_source":"airspace_type","airspace_class":"","airspace_type":"R","local_type":"RPZ","designator":"EGR7U002C","name":"BENBECULA RWY 24","source":"NATS UK ICAO AIP Dataset","airac":"2026-08-06"},"geometry":{"type":"Polygon","coordinates":[[[-7.2860778,57.5148806],[-7.2766167,57.5074833],[-7.308797417,57.495587833],[-7.36389,57.48056],[-7.31827175,57.502978722],[-7.2860778,57.5148806]]]}},{"type":"Feature","properties":{"category":"R","category_source":"airspace_type","airspace_class":"","airspace_type":"R","local_type":"FRZ","designator":"EGR1U067","name":"HMP PARC","source":"NATS UK ICAO AIP Dataset","airac":"2026-08-06"},"geometry":{"type":"Polygon","coordinates":[[[-3.5678111,51.5352528],[-3.5535389,51.5363333],[-3.5522639,51.5271083],[-3.5698056,51.5257222],[-3.5710222,51.5326472],[-3.5678111,51.5352528]]]}},{"type":"Feature","properties":{"category":"R","category_source":"airspace_type","airspace_class":"","airspace_type":"R","local_type":"RPZ","designator":"EGR3U001D","name":"VALLEY RWY 13","source":"NATS UK ICAO AIP Dataset","airac":"2026-08-06"},"geometry":{"type":"Polygon","coordinates":[[[-4.608287917,53.279489917],[-4.598565917,53.286330278],[-4.583001139,53.278397722],[-4.5353333,53.2481667],[-4.592713639,53.271553417],[-4.608287917,53.279489917]]]}},{"type":"Feature","properties":{"category":"D","category_source":"airspace_type","airspace_class":"","airspace_type":"D","local_type":"","designator":"EGD201F","name":"ABERPORTH","source":"NATS UK ICAO AIP Dataset","airac":"2026-08-06"},"geometry":{"type":"Polygon","coordinates":[[[-5.378770972,52.210060722],[-5.13935,52.166738889],[-5.015833333,52.150833333],[-4.646375,52.14435],[-4.816666667,52.103333333],[-5.308055556,52.137777778],[-5.378770972,52.210060722]]]}},{"type":"Feature","properties":{"category":"R","category_source":"airspace_type","airspace_class":"","airspace_type":"R","local_type":"FRZ","designator":"EGR2U060","name":"HMP WHATTON","source":"NATS UK ICAO AIP Dataset","airac":"2026-08-06"},"geometry":{"type":"Polygon","coordinates":[[[-0.9219444,52.9525028],[-0.9117306,52.9522306],[-0.9076667,52.9528917],[-0.9016,52.94975],[-0.900525,52.9426556],[-0.9229722,52.9438333],[-0.9219444,52.9525028]]]}},{"type":"Feature","properties":{"category":"R","category_source":"airspace_type","airspace_class":"","airspace_type":"R","local_type":"RPZ","designator":"EGR1U039E","name":"ROCHESTER RWY 20L","source":"NATS UK ICAO AIP Dataset","airac":"2026-08-06"},"geometry":{"type":"Polygon","coordinates":[[[0.5259917,51.3983278],[0.5393917,51.3950861],[0.530298639,51.380394806],[0.5028889,51.3518639],[0.517094639,51.383947194],[0.5259917,51.3983278]]]}},{"type":"Feature","properties":{"category":"R","category_source":"airspace_type","airspace_class":"","airspace_type":"R","local_type":"","designator":"EGR610D","name":"THE HIGHLANDS","source":"NATS UK ICAO AIP Dataset","airac":"2026-08-06"},"geometry":{"type":"Polygon","coordinates":[[[-4.10167,57.81667],[-4.04833,57.75],[-4.18222,57.70944],[-4.5,57.65],[-4.41667,57.78333],[-4.10167,57.81667]]]}},{"type":"Feature","properties":{"category":"D","category_source":"airspace_type","airspace_class":"","airspace_type":"D","local_type":"","designator":"EGD133B","name":"PIRBRIGHT","source":"NATS UK ICAO AIP Dataset","airac":"2026-08-06"},"geometry":{"type":"Polygon","coordinates":[[[-0.67472,51.34444],[-0.66583,51.34278],[-0.65194,51.32278],[-0.68833,51.30833],[-0.69611,51.32083],[-0.69944,51.33861],[-0.67472,51.34444]]]}},{"type":"Feature","properties":{"category":"R","category_source":"airspace_type","airspace_class":"","airspace_type":"R","local_type":"RPZ","designator":"EGR1U127B","name":"CHICHESTER/GOODWOOD RWY 06","source":"NATS UK ICAO AIP Dataset","airac":"2026-08-06"},"geometry":{"type":"Polygon","coordinates":[[[-0.8182694,50.8306472],[-0.8260139,50.8381806],[-0.807336028,50.845893694],[-0.7592222,50.8593472],[-0.799892444,50.8382355],[-0.8182694,50.8306472]]]}},{"type":"Feature","properties":{"category":"D","category_source":"airspace_type","airspace_class":"","airspace_type":"D","local_type":"","designator":"EGD012","name":"LYME BAY NORTH","source":"NATS UK ICAO AIP Dataset","airac":"2026-08-06"},"geometry":{"type":"Polygon","coordinates":[[[-2.75,50.70556],[-2.75,50.56667],[-2.75,50.56667],[-3.08333,50.56667],[-3.08333,50.56667],[-3.29167,50.5],[-3.25,50.61389],[-3.09556,50.685],[-2.75,50.70556],[-2.75,50.70556]]]}},{"type":"Feature","properties":{"category":"R","category_source":"airspace_type","airspace_class":"","airspace_type":"R","local_type":"FRZ","designator":"EGR2U052","name":"HMP PETERBOROUGH","source":"NATS UK ICAO AIP Dataset","airac":"2026-08-06"},"geometry":{"type":"Polygon","coordinates":[[[-0.2647389,52.5912556],[-0.2566833,52.5931028],[-0.2503806,52.5831861],[-0.259575,52.5809667],[-0.2662806,52.5826528],[-0.2673222,52.5848972],[-0.2671417,52.5888778],[-0.2647389,52.5912556]]]}},{"type":"Feature","properties":{"category":"R","category_source":"airspace_type","airspace_class":"","airspace_type":"R","local_type":"RPZ","designator":"EGR1U128E","name":"SHOREHAM RWY 20G","source":"NATS UK ICAO AIP Dataset","airac":"2026-08-06"},"geometry":{"type":"Polygon","coordinates":[[[-0.2749556,50.8823889],[-0.2617389,50.8790917],[-0.270912111,50.864386056],[-0.29722,50.83556],[-0.284057194,50.867791472],[-0.2749556,50.8823889]]]}},{"type":"Feature","properties":{"category":"R","category_source":"airspace_type","airspace_class":"","airspace_type":"R","local_type":"RPZ","designator":"EGR6U005D","name":"PERTH/SCONE RWY 09","source":"NATS UK ICAO AIP Dataset","airac":"2026-08-06"},"geometry":{"type":"Polygon","coordinates":[[[-3.4554361,56.4317694],[-3.4559194,56.4407472],[-3.433957222,56.441123639],[-3.3739056,56.441125],[-3.431736417,56.432175861],[-3.4554361,56.4317694]]]}},{"type":"Feature","properties":{"category":"R","category_source":"airspace_type","airspace_class":"","airspace_type":"R","local_type":"RPZ","designator":"EGR1U024D","name":"WHITE WALTHAM RWY 07","source":"NATS UK ICAO AIP Dataset","airac":"2026-08-06"},"geometry":{"type":"Polygon","coordinates":[[[-0.8435944,51.4752861],[-0.8497667,51.4834083],[-0.825659222,51.49056625],[-0.7748333,51.5006583],[-0.819477639,51.482447],[-0.8435944,51.4752861]]]}},{"type":"Feature","properties":{"category":"R","category_source":"airspace_type","airspace_class":"","airspace_type":"R","local_type":"RPZ","designator":"EGR2U025C","name":"DUXFORD RWY 24R","source":"NATS UK ICAO AIP Dataset","airac":"2026-08-06"},"geometry":{"type":"Polygon","coordinates":[[[0.1931528,52.1210833],[0.2008861,52.1134583],[0.179860306,52.105390611],[0.1315028,52.0905194],[0.171629806,52.112823917],[0.1931528,52.1210833]]]}},{"type":"Feature","properties":{"category":"R","category_source":"airspace_type","airspace_class":"","airspace_type":"R","local_type":"RPZ","designator":"EGR5U003B","name":"CAMPBELTOWN RWY 11","source":"NATS UK ICAO AIP Dataset","airac":"2026-08-06"},"geometry":{"type":"Polygon","coordinates":[[[-5.768881889,55.446149417],[-5.764505806,55.454780361],[-5.741644861,55.451051222],[-5.6881,55.4376167],[-5.74600975,55.442418528],[-5.768881889,55.446149417]]]}},{"type":"Feature","properties":{"category":"R","category_source":"airspace_type","airspace_class":"","airspace_type":"R","local_type":"RPZ","designator":"EGR1U006B","name":"BRISTOL RWY 09","source":"NATS UK ICAO AIP Dataset","airac":"2026-08-06"},"geometry":{"type":"Polygon","coordinates":[[[-2.8047333,51.3748028],[-2.8056222,51.3837722],[-2.785537333,51.384567028],[-2.7191,51.3826694],[-2.784633,51.375598194],[-2.8047333,51.3748028]]]}},{"type":"Feature","properties":{"category":"D","category_source":"airspace_type","airspace_class":"","airspace_type":"D","local_type":"","designator":"EGD004","name":"PLYMOUTH","source":"NATS UK ICAO AIP Dataset","airac":"2026-08-06"},"geometry":{"type":"Polygon","coordinates":[[[-3.575,50.06083],[-3.48611,50.0175],[-3.28194,49.78139],[-3.82,49.68472],[-3.575,50.06083]]]}},{"type":"Feature","properties":{"category":"R","category_source":"airspace_type","airspace_class":"","airspace_type":"R","local_type":"RPZ","designator":"EGR1U038E","name":"ANDREWSFIELD RWY 27L","source":"NATS UK ICAO AIP Dataset","airac":"2026-08-06"},"geometry":{"type":"Polygon","coordinates":[[[0.5270417,51.9032611],[0.5282722,51.8943056],[0.502873667,51.89298325],[0.44917,51.895],[0.50179325,51.901946639],[0.5270417,51.9032611]]]}},{"type":"Feature","properties":{"category":"R","category_source":"airspace_type","airspace_class":"","airspace_type":"R","local_type":"RPZ","designator":"EGR1U018B","name":"BENSON RWY 01","source":"NATS UK ICAO AIP Dataset","airac":"2026-08-06"},"geometry":{"type":"Polygon","coordinates":[[[-1.1003111,51.5617917],[-1.1145972,51.5630139],[-1.110202944,51.582970333],[-1.0958472,51.6150389],[-1.095910556,51.581747444],[-1.1003111,51.5617917]]]}},{"type":"Feature","properties":{"category":"R","category_source":"airspace_type","airspace_class":"","airspace_type":"R","local_type":"FRZ","designator":"EGR1U093","name":"NSA PLYMOUTH","source":"NATS UK ICAO AIP Dataset","airac":"2026-08-06"},"geometry":{"type":"Polygon","coordinates":[[[-4.201275,50.4198778],[-4.1914222,50.4291556],[-4.1846278,50.426375],[-4.1876556,50.4232778],[-4.1908361,50.4243694],[-4.194125,50.4190056],[-4.18645,50.4162472],[-4.1819472,50.4109056],[-4.1889056,50.4079972],[-4.2019444,50.4084139],[-4.201275,50.4198778]]]}},{"type":"Feature","properties":{"category":"R","category_source":"airspace_type","airspace_class":"","airspace_type":"R","local_type":"RPZ","designator":"EGR3U012C","name":"NETHERTHORPE RWY 24","source":"NATS UK ICAO AIP Dataset","airac":"2026-08-06"},"geometry":{"type":"Polygon","coordinates":[[[-1.1368917,53.3468556],[-1.1283667,53.3394583],[-1.146592333,53.331947333],[-1.1962028,53.3169333],[-1.155107944,53.33934775],[-1.1368917,53.3468556]]]}},{"type":"Feature","properties":{"category":"R","category_source":"airspace_type","airspace_class":"","airspace_type":"R","local_type":"FRZ","designator":"EGR1U126","name":"FLEETLANDS","source":"NATS UK ICAO AIP Dataset","airac":"2026-08-06"},"geometry":{"type":"Polygon","coordinates":[[[-1.16944,50.83528],[-1.21778,50.84833],[-1.21778,50.84833],[-1.2065417,50.8157361],[-1.18806,50.84694],[-1.15583,50.80667],[-1.2065417,50.8157361],[-1.158122111,50.802796611],[-1.158122111,50.802796611],[-1.16944,50.83528]]]}},{"type":"Feature","properties":{"category":"R","category_source":"airspace_type","airspace_class":"","airspace_type":"R","local_type":"RPZ","designator":"EGR7U003C","name":"INVERNESS RWY 23","source":"NATS UK ICAO AIP Dataset","airac":"2026-08-06"},"geometry":{"type":"Polygon","coordinates":[[[-3.9774833,57.580575],[-3.9666167,57.57375],[-3.983666306,57.565931389],[-4.0475444,57.5424944],[-3.994519944,57.572761083],[-3.9774833,57.580575]]]}},{"type":"Feature","properties":{"category":"R","category_source":"airspace_type","airspace_class":"","airspace_type":"R","local_type":"RPZ","designator":"EGR4U008B","name":"LEEMING RWY 16","source":"NATS UK ICAO AIP Dataset","airac":"2026-08-06"},"geometry":{"type":"Polygon","coordinates":[[[-1.5811833,54.3410333],[-1.5671611,54.3447194],[-1.557384694,54.332035833],[-1.53528,54.2925],[-1.571391944,54.328336194],[-1.5811833,54.3410333]]]}},{"type":"Feature","properties":{"category":"R","category_source":"airspace_type","airspace_class":"","airspace_type":"R","local_type":"RPZ","designator":"EGR7U005D","name":"LOSSIEMOUTH RWY 10","source":"NATS UK ICAO AIP Dataset","airac":"2026-08-06"},"geometry":{"type":"Polygon","coordinates":[[[-3.426483278,57.707712111],[-3.424595944,57.716634],[-3.413587306,57.715975056],[-3.3378889,57.7066583],[-3.415549889,57.707057667],[-3.426483278,57.707712111]]]}},{"type":"Feature","properties":{"category":"D","category_source":"airspace_type","airspace_class":"","airspace_type":"D","local_type":"","designator":"EGD217A","name":"LLANBEDR","source":"NATS UK ICAO AIP Dataset","airac":"2026-08-06"},"geometry":{"type":"Polygon","coordinates":[[[-4.0894944,52.8395528],[-4.086225,52.7713306],[-4.1823997806066915,52.82954376240301],[-4.185144102103192,52.82713629644674],[-4.18760122105472,52.824618136990736],[-4.189759024024534,52.82200173246178],[-4.191606885307702,52.819300016957456],[-4.193135718638896,52.81652634630698],[-4.194338021147001,52.8136944320471],[-4.19520790935844,52.8108182736397],[-4.195741147092852,52.8079120892659],[-4.195935165136824,52.8049902455391],[-4.195789072623557,52.80206718648411],[-4.195303660088362,52.799157362133656],[-4.1944813942115236,52.79627515709522],[-4.193326404301164,52.793434819441224],[-4.1918444606089915,52.79065039027428],[-4.190042944611156,52.787935634315474],[-4.187930811424575,52.785303971858994],[-4.18551854456599,52.78276841242944],[-4.182818103296404,52.78034149046969],[-4.179842862827449,52.778035203377364],[-4.1766075476983735,52.77586095219615],[-4.173128158662759,52.77382948525517],[-4.169421893452617,52.771950845035],[-4.165507061814121,52.770234318523066],[-4.161402995233828,52.76868839130376],[-4.157129951796848,52.76732070561027],[-4.152709016638871,52.76613802254549],[-4.148161998472371,52.765146188658775],[-4.143511322683499,52.76435010704371],[-4.138779921510296,52.76375371309989],[-4.13399112182472,52.763359955078386],[-4.12916853105071,52.763170779507206],[-4.124335921758041,52.763187121568684],[-4.119517115477031,52.763408900476456],[-4.114735866282315,52.76383501987481],[-4.110015744694801,52.764463373258494],[-4.105380022449659,52.76529085438614],[-4.10085155867473,52.76631337263584],[-4.096452688018026,52.767525873227015],[-4.092205111255179,52.768922362208485],[-4.08812978889757,52.77049593608939],[-4.084246838309676,52.7722388159663],[-4.080575434829723,52.77414238597795],[-4.077133717371171,52.776197235897435],[-4.073938698963842,52.77839320765129],[-4.0710061826726855,52.780719445535574],[-4.068350683309264,52.783164449880594],[-4.065985355326126,52.78571613389915],[-4.063921927257299,52.78836188343704],[-4.062170643039292,52.79108861933073],[-4.0607402105163315,52.79388286206366],[-4.059637757401075,52.79673079840175],[-4.058868794927944,52.79961834967859],[-4.058437189400565,52.80253124139281],[-4.058345141797693,52.80545507377356],[-4.058593175563674,52.80837539296517],[-4.059180132669988,52.81127776247933],[-4.060103177994014,52.81414783456126],[-4.0613578120199785,52.81697142111736],[-4.062937891825326,52.81973456385344],[-4.06483566027369,52.82242360327708],[-4.067041783293458,52.825025246222815],[-4.0695453950789195,52.82752663156639],[-4.0894944,52.8395528]]]}},{"type":"Feature","properties":{"category":"R","category_source":"airspace_type","airspace_class":"","airspace_type":"R","local_type":"RPZ","designator":"EGR1U118B","name":"EXETER RWY 08","source":"NATS UK ICAO AIP Dataset","airac":"2026-08-06"},"geometry":{"type":"Polygon","coordinates":[[[-3.4950583,50.7169167],[-3.4984444,50.7256444],[-3.478802194,50.728731778],[-3.4138111,50.7342917],[-3.475400444,50.720006278],[-3.4950583,50.7169167]]]}},{"type":"Feature","properties":{"category":"R","category_source":"airspace_type","airspace_class":"","airspace_type":"R","local_type":"RPZ","designator":"EGR1U102B","name":"SCILLY ISLES/ST MARY'S RWY 09","source":"NATS UK ICAO AIP Dataset","airac":"2026-08-06"},"geometry":{"type":"Polygon","coordinates":[[[-6.3645694,49.9064917],[-6.3652722,49.9154722],[-6.343131083,49.91620775],[-6.2917583,49.9132861],[-6.34246425,49.907226417],[-6.3645694,49.9064917]]]}},{"type":"Feature","properties":{"category":"R","category_source":"airspace_type","airspace_class":"","airspace_type":"R","local_type":"RPZ","designator":"EGR4U001C","name":"ENNISKILLEN/ST ANGELO RWY 32","source":"NATS UK ICAO AIP Dataset","airac":"2026-08-06"},"geometry":{"type":"Polygon","coordinates":[[[-7.5918306,54.3644028],[-7.6035556,54.3585889],[-7.621112,54.370680472],[-7.6518944,54.3986889],[-7.609398167,54.376504806],[-7.5918306,54.3644028]]]}},{"type":"Feature","properties":{"category":"R","category_source":"airspace_type","airspace_class":"","airspace_type":"R","local_type":"RPZ","designator":"EGR2U031G","name":"OLD BUCKENHAM RWY 25R","source":"NATS UK ICAO AIP Dataset","airac":"2026-08-06"},"geometry":{"type":"Polygon","coordinates":[[[1.1198028,52.5228194],[1.1261417,52.5147083],[1.103714944,52.508199972],[1.0520222,52.497575],[1.097175583,52.516253083],[1.1198028,52.5228194]]]}},{"type":"Feature","properties":{"category":"D","category_source":"airspace_type","airspace_class":"","airspace_type":"D","local_type":"","designator":"EGD704","name":"HEBRIDES","source":"NATS UK ICAO AIP Dataset","airac":"2026-08-06"},"geometry":{"type":"Polygon","coordinates":[[[-7.30306,57.62417],[-7.18194,57.52861],[-7.41583,57.44028],[-7.50472,57.55139],[-7.30306,57.62417]]]}},{"type":"Feature","properties":{"category":"R","category_source":"airspace_type","airspace_class":"","airspace_type":"R","local_type":"RPZ","designator":"EGR1U026C","name":"FAIROAKS RWY 24","source":"NATS UK ICAO AIP Dataset","airac":"2026-08-06"},"geometry":{"type":"Polygon","coordinates":[[[-0.4969417,51.3775889],[-0.4893056,51.369975],[-0.510265306,51.36175325],[-0.5587083,51.3480278],[-0.517894306,51.369369222],[-0.4969417,51.3775889]]]}},{"type":"Feature","properties":{"category":"R","category_source":"airspace_type","airspace_class":"","airspace_type":"R","local_type":"FRZ","designator":"EGR4U013","name":"HMP DEERBOLT","source":"NATS UK ICAO AIP Dataset","airac":"2026-08-06"},"geometry":{"type":"Polygon","coordinates":[[[-1.9334417,54.5484861],[-1.9281472,54.5393778],[-1.9359556,54.5372028],[-1.9500528,54.5391583],[-1.9503194,54.5456167],[-1.9334417,54.5484861]]]}},{"type":"Feature","properties":{"category":"R","category_source":"airspace_type","airspace_class":"","airspace_type":"R","local_type":"FRZ","designator":"EGR1U033A","name":"REDHILL","source":"NATS UK ICAO AIP Dataset","airac":"2026-08-06"},"geometry":{"type":"Polygon","coordinates":[[[-0.17185656441391417,51.18761594036282],[-0.16883327625656255,51.18620603390824],[-0.16565832941456043,51.184934035054255],[-0.16234769817692066,51.18380635058998],[-0.1589180351619886,51.18282866042351],[-0.15538658789090926,51.18200588897337],[-0.15177111245755237,51.181342180365306],[-0.14808978471884052,51.18084087755916],[-0.1443611094402818,51.18050450551112],[-0.14060382784042616,51.18033475845603],[-0.13683682398492303,51.18033249137388],[-0.13307903048584485,51.180497715683515],[-0.1293493339649495,51.18082959918502],[-0.12566648074057415,51.181326470251406],[-0.1220489831968868,51.18198582624824],[-0.11851502729126795,51.18280434613884],[-0.11508238165066106,51.183777907211685],[-0.11176830870082453,51.1849016058456],[-0.10858947826355383,51.18616978220831],[-0.10556188404613778,51.187576048763745],[-0.10270076343458992,51.18911332244477],[-0.10002052098758249,51.19077386032905],[-0.09753465601154085,51.19254929863858],[-0.0952556945790688,51.194430694866185],[-0.0931951263328196,51.19640857281707],[-0.0913633463951567,51.19847297033843],[-0.08976960268052651,51.20061348949667],[-0.08842194888246431,51.20281934894963],[-0.08732720338065637,51.2050794382499],[-0.08649091428557756,51.2073823738058],[-0.08591733080901504,51.209716556218126],[-0.08560938111839045,51.21207022870387],[-0.08556865680132429,51.21443153631265],[-0.08579540403448588,51.21678858563757],[-0.08628852151757953,51.21912950471984],[-0.08704556519949254,51.22144250284524],[-0.08806275978933323,51.223715929931565],[-0.08933501701049423,51.22593833520751],[-0.09085596052116757,51.228098524887855],[-0.09261795739010467,51.23018561855418],[-0.09461215598204871,51.23218910395722],[-0.09682853007337164,51.234098889964834],[-0.09925592898522309,51.23590535738893],[-0.10188213348915098,51.237599407435255],[-0.10469391720888424,51.239172507532096],[-0.10767711321198276,51.24061673430707],[-0.11081668545655085,51.24192481349543],[-0.114096804731376,51.243090156579036],[-0.11750092870287257,51.24410689397131],[-0.12101188565925827,51.244969904581104],[-0.12461196152162919,51.245674841606544],[-0.12828298967317725,51.24621815442896],[-0.13200644314184423,51.2465971064966],[-0.1357635286583444,51.246809789108084],[-0.13953528210081653,51.24685513102609],[-0.14330266482945622,51.24673290387295],[-0.1470466604094002,51.246443723281],[-0.08639,51.20833],[-0.18,51.19278],[-0.17185656441391417,51.18761594036282]]]}},{"type":"Feature","properties":{"category":"R","category_source":"airspace_type","airspace_class":"","airspace_type":"R","local_type":"RPZ","designator":"EGR2U018C","name":"CRANFIELD RWY 21","source":"NATS UK ICAO AIP Dataset","airac":"2026-08-06"},"geometry":{"type":"Polygon","coordinates":[[[-0.5776056,52.11955],[-0.5651889,52.1148222],[-0.582232278,52.097876194],[-0.61667,52.07222],[-0.594630278,52.102617278],[-0.5776056,52.11955]]]}},{"type":"Feature","properties":{"category":"D","category_source":"airspace_type","airspace_class":"","airspace_type":"D","local_type":"","designator":"EGD218A","name":"FAIRFORD","source":"NATS UK ICAO AIP Dataset","airac":"2026-08-06"},"geometry":{"type":"Polygon","coordinates":[[[-1.595184861,51.80407725],[-1.58842725,51.670980611],[-1.821525083,51.666186444],[-1.991118694,51.686048222],[-1.997650556,51.795510972],[-1.595184861,51.80407725]]]}},{"type":"Feature","properties":{"category":"R","category_source":"airspace_type","airspace_class":"","airspace_type":"R","local_type":"RPZ","designator":"EGR1U040C","name":"LASHENDEN/HEADCORN RWY 28","source":"NATS UK ICAO AIP Dataset","airac":"2026-08-06"},"geometry":{"type":"Polygon","coordinates":[[[0.7218944,51.1479583],[0.7182361,51.1392694],[0.6932215,51.143452972],[0.644444,51.156389],[0.696950583,51.152130194],[0.7218944,51.1479583]]]}},{"type":"Feature","properties":{"category":"D","category_source":"airspace_type","airspace_class":"","airspace_type":"D","local_type":"","designator":"EGD009B","name":"WEMBURY","source":"NATS UK ICAO AIP Dataset","airac":"2026-08-06"},"geometry":{"type":"Polygon","coordinates":[[[-4.38583,50.22833],[-4.17083,50.33083],[-4.10917,50.31778],[-4.05694,50.29306],[-4.10917,50.31778],[-4.38583,50.22833]]]}},{"type":"Feature","properties":{"category":"R","category_source":"airspace_type","airspace_class":"","airspace_type":"R","local_type":"","designator":"EGR159","name":"ISLE OF DOGS","source":"NATS UK ICAO AIP Dataset","airac":"2026-08-06"},"geometry":{"type":"Polygon","coordinates":[[[-0.0068583,51.5097056],[-0.0092722,51.4984028],[-0.0061917,51.4937667],[-0.01361,51.49194],[-0.0202667,51.4891111],[-0.0317028,51.4999722],[-0.0193889,51.5050833],[-0.0068583,51.5097056]]]}},{"type":"Feature","properties":{"category":"R","category_source":"airspace_type","airspace_class":"","airspace_type":"R","local_type":"RPZ","designator":"EGR4U001B","name":"ENNISKILLEN/ST ANGELO RWY 14","source":"NATS UK ICAO AIP Dataset","airac":"2026-08-06"},"geometry":{"type":"Polygon","coordinates":[[[-7.7130889,54.4338694],[-7.7013389,54.4396833],[-7.682510806,54.426766889],[-7.6518944,54.3986889],[-7.694273,54.420964306],[-7.7130889,54.4338694]]]}},{"type":"Feature","properties":{"category":"D","category_source":"airspace_type","airspace_class":"","airspace_type":"D","local_type":"","designator":"EGD513C","name":"DRURIDGE BAY","source":"NATS UK ICAO AIP Dataset","airac":"2026-08-06"},"geometry":{"type":"Polygon","coordinates":[[[-1.3,55.83333],[0.08333,55.83333],[0.08333,55.83333],[0.28333,55.33333],[-0.66667,55.03333],[-0.66667,55.03333],[-1.0,55.03333],[-1.0,55.03333],[-1.3,55.83333]]]}},{"type":"Feature","properties":{"category":"R","category_source":"airspace_type","airspace_class":"","airspace_type":"R","local_type":"RPZ","designator":"EGR7U001B","name":"BARRA RWY 07","source":"NATS UK ICAO AIP Dataset","airac":"2026-08-06"},"geometry":{"type":"Polygon","coordinates":[[[-7.5186611,57.0023806],[-7.5253361,57.0105889],[-7.502781667,57.016065556],[-7.44306,57.02278],[-7.497283889,57.007571139],[-7.5186611,57.0023806]]]}},{"type":"Feature","properties":{"category":"D","category_source":"airspace_type","airspace_class":"","airspace_type":"D","local_type":"","designator":"EGD011C","name":"MERRIVALE","source":"NATS UK ICAO AIP Dataset","airac":"2026-08-06"},"geometry":{"type":"Polygon","coordinates":[[[-4.02667,50.62389],[-4.01694,50.62472],[-3.96694,50.62889],[-3.95333,50.62361],[-3.97556,50.57389],[-4.06,50.56722],[-4.07889,50.59722],[-4.02667,50.62389]]]}},{"type":"Feature","properties":{"category":"R","category_source":"airspace_type","airspace_class":"","airspace_type":"R","local_type":"RPZ","designator":"EGR1U116F","name":"PREDANNACK RWY 13","source":"NATS UK ICAO AIP Dataset","airac":"2026-08-06"},"geometry":{"type":"Polygon","coordinates":[[[-5.295435028,50.025361944],[-5.286939444,50.032494722],[-5.270253417,50.024257944],[-5.2317694,50.0020333],[-5.278085472,50.016798278],[-5.295435028,50.025361944]]]}},{"type":"Feature","properties":{"category":"R","category_source":"airspace_type","airspace_class":"","airspace_type":"R","local_type":"RPZ","designator":"EGR3U021E","name":"HUMBERSIDE RWY 26","source":"NATS UK ICAO AIP Dataset","airac":"2026-08-06"},"geometry":{"type":"Polygon","coordinates":[[[-0.2691389,53.587075],[-0.2671444,53.5781667],[-0.281822028,53.577011444],[-0.3514583,53.5734306],[-0.284741361,53.585846611],[-0.2691389,53.587075]]]}},{"type":"Feature","properties":{"category":"R","category_source":"airspace_type","airspace_class":"","airspace_type":"R","local_type":"RPZ","designator":"EGR3U002C","name":"CAERNARFON RWY 25","source":"NATS UK ICAO AIP Dataset","airac":"2026-08-06"},"geometry":{"type":"Polygon","coordinates":[[[-4.2648611,53.1217694],[-4.2599556,53.1132833],[-4.283398667,53.108394028],[-4.3376139,53.1018194],[-4.288292139,53.116882472],[-4.2648611,53.1217694]]]}},{"type":"Feature","properties":{"category":"R","category_source":"airspace_type","airspace_class":"","airspace_type":"R","local_type":"FRZ","designator":"EGR2U045","name":"HMP HEWELL","source":"NATS UK ICAO AIP Dataset","airac":"2026-08-06"},"geometry":{"type":"Polygon","coordinates":[[[-1.9904306,52.3309667],[-1.9757583,52.3262611],[-1.9815083,52.3198361],[-1.9885444,52.3197611],[-1.9934444,52.3214833],[-1.9966583,52.3249639],[-1.9904306,52.3309667]]]}},{"type":"Feature","properties":{"category":"R","category_source":"airspace_type","airspace_class":"","airspace_type":"R","local_type":"RPZ","designator":"EGR1U114H","name":"LAND'S END RWY 16","source":"NATS UK ICAO AIP Dataset","airac":"2026-08-06"},"geometry":{"type":"Polygon","coordinates":[[[-5.704525,50.1452111],[-5.6915306,50.1485444],[-5.683118389,50.135012222],[-5.6705806,50.1027028],[-5.696107222,50.131676611],[-5.704525,50.1452111]]]}},{"type":"Feature","properties":{"category":"R","category_source":"airspace_type","airspace_class":"","airspace_type":"R","local_type":"RPZ","designator":"EGR7U005B","name":"LOSSIEMOUTH RWY 05","source":"NATS UK ICAO AIP Dataset","airac":"2026-08-06"},"geometry":{"type":"Polygon","coordinates":[[[-3.405230389,57.662396222],[-3.417342972,57.668600083],[-3.397267667,57.679876639],[-3.3378889,57.7066583],[-3.385145111,57.673676278],[-3.405230389,57.662396222]]]}},{"type":"Feature","properties":{"category":"R","category_source":"airspace_type","airspace_class":"","airspace_type":"R","local_type":"RPZ","designator":"EGR1U022E","name":"WYCOMBE AIR PARK/BOOKER RWY 24G","source":"NATS UK ICAO AIP Dataset","airac":"2026-08-06"},"geometry":{"type":"Polygon","coordinates":[[[-0.7423639,51.6373111],[-0.7356806,51.6293444],[-0.757503694,51.622270333],[-0.8082306,51.6117306],[-0.763880389,51.630336444],[-0.7423639,51.6373111]]]}},{"type":"Feature","properties":{"category":"ATZ","category_source":"local_type","airspace_class":"","airspace_type":"RAS","local_type":"ATZ","designator":"EGLK001","name":"BLACKBUSHE ATZ","source":"NATS UK ICAO AIP Dataset","airac":"2026-08-06"},"geometry":{"type":"Polygon","coordinates":[[[-0.847563611,51.324023361],[-0.8080278,51.3015972],[-0.8219556,51.3003611],[-0.8316222,51.2993667],[-0.8438139,51.29795],[-0.8556861,51.2962278],[-0.87075,51.2939528],[-0.847563611,51.324023361]]]}},{"type":"Feature","properties":{"category":"R","category_source":"airspace_type","airspace_class":"","airspace_type":"R","local_type":"RPZ","designator":"EGR3U015B","name":"RETFORD/GAMSTON RWY 03","source":"NATS UK ICAO AIP Dataset","airac":"2026-08-06"},"geometry":{"type":"Polygon","coordinates":[[[-0.9799194,53.2331333],[-0.9934972,53.2369222],[-0.981393333,53.252553778],[-0.95139,53.28056],[-0.9678115,53.248763361],[-0.9799194,53.2331333]]]}},{"type":"Feature","properties":{"category":"R","category_source":"airspace_type","airspace_class":"","airspace_type":"R","local_type":"","designator":"EGR158","name":"CITY OF LONDON","source":"NATS UK ICAO AIP Dataset","airac":"2026-08-06"},"geometry":{"type":"Polygon","coordinates":[[[-0.096525,51.5237139],[-0.0775861,51.5216056],[-0.0716472,51.5120667],[-0.0757139,51.5044889],[-0.1176944,51.5102972],[-0.1147444,51.5188833],[-0.096525,51.5237139]]]}},{"type":"Feature","properties":{"category":"R","category_source":"airspace_type","airspace_class":"","airspace_type":"R","local_type":"RPZ","designator":"EGR3U011F","name":"SHERBURN-IN-ELMET RWY 10","source":"NATS UK ICAO AIP Dataset","airac":"2026-08-06"},"geometry":{"type":"Polygon","coordinates":[[[-1.2993889,53.7910472],[-1.2958917,53.7997889],[-1.270126444,53.796192361],[-1.217675,53.7842389],[-1.273609222,53.787448806],[-1.2993889,53.7910472]]]}},{"type":"Feature","properties":{"category":"R","category_source":"airspace_type","airspace_class":"","airspace_type":"R","local_type":"RPZ","designator":"EGR7U002B","name":"BENBECULA RWY 06","source":"NATS UK ICAO AIP Dataset","airac":"2026-08-06"},"geometry":{"type":"Polygon","coordinates":[[[-7.4375167,57.4478472],[-7.4469583,57.4552444],[-7.419047722,57.465619222],[-7.36389,57.48056],[-7.409619222,57.458215861],[-7.4375167,57.4478472]]]}},{"type":"Feature","properties":{"category":"R","category_source":"airspace_type","airspace_class":"","airspace_type":"R","local_type":"RPZ","designator":"EGR1U005B","name":"CARDIFF RWY 12","source":"NATS UK ICAO AIP Dataset","airac":"2026-08-06"},"geometry":{"type":"Polygon","coordinates":[[[-3.4230194,51.4166861],[-3.4165417,51.4247111],[-3.393130444,51.417341111],[-3.395426,51.407999417],[-3.4230194,51.4166861]]]}},{"type":"Feature","properties":{"category":"D","category_source":"airspace_type","airspace_class":"","airspace_type":"D","local_type":"","designator":"EGD701E","name":"HEBRIDES","source":"NATS UK ICAO AIP Dataset","airac":"2026-08-06"},"geometry":{"type":"Polygon","coordinates":[[[-9.6834222,58.4831389],[-8.8276361,58.4831389],[-8.8276361,58.4831389],[-7.25,57.8231472],[-7.6173694,57.6910778],[-7.75889,57.865],[-8.1755778,57.9442056],[-8.5201278,57.9030306],[-8.89806,58.0775],[-9.6834222,58.4831389]]]}},{"type":"Feature","properties":{"category":"R","category_source":"airspace_type","airspace_class":"","airspace_type":"R","local_type":"RPZ","designator":"EGR6U007E","name":"LEUCHARS RWY 26","source":"NATS UK ICAO AIP Dataset","airac":"2026-08-06"},"geometry":{"type":"Polygon","coordinates":[[[-2.761277278,56.387222361],[-2.758960583,56.378334028],[-2.783891028,56.376351667],[-2.8587806,56.3748917],[-2.786194583,56.385241028],[-2.761277278,56.387222361]]]}},{"type":"Feature","properties":{"category":"R","category_source":"airspace_type","airspace_class":"","airspace_type":"R","local_type":"RPZ","designator":"EGR7U003E","name":"INVERNESS RWY 29","source":"NATS UK ICAO AIP Dataset","airac":"2026-08-06"},"geometry":{"type":"Polygon","coordinates":[[[-3.9673889,57.5316694],[-3.9729861,57.5232111],[-3.978134694,57.524200778],[-4.0475444,57.5424944],[-3.972442889,57.532641],[-3.9673889,57.5316694]]]}},{"type":"Feature","properties":{"category":"D","category_source":"airspace_type","airspace_class":"","airspace_type":"D","local_type":"","designator":"EGD712C","name":"NORTHERN COMPLEX","source":"NATS UK ICAO AIP Dataset","airac":"2026-08-06"},"geometry":{"type":"Polygon","coordinates":[[[-3.552325,59.1212278],[-2.4555083,58.7817139],[-3.5638889,57.8074444],[-4.7129333,58.0700667],[-3.552325,59.1212278]]]}},{"type":"Feature","properties":{"category":"TMZ","category_source":"local_type","airspace_class":"","airspace_type":"OTHER:TMZ","local_type":"TMZ","designator":"EGTMZ030","name":"MORAY CTA 8 TMZ","source":"NATS UK ICAO AIP Dataset","airac":"2026-08-06"},"geometry":{"type":"Polygon","coordinates":[[[-5.0916222,57.9721722],[-4.3941667,57.7529972],[-4.534442611,57.913664111],[-4.152608667,57.87020225],[-3.8822556,57.5556028],[-3.9723083,57.2017917],[-4.2760389,57.2240972],[-4.2082583,57.4995694],[-4.5733333,57.6166278],[-5.2465111,57.8277778],[-5.0916222,57.9721722]]]}},{"type":"Feature","properties":{"category":"R","category_source":"airspace_type","airspace_class":"","airspace_type":"R","local_type":"FRZ","designator":"EGR5U010","name":"HMP NORTHUMBERLAND","source":"NATS UK ICAO AIP Dataset","airac":"2026-08-06"},"geometry":{"type":"Polygon","coordinates":[[[-1.6326028,55.3049306],[-1.6220056,55.2989556],[-1.6210056,55.2953417],[-1.63475,55.2877806],[-1.6441694,55.2888167],[-1.6528194,55.2935],[-1.6326028,55.3049306]]]}},{"type":"Feature","properties":{"category":"D","category_source":"airspace_type","airspace_class":"","airspace_type":"D","local_type":"","designator":"EGD323G","name":"SOUTHERN COMPLEX","source":"NATS UK ICAO AIP Dataset","airac":"2026-08-06"},"geometry":{"type":"Polygon","coordinates":[[[-0.9156,54.811297222],[-0.525613889,54.517113889],[-0.921638889,54.400661111],[-0.9156,54.811297222]]]}},{"type":"Feature","properties":{"category":"R","category_source":"airspace_type","airspace_class":"","airspace_type":"R","local_type":"RPZ","designator":"EGR1U011B","name":"FAIRFORD RWY 09","source":"NATS UK ICAO AIP Dataset","airac":"2026-08-06"},"geometry":{"type":"Polygon","coordinates":[[[-1.883987944,51.676995833],[-1.884482722,51.685978444],[-1.856770306,51.68658725],[-1.7900056,51.6835167],[-1.856267222,51.677604833],[-1.883987944,51.676995833]]]}},{"type":"Feature","properties":{"category":"R","category_source":"airspace_type","airspace_class":"","airspace_type":"R","local_type":"FRZ","designator":"EGR2U048","name":"HMP LITTLEHEY","source":"NATS UK ICAO AIP Dataset","airac":"2026-08-06"},"geometry":{"type":"Polygon","coordinates":[[[-0.3211639,52.2851944],[-0.3065889,52.2849],[-0.3030472,52.2820889],[-0.3047,52.2770306],[-0.31275,52.2740583],[-0.3221722,52.2757139],[-0.3232417,52.2799639],[-0.3211639,52.2851944]]]}},{"type":"Feature","properties":{"category":"R","category_source":"airspace_type","airspace_class":"","airspace_type":"R","local_type":"FRZ","designator":"EGR1U135","name":"HMP LEWES","source":"NATS UK ICAO AIP Dataset","airac":"2026-08-06"},"geometry":{"type":"Polygon","coordinates":[[[-0.0049528,50.8787139],[0.0016306,50.8752806],[0.00205,50.8709778],[-0.0089611,50.8666],[-0.01605,50.874425],[-0.0049528,50.8787139]]]}},{"type":"Feature","properties":{"category":"R","category_source":"airspace_type","airspace_class":"","airspace_type":"R","local_type":"FRZ","designator":"EGR3U035","name":"HMP HUMBER","source":"NATS UK ICAO AIP Dataset","airac":"2026-08-06"},"geometry":{"type":"Polygon","coordinates":[[[-0.6382389,53.7757222],[-0.6313444,53.7741194],[-0.6240389,53.7680167],[-0.6329944,53.7635389],[-0.6461417,53.7639167],[-0.6510861,53.7714278],[-0.6382389,53.7757222]]]}},{"type":"Feature","properties":{"category":"R","category_source":"airspace_type","airspace_class":"","airspace_type":"R","local_type":"RPZ","designator":"EGR2U004B","name":"SLEAP RWY 05","source":"NATS UK ICAO AIP Dataset","airac":"2026-08-06"},"geometry":{"type":"Polygon","coordinates":[[[-2.8230306,52.796675],[-2.8334806,52.80305],[-2.815553889,52.813861306],[-2.77167,52.83389],[-2.805110556,52.807480889],[-2.8230306,52.796675]]]}},{"type":"Feature","properties":{"category":"R","category_source":"airspace_type","airspace_class":"","airspace_type":"R","local_type":"FRZ","designator":"EGR1U109","name":"NSA NORTHWOOD","source":"NATS UK ICAO AIP Dataset","airac":"2026-08-06"},"geometry":{"type":"Polygon","coordinates":[[[-0.4130139,51.6205389],[-0.410775,51.6221389],[-0.408375,51.6220028],[-0.4076639,51.6212917],[-0.4076278,51.618175],[-0.4086778,51.6166944],[-0.4129944,51.6174806],[-0.4141667,51.6181972],[-0.4130139,51.6205389]]]}},{"type":"Feature","properties":{"category":"R","category_source":"airspace_type","airspace_class":"","airspace_type":"R","local_type":"FRZ","designator":"EGR1U096","name":"NSA PORTON DOWN","source":"NATS UK ICAO AIP Dataset","airac":"2026-08-06"},"geometry":{"type":"Polygon","coordinates":[[[-1.7132944,51.1335194],[-1.6428278,51.1642861],[-1.6260861,51.1598111],[-1.6164778,51.1359028],[-1.6269278,51.1258694],[-1.6449833,51.1175472],[-1.7214583,51.100175],[-1.7464778,51.1103833],[-1.7132944,51.1335194]]]}},{"type":"Feature","properties":{"category":"R","category_source":"airspace_type","airspace_class":"","airspace_type":"R","local_type":"RPZ","designator":"EGR2U006D","name":"TERNHILL RWY 10","source":"NATS UK ICAO AIP Dataset","airac":"2026-08-06"},"geometry":{"type":"Polygon","coordinates":[[[-2.614118861,52.875919639],[-2.611822806,52.884797639],[-2.585100417,52.882283278],[-2.5321917,52.8731611],[-2.587200056,52.873386778],[-2.614118861,52.875919639]]]}},{"type":"Feature","properties":{"category":"R","category_source":"airspace_type","airspace_class":"","airspace_type":"R","local_type":"FRZ","designator":"EGR3U032","name":"HMP GARTH/WYMOTT","source":"NATS UK ICAO AIP Dataset","airac":"2026-08-06"},"geometry":{"type":"Polygon","coordinates":[[[-2.7676833,53.6854667],[-2.7487361,53.6856028],[-2.7410667,53.6841611],[-2.7399944,53.6731444],[-2.7581694,53.6728833],[-2.7675444,53.6757667],[-2.7676833,53.6854667]]]}},{"type":"Feature","properties":{"category":"R","category_source":"airspace_type","airspace_class":"","airspace_type":"R","local_type":"RPZ","designator":"EGR1U035B","name":"LONDON CITY RWY 09","source":"NATS UK ICAO AIP Dataset","airac":"2026-08-06"},"geometry":{"type":"Polygon","coordinates":[[[-0.026528833,51.503275556],[-0.025805083,51.512252333],[0.002743194,51.511372361],[0.0551778,51.5052306],[0.0020265,51.502395389],[-0.026528833,51.503275556]]]}},{"type":"Feature","properties":{"category":"R","category_source":"airspace_type","airspace_class":"","airspace_type":"R","local_type":"RPZ","designator":"EGR1U123B","name":"BOURNEMOUTH RWY 08","source":"NATS UK ICAO AIP Dataset","airac":"2026-08-06"},"geometry":{"type":"Polygon","coordinates":[[[-1.9189139,50.7626972],[-1.9225056,50.7713917],[-1.907434056,50.773906778],[-1.8425139,50.7800639],[-1.903830361,50.765214194],[-1.9189139,50.7626972]]]}},{"type":"Feature","properties":{"category":"R","category_source":"airspace_type","airspace_class":"","airspace_type":"R","local_type":"RPZ","designator":"EGR2U007B","name":"COSFORD RWY 06","source":"NATS UK ICAO AIP Dataset","airac":"2026-08-06"},"geometry":{"type":"Polygon","coordinates":[[[-2.370812139,52.610292722],[-2.378634806,52.617913972],[-2.3551145,52.626873917],[-2.3052,52.6405],[-2.347302528,52.619248],[-2.370812139,52.610292722]]]}},{"type":"Feature","properties":{"category":"R","category_source":"airspace_type","airspace_class":"","airspace_type":"R","local_type":"RPZ","designator":"EGR1U009G","name":"GLOUCESTERSHIRE RWY 26","source":"NATS UK ICAO AIP Dataset","airac":"2026-08-06"},"geometry":{"type":"Polygon","coordinates":[[[-2.0895778,51.9038139],[-2.0879944,51.8948806],[-2.113440778,51.893172556],[-2.16722,51.89417],[-2.114965833,51.902110167],[-2.0895778,51.9038139]]]}},{"type":"Feature","properties":{"category":"R","category_source":"airspace_type","airspace_class":"","airspace_type":"R","local_type":"RPZ","designator":"EGR1U017B","name":"OXFORD RWY 01","source":"NATS UK ICAO AIP Dataset","airac":"2026-08-06"},"geometry":{"type":"Polygon","coordinates":[[[-1.3280333,51.7861444],[-1.342275,51.7878111],[-1.336947417,51.805354333],[-1.32,51.83694],[-1.322697778,51.80369625],[-1.3280333,51.7861444]]]}},{"type":"Feature","properties":{"category":"R","category_source":"airspace_type","airspace_class":"","airspace_type":"R","local_type":"RPZ","designator":"EGR3U016H","name":"SYERSTON RWY 06L","source":"NATS UK ICAO AIP Dataset","airac":"2026-08-06"},"geometry":{"type":"Polygon","coordinates":[[[-0.9851694,52.9957],[-0.9920472,53.0036722],[-0.9638765,53.012538389],[-0.91167,53.02333],[-0.957180194,53.004508944],[-0.9851694,52.9957]]]}},{"type":"Feature","properties":{"category":"R","category_source":"airspace_type","airspace_class":"","airspace_type":"R","local_type":"RPZ","designator":"EGR1U027C","name":"DENHAM RWY 24","source":"NATS UK ICAO AIP Dataset","airac":"2026-08-06"},"geometry":{"type":"Polygon","coordinates":[[[-0.450975,51.6166444],[-0.4435833,51.6089222],[-0.463795194,51.601437917],[-0.5129944,51.588425],[-0.471176778,51.60916325],[-0.450975,51.6166444]]]}},{"type":"Feature","properties":{"category":"R","category_source":"airspace_type","airspace_class":"","airspace_type":"R","local_type":"RPZ","designator":"EGR2U027C","name":"MILDENHALL RWY 29","source":"NATS UK ICAO AIP Dataset","airac":"2026-08-06"},"geometry":{"type":"Polygon","coordinates":[[[0.579579722,52.3530635],[0.576209722,52.344316861],[0.550468528,52.348054139],[0.4864056,52.3619333],[0.553847861,52.356799472],[0.579579722,52.3530635]]]}},{"type":"Feature","properties":{"category":"R","category_source":"airspace_type","airspace_class":"","airspace_type":"R","local_type":"RPZ","designator":"EGR1U114D","name":"LAND'S END RWY 07","source":"NATS UK ICAO AIP Dataset","airac":"2026-08-06"},"geometry":{"type":"Polygon","coordinates":[[[-5.738809556,50.078190833],[-5.744775306,50.086320417],[-5.720434139,50.09373],[-5.6705806,50.1027028],[-5.714878944,50.085475222],[-5.738809556,50.078190833]]]}},{"type":"Feature","properties":{"category":"R","category_source":"airspace_type","airspace_class":"","airspace_type":"R","local_type":"FRZ","designator":"EGR3U049","name":"HMP WEALSTUN","source":"NATS UK ICAO AIP Dataset","airac":"2026-08-06"},"geometry":{"type":"Polygon","coordinates":[[[-1.33255,53.9221611],[-1.3214889,53.9207194],[-1.3190306,53.9155222],[-1.3256611,53.9087639],[-1.3319944,53.9089],[-1.3392722,53.9119583],[-1.3382056,53.9151167],[-1.3364861,53.9183028],[-1.33255,53.9221611]]]}},{"type":"Feature","properties":{"category":"R","category_source":"airspace_type","airspace_class":"","airspace_type":"R","local_type":"RPZ","designator":"EGR1U032B","name":"LONDON GATWICK RWY 08L","source":"NATS UK ICAO AIP Dataset","airac":"2026-08-06"},"geometry":{"type":"Polygon","coordinates":[[[-0.2763583,51.1334722],[-0.2794139,51.1422528],[-0.25631375,51.145452194],[-0.19028,51.14806],[-0.253874972,51.136586111],[-0.2763583,51.1334722]]]}},{"type":"Feature","properties":{"category":"D","category_source":"airspace_type","airspace_class":"","airspace_type":"D","local_type":"","designator":"EGD219H","name":"RPAS CORRIDOR","source":"NATS UK ICAO AIP Dataset","airac":"2026-08-06"},"geometry":{"type":"Polygon","coordinates":[[[-7.528527083,61.0],[-5.926059694,58.261867944],[-4.746033222,56.227064194],[-2.580663361,55.620426194],[-2.321675,53.935643389],[-2.064852028,52.434037556],[-2.570515361,52.549571167],[-2.854989722,52.435222833],[-2.864955444,52.317132639],[-3.162816806,53.885105611],[-3.408593778,55.300388361],[-5.481212306,55.869682278],[-6.828169833,58.113753778],[-8.606198083,61.0],[-8.606198083,61.0],[-7.528527083,61.0]]]}},{"type":"Feature","properties":{"category":"R","category_source":"airspace_type","airspace_class":"","airspace_type":"R","local_type":"RPZ","designator":"EGR1U039C","name":"ROCHESTER RWY 20R","source":"NATS UK ICAO AIP Dataset","airac":"2026-08-06"},"geometry":{"type":"Polygon","coordinates":[[[0.5266194,51.3997528],[0.5400056,51.3964833],[0.530022833,51.380497944],[0.5028889,51.3518639],[0.51678675,51.384],[0.5266194,51.3997528]]]}},{"type":"Feature","properties":{"category":"R","category_source":"airspace_type","airspace_class":"","airspace_type":"R","local_type":"FRZ","designator":"EGR3U048","name":"HMP WAKEFIELD","source":"NATS UK ICAO AIP Dataset","airac":"2026-08-06"},"geometry":{"type":"Polygon","coordinates":[[[-1.5180833,53.6866278],[-1.5075333,53.6883444],[-1.4965,53.6807306],[-1.511725,53.67625],[-1.5176889,53.6818028],[-1.5180833,53.6866278]]]}},{"type":"Feature","properties":{"category":"R","category_source":"airspace_type","airspace_class":"","airspace_type":"R","local_type":"FRZ","designator":"EGR4U021","name":"NSA RAF MENWITH HILL","source":"NATS UK ICAO AIP Dataset","airac":"2026-08-06"},"geometry":{"type":"Polygon","coordinates":[[[-1.7000056,54.0150583],[-1.6812667,54.0169361],[-1.6727556,54.0026083],[-1.6920444,53.9985528],[-1.7000056,54.0150583]]]}},{"type":"Feature","properties":{"category":"R","category_source":"airspace_type","airspace_class":"","airspace_type":"R","local_type":"RPZ","designator":"EGR1U020C","name":"ODIHAM RWY 27","source":"NATS UK ICAO AIP Dataset","airac":"2026-08-06"},"geometry":{"type":"Polygon","coordinates":[[[-0.8577778,51.2362194],[-0.8584306,51.2272417],[-0.8906495,51.228184194],[-0.9428083,51.2341917],[-0.889985444,51.237162194],[-0.8577778,51.2362194]]]}},{"type":"Feature","properties":{"category":"R","category_source":"airspace_type","airspace_class":"","airspace_type":"R","local_type":"FRZ","designator":"EGR1U105","name":"NSA BURGHFIELD","source":"NATS UK ICAO AIP Dataset","airac":"2026-08-06"},"geometry":{"type":"Polygon","coordinates":[[[-1.0313528,51.4162722],[-1.0118083,51.4107389],[-1.0212278,51.4017611],[-1.0277139,51.399175],[-1.0307639,51.4000417],[-1.0313528,51.4162722]]]}},{"type":"Feature","properties":{"category":"R","category_source":"airspace_type","airspace_class":"","airspace_type":"R","local_type":"RPZ","designator":"EGR3U009F","name":"MANCHESTER BARTON RWY 08R","source":"NATS UK ICAO AIP Dataset","airac":"2026-08-06"},"geometry":{"type":"Polygon","coordinates":[[[-2.4681556,53.4611444],[-2.4700278,53.4700583],[-2.445494278,53.471909694],[-2.3897167,53.4715722],[-2.443607972,53.462996806],[-2.4681556,53.4611444]]]}},{"type":"Feature","properties":{"category":"D","category_source":"airspace_type","airspace_class":"","airspace_type":"D","local_type":"","designator":"EGD701R","name":"HEBRIDES","source":"NATS UK ICAO AIP Dataset","airac":"2026-08-06"},"geometry":{"type":"Polygon","coordinates":[[[-12.0,58.0264222],[-10.0,57.5501444],[-10.0,57.25],[-12.0,57.3568694],[-12.0,58.0264222]]]}},{"type":"Feature","properties":{"category":"R","category_source":"airspace_type","airspace_class":"","airspace_type":"R","local_type":"RPZ","designator":"EGR2U008G","name":"WOLVERHAMPTON/HALFPENNY GREEN RWY 28","source":"NATS UK ICAO AIP Dataset","airac":"2026-08-06"},"geometry":{"type":"Polygon","coordinates":[[[-2.181988194,52.515455917],[-2.183743556,52.506533389],[-2.207080028,52.508255833],[-2.2595472,52.5173833],[-2.204984556,52.517153278],[-2.181988194,52.515455917]]]}},{"type":"Feature","properties":{"category":"R","category_source":"airspace_type","airspace_class":"","airspace_type":"R","local_type":"RPZ","designator":"EGR1U116B","name":"PREDANNACK RWY 05","source":"NATS UK ICAO AIP Dataset","airac":"2026-08-06"},"geometry":{"type":"Polygon","coordinates":[[[-5.283541944,49.961773083],[-5.293464056,49.968087028],[-5.272673167,49.981697306],[-5.2317694,50.0020333],[-5.262744917,49.975385556],[-5.283541944,49.961773083]]]}},{"type":"Feature","properties":{"category":"R","category_source":"airspace_type","airspace_class":"","airspace_type":"R","local_type":"FRZ","designator":"EGR1U078","name":"PORTLAND FRZ","source":"NATS UK ICAO AIP Dataset","airac":"2026-08-06"},"geometry":{"type":"Polygon","coordinates":[[[-2.4494444,50.5677778],[-2.5,50.5592556],[-2.5,50.5666667],[-2.5,50.5666667],[-2.5017167,50.5666667],[-2.4494444,50.5677778]]]}},{"type":"Feature","properties":{"category":"R","category_source":"airspace_type","airspace_class":"","airspace_type":"R","local_type":"RPZ","designator":"EGR3U015C","name":"RETFORD/GAMSTON RWY 21","source":"NATS UK ICAO AIP Dataset","airac":"2026-08-06"},"geometry":{"type":"Polygon","coordinates":[[[-0.9227056,53.3281667],[-0.9090972,53.3243778],[-0.921392611,53.308567889],[-0.95139,53.28056],[-0.934996667,53.312355472],[-0.9227056,53.3281667]]]}},{"type":"Feature","properties":{"category":"D","category_source":"airspace_type","airspace_class":"","airspace_type":"D","local_type":"","designator":"EGD701H","name":"HEBRIDES","source":"NATS UK ICAO AIP Dataset","airac":"2026-08-06"},"geometry":{"type":"Polygon","coordinates":[[[-10.0,57.5501444],[-9.3463778,57.2840639],[-9.0,56.9342639],[-10.0,57.25],[-10.0,57.5501444]]]}},{"type":"Feature","properties":{"category":"R","category_source":"airspace_type","airspace_class":"","airspace_type":"R","local_type":"FRZ","designator":"EGR2U043","name":"HMP FOSTON HALL","source":"NATS UK ICAO AIP Dataset","airac":"2026-08-06"},"geometry":{"type":"Polygon","coordinates":[[[-1.733425,52.8869806],[-1.7236167,52.8872556],[-1.715675,52.8840833],[-1.7205361,52.8770083],[-1.732525,52.8769722],[-1.733425,52.8869806]]]}},{"type":"Feature","properties":{"category":"R","category_source":"airspace_type","airspace_class":"","airspace_type":"R","local_type":"RPZ","designator":"EGR1U114F","name":"LAND'S END RWY 11","source":"NATS UK ICAO AIP Dataset","airac":"2026-08-06"},"geometry":{"type":"Polygon","coordinates":[[[-5.741706861,50.1157045],[-5.736304222,50.123996556],[-5.716107611,50.118567944],[-5.6705806,50.1027028],[-5.721045861,50.110151139],[-5.741706861,50.1157045]]]}},{"type":"Feature","properties":{"category":"R","category_source":"airspace_type","airspace_class":"","airspace_type":"R","local_type":"RPZ","designator":"EGR1U001D","name":"HAVERFORDWEST RWY 09","source":"NATS UK ICAO AIP Dataset","airac":"2026-08-06"},"geometry":{"type":"Polygon","coordinates":[[[-5.0394889,51.8277361],[-5.0401139,51.8367167],[-5.014171806,51.837422361],[-4.9608472,51.8333111],[-5.013997028,51.828429639],[-5.0394889,51.8277361]]]}},{"type":"Feature","properties":{"category":"ATZ","category_source":"local_type","airspace_class":"","airspace_type":"RAS","local_type":"ATZ","designator":"EGCJ003","name":"SHERBURN-IN-ELMET ATZ","source":"NATS UK ICAO AIP Dataset","airac":"2026-08-06"},"geometry":{"type":"Polygon","coordinates":[[[-1.1736722149444634,53.763489094227424],[-1.1762400521731073,53.761718603881285],[-1.1790109912415005,53.760058679044434],[-1.1819714273943767,53.7585174692738],[-1.185106831938178,53.75710254128352],[-1.1884018234551208,53.75582084179548],[-1.1918402430806467,53.754678663433715],[-1.195405233479403,53.75368161383019],[-1.1990793211390423,53.752834588093585],[-1.2028445015870028,53.75214174477633],[-1.2066823271230704,53.75160648545777],[-1.2105739966499285,53.75123143804381],[-1.214500447175126,53.751018443864965],[-1.2184424465509136,53.75096854863616],[-1.2223806870132499,53.75108199732271],[-1.2262958790779688,53.75135823293762],[-1.2301688453506072,53.75179589927621],[-1.2339806138067628,53.75239284757446],[-1.2377125101020374,53.75314614705864],[-1.241346248474657,53.75405209933415],[-1.2448640208097188,53.75510625654321],[-1.248248583441695,53.75630344320196],[-1.2514833412813122,53.75763778161005],[-1.2545524288642054,53.759102720707716],[-1.257440787931802,53.76069106823885],[-1.2601342411696892,53.76239502606204],[-1.2626195617452465,53.76420622843628],[-1.2648845383045124,53.76611578309338],[-1.2669180351081177,53.76811431489538],[-1.2687100470075299,53.77019201186265],[-1.2702517489858265,53.77233867334676],[-1.2715355400116457,53.774543760111506],[-1.2725550809807702,53.77679644607626],[-1.2733053265469316,53.77908567146769],[-1.2737825506717466,53.78140019711868],[-1.273984365753129,53.78372865964812],[-1.2739097352219397,53.786059627250495],[-1.2735589795279132,53.78838165582141],[-1.2729337754678975,53.79068334514345],[-1.272037148842017,53.79295339485669],[-1.2708734604563612,53.79518065993881],[-1.2694483855240395,53.79735420542267],[-1.2677688865497725,53.79946336008254],[-1.2658431798164005,53.801497768825485],[-1.2636806956246258,53.80344744353068],[-1.2612920324697576,53.80530281208701],[-1.2586889053709993,53.80705476538825],[-1.2558840885997349,53.80869470205511],[-1.2528913530831078,53.81021457066446],[-1.249725398787781,53.811606909278595],[-1.2464017824159015,53.8128648820803],[-1.2429368407708183,53.81398231293392],[-1.2393476101737997,53.81495371570772],[-1.2356517423347515,53.815774321208536],[-1.231867417099552,53.81644010059657],[-1.2280132525139746,53.81694778516538],[-1.224108212659144,53.817294882389874],[-1.220171513725936,53.81747968816363],[-1.2162225288056157,53.81750129516534],[-1.212280691881219,53.817359597313406],[-1.2083654015086902,53.81705529028674],[-1.204495924678522,53.81658986810926],[-1.2006913013476475,53.81596561581489],[-1.1969702501275348,53.815185598228894],[-1.1933510756079604,53.81425364492089],[-1.1898515777867316,53.81317433140319],[-1.1864889640638518,53.811952956666886],[-1.183279764244296,53.810595517166],[-1.18023974897683,53.80910867737725],[-1.1756111,53.8063611],[-1.2527639,53.8102667],[-1.1736722149444634,53.763489094227424]]]}},{"type":"Feature","properties":{"category":"R","category_source":"airspace_type","airspace_class":"","airspace_type":"R","local_type":"RPZ","designator":"EGR7U006G","name":"ABERDEEN/DYCE RWY 34","source":"NATS UK ICAO AIP Dataset","airac":"2026-08-06"},"geometry":{"type":"Polygon","coordinates":[[[-2.1537639,57.1542722],[-2.1691028,57.1509333],[-2.177576417,57.16243925],[-2.19806,57.2025],[-2.162219056,57.165759583],[-2.1537639,57.1542722]]]}},{"type":"Feature","properties":{"category":"R","category_source":"airspace_type","airspace_class":"","airspace_type":"R","local_type":"RPZ","designator":"EGR7U006D","name":"ABERDEEN/DYCE RWY 14","source":"NATS UK ICAO AIP Dataset","airac":"2026-08-06"},"geometry":{"type":"Polygon","coordinates":[[[-2.26135,57.2341222],[-2.2488306,57.24],[-2.242823861,57.236244389],[-2.19806,57.2025],[-2.255137556,57.230238639],[-2.26135,57.2341222]]]}},{"type":"Feature","properties":{"category":"R","category_source":"airspace_type","airspace_class":"","airspace_type":"R","local_type":"RPZ","designator":"EGR1U007E","name":"YEOVILTON RWY 26","source":"NATS UK ICAO AIP Dataset","airac":"2026-08-06"},"geometry":{"type":"Polygon","coordinates":[[[-2.559405167,51.019364],[-2.557688167,51.010440611],[-2.579528,51.008782861],[-2.6454917,51.0082694],[-2.581235306,51.017707],[-2.559405167,51.019364]]]}},{"type":"Feature","properties":{"category":"R","category_source":"airspace_type","airspace_class":"","airspace_type":"R","local_type":"FRZ","designator":"EGR2U044","name":"HMP GARTREE","source":"NATS UK ICAO AIP Dataset","airac":"2026-08-06"},"geometry":{"type":"Polygon","coordinates":[[[-0.964475,52.5010833],[-0.9539333,52.4998389],[-0.9521667,52.49195],[-0.9670111,52.4890361],[-0.9705583,52.4957944],[-0.964475,52.5010833]]]}},{"type":"Feature","properties":{"category":"R","category_source":"airspace_type","airspace_class":"","airspace_type":"R","local_type":"RPZ","designator":"EGR2U003B","name":"SHOBDON RWY 08","source":"NATS UK ICAO AIP Dataset","airac":"2026-08-06"},"geometry":{"type":"Polygon","coordinates":[[[-2.9589778,52.2310056],[-2.9608333,52.2399222],[-2.935334806,52.24193725],[-2.88111,52.24167],[-2.933470778,52.233021667],[-2.9589778,52.2310056]]]}},{"type":"Feature","properties":{"category":"D","category_source":"airspace_type","airspace_class":"","airspace_type":"D","local_type":"","designator":"EGD201K","name":"ABERPORTH","source":"NATS UK ICAO AIP Dataset","airac":"2026-08-06"},"geometry":{"type":"Polygon","coordinates":[[[-5.5,52.333333333],[-5.308055556,52.137777778],[-5.5,52.177222222],[-5.5,52.333333333]]]}},{"type":"Feature","properties":{"category":"R","category_source":"airspace_type","airspace_class":"","airspace_type":"R","local_type":"RPZ","designator":"EGR1U025D","name":"HALTON RWY 07","source":"NATS UK ICAO AIP Dataset","airac":"2026-08-06"},"geometry":{"type":"Polygon","coordinates":[[[-0.808057806,51.770883639],[-0.812874083,51.779360194],[-0.788703389,51.784659],[-0.73645,51.7922833],[-0.78350425,51.776266222],[-0.808057806,51.770883639]]]}},{"type":"Feature","properties":{"category":"D","category_source":"airspace_type","airspace_class":"","airspace_type":"D","local_type":"","designator":"EGD202A","name":"WEST WALES","source":"NATS UK ICAO AIP Dataset","airac":"2026-08-06"},"geometry":{"type":"Polygon","coordinates":[[[-4.35583,52.21389],[-4.2,52.26667],[-4.16611,52.2625],[-4.24167,52.02639],[-4.42194,52.00528],[-4.35583,52.21389]]]}},{"type":"Feature","properties":{"category":"R","category_source":"airspace_type","airspace_class":"","airspace_type":"R","local_type":"RPZ","designator":"EGR6U005E","name":"PERTH/SCONE RWY 27","source":"NATS UK ICAO AIP Dataset","airac":"2026-08-06"},"geometry":{"type":"Polygon","coordinates":[[[-3.2863306,56.4435528],[-3.2858444,56.4345778],[-3.315210556,56.434108111],[-3.3739056,56.441125],[-3.313959528,56.443111528],[-3.2863306,56.4435528]]]}},{"type":"Feature","properties":{"category":"R","category_source":"airspace_type","airspace_class":"","airspace_type":"R","local_type":"FRZ","designator":"EGR1U049","name":"HMP ASHFIELD","source":"NATS UK ICAO AIP Dataset","airac":"2026-08-06"},"geometry":{"type":"Polygon","coordinates":[[[-2.4396639,51.4865194],[-2.4338861,51.4854361],[-2.4321639,51.4834778],[-2.4321583,51.4811167],[-2.4337639,51.4785194],[-2.438575,51.4765722],[-2.4456417,51.4779722],[-2.4478944,51.4817361],[-2.4446389,51.485325],[-2.4396639,51.4865194]]]}},{"type":"Feature","properties":{"category":"R","category_source":"airspace_type","airspace_class":"","airspace_type":"R","local_type":"FRZ","designator":"EGR2U056","name":"HMP STOKE HEATH","source":"NATS UK ICAO AIP Dataset","airac":"2026-08-06"},"geometry":{"type":"Polygon","coordinates":[[[-2.5272139,52.8752056],[-2.5219417,52.8734139],[-2.5187417,52.8752556],[-2.5124139,52.871175],[-2.5119222,52.8672861],[-2.5145417,52.865825],[-2.5165222,52.8617056],[-2.5324694,52.8644889],[-2.5272139,52.8752056]]]}},{"type":"Feature","properties":{"category":"R","category_source":"airspace_type","airspace_class":"","airspace_type":"R","local_type":"FRZ","designator":"EGR4U015","name":"HMP FRANKLAND/LOW NEWTON","source":"NATS UK ICAO AIP Dataset","airac":"2026-08-06"},"geometry":{"type":"Polygon","coordinates":[[[-1.5424833,54.8109194],[-1.5392111,54.8001333],[-1.5547861,54.7981778],[-1.564175,54.8027778],[-1.5641278,54.8088],[-1.5424833,54.8109194]]]}},{"type":"Feature","properties":{"category":"R","category_source":"airspace_type","airspace_class":"","airspace_type":"R","local_type":"FRZ","designator":"EGR3U025","name":"HMP ALTCOURSE","source":"NATS UK ICAO AIP Dataset","airac":"2026-08-06"},"geometry":{"type":"Polygon","coordinates":[[[-2.93805,53.4670833],[-2.9333222,53.46705],[-2.9268444,53.4641],[-2.9254722,53.4595444],[-2.9298333,53.4570139],[-2.9432222,53.4572639],[-2.9447194,53.4612333],[-2.9446056,53.4648444],[-2.93805,53.4670833]]]}},{"type":"Feature","properties":{"category":"D","category_source":"airspace_type","airspace_class":"","airspace_type":"D","local_type":"","designator":"EGD407","name":"WARCOP","source":"NATS UK ICAO AIP Dataset","airac":"2026-08-06"},"geometry":{"type":"Polygon","coordinates":[[[-2.34639,54.63667],[-2.24583,54.64889],[-2.23389,54.63139],[-2.2625,54.57556],[-2.34528,54.53222],[-2.36917,54.53389],[-2.42667,54.56194],[-2.40528,54.59056],[-2.34639,54.63667]]]}},{"type":"Feature","properties":{"category":"R","category_source":"airspace_type","airspace_class":"","airspace_type":"R","local_type":"","designator":"EGR610B","name":"THE HIGHLANDS","source":"NATS UK ICAO AIP Dataset","airac":"2026-08-06"},"geometry":{"type":"Polygon","coordinates":[[[-5.71667,57.83333],[-5.68056,57.66778],[-5.96083,57.64444],[-5.94556,57.0],[-5.94556,57.0],[-6.25111,57.0],[-6.25111,57.0],[-6.27694,57.7875],[-5.71667,57.83333]]]}},{"type":"Feature","properties":{"category":"D","category_source":"airspace_type","airspace_class":"","airspace_type":"D","local_type":"","designator":"EGD401","name":"BALLYKINLER","source":"NATS UK ICAO AIP Dataset","airac":"2026-08-06"},"geometry":{"type":"Polygon","coordinates":[[[-5.77,54.22611],[-5.79278,54.21556],[-5.84389,54.22111],[-5.82778,54.24444],[-5.83611,54.25722],[-5.78833,54.25694],[-5.77,54.22611]]]}},{"type":"Feature","properties":{"category":"R","category_source":"airspace_type","airspace_class":"","airspace_type":"R","local_type":"RPZ","designator":"EGR2U032B","name":"NORWICH RWY 09","source":"NATS UK ICAO AIP Dataset","airac":"2026-08-06"},"geometry":{"type":"Polygon","coordinates":[[[1.1952278,52.6707472],[1.1950472,52.6797333],[1.214519722,52.679893194],[1.2826639,52.6759333],[1.214717278,52.670907222],[1.1952278,52.6707472]]]}},{"type":"Feature","properties":{"category":"R","category_source":"airspace_type","airspace_class":"","airspace_type":"R","local_type":"RPZ","designator":"EGR3U012B","name":"NETHERTHORPE RWY 06","source":"NATS UK ICAO AIP Dataset","airac":"2026-08-06"},"geometry":{"type":"Polygon","coordinates":[[[-1.2560278,53.2867333],[-1.2645417,53.2941306],[-1.245777556,53.301897694],[-1.1962028,53.3169333],[-1.237253528,53.294504],[-1.2560278,53.2867333]]]}},{"type":"Feature","properties":{"category":"R","category_source":"airspace_type","airspace_class":"","airspace_type":"R","local_type":"RPZ","designator":"EGR2U016G","name":"LEICESTER RWY 28","source":"NATS UK ICAO AIP Dataset","airac":"2026-08-06"},"geometry":{"type":"Polygon","coordinates":[[[-0.950975,52.6071417],[-0.9525333,52.5982056],[-0.978818194,52.599919944],[-1.03194,52.60778],[-0.977296194,52.608858417],[-0.950975,52.6071417]]]}},{"type":"Feature","properties":{"category":"R","category_source":"airspace_type","airspace_class":"","airspace_type":"R","local_type":"FRZ","designator":"EGR2U047","name":"HMP LEICESTER","source":"NATS UK ICAO AIP Dataset","airac":"2026-08-06"},"geometry":{"type":"Polygon","coordinates":[[[-1.1321139,52.6320528],[-1.1232083,52.6289056],[-1.126375,52.6244472],[-1.1312556,52.6224778],[-1.1383639,52.6250333],[-1.1391556,52.63035],[-1.1321139,52.6320528]]]}},{"type":"Feature","properties":{"category":"R","category_source":"airspace_type","airspace_class":"","airspace_type":"R","local_type":"FRZ","designator":"EGR1U064","name":"HMP GRENDON","source":"NATS UK ICAO AIP Dataset","airac":"2026-08-06"},"geometry":{"type":"Polygon","coordinates":[[[-1.0123694,51.8984361],[-1.0004833,51.8977417],[-0.9969639,51.8942056],[-0.9968944,51.8892389],[-1.0036889,51.8861833],[-1.0127556,51.8879389],[-1.01375,51.8922778],[-1.0123694,51.8984361]]]}},{"type":"Feature","properties":{"category":"D","category_source":"airspace_type","airspace_class":"","airspace_type":"D","local_type":"","designator":"EGD613C","name":"CENTRAL COMPLEX","source":"NATS UK ICAO AIP Dataset","airac":"2026-08-06"},"geometry":{"type":"Polygon","coordinates":[[[1.2068417,56.8823361],[-1.4184806,56.2971694],[-1.5996,56.7901639],[1.2068417,56.8823361]]]}},{"type":"Feature","properties":{"category":"TMZ","category_source":"local_type","airspace_class":"","airspace_type":"RAS","local_type":"TMZ","designator":"EGSS007","name":"LONDON STANSTED TMZ 2","source":"NATS UK ICAO AIP Dataset","airac":"2026-08-06"},"geometry":{"type":"Polygon","coordinates":[[[0.21917,51.75222],[0.11444,51.68194],[0.235,51.885],[-0.05444,51.76389],[-0.00167,51.86278],[0.02222,51.86528],[0.235,51.885],[0.21917,51.75222]]]}},{"type":"Feature","properties":{"category":"R","category_source":"airspace_type","airspace_class":"","airspace_type":"R","local_type":"RPZ","designator":"EGR5U006B","name":"CUMBERNAULD RWY 07","source":"NATS UK ICAO AIP Dataset","airac":"2026-08-06"},"geometry":{"type":"Polygon","coordinates":[[[-4.0556528,55.9557667],[-4.0604583,55.9643333],[-4.033903333,55.969035306],[-3.9754333,55.9746556],[-4.029086833,55.960470417],[-4.0556528,55.9557667]]]}},{"type":"Feature","properties":{"category":"R","category_source":"airspace_type","airspace_class":"","airspace_type":"R","local_type":"FRZ","designator":"EGR2U036","name":"HMP BIRMINGHAM","source":"NATS UK ICAO AIP Dataset","airac":"2026-08-06"},"geometry":{"type":"Polygon","coordinates":[[[-1.9406583,52.4983111],[-1.9314528,52.4976833],[-1.9297361,52.4954917],[-1.9296444,52.4903972],[-1.9326861,52.4882194],[-1.9424222,52.4879806],[-1.9467111,52.4955528],[-1.9406583,52.4983111]]]}},{"type":"Feature","properties":{"category":"R","category_source":"airspace_type","airspace_class":"","airspace_type":"R","local_type":"RPZ","designator":"EGR1U048C","name":"LITTLE RISSINGTON RWY 22","source":"NATS UK ICAO AIP Dataset","airac":"2026-08-06"},"geometry":{"type":"Polygon","coordinates":[[[-1.649184528,51.909842528],[-1.637752389,51.904294917],[-1.655572389,51.890261972],[-1.6941889,51.8670889],[-1.666997556,51.89581225],[-1.649184528,51.909842528]]]}},{"type":"Feature","properties":{"category":"R","category_source":"airspace_type","airspace_class":"","airspace_type":"R","local_type":"RPZ","designator":"EGR2U006G","name":"TERNHILL RWY 35","source":"NATS UK ICAO AIP Dataset","airac":"2026-08-06"},"geometry":{"type":"Polygon","coordinates":[[[-2.50649125,52.827009278],[-2.521034,52.825233389],[-2.525977361,52.84009],[-2.5321917,52.8731611],[-2.511575472,52.842304472],[-2.50649125,52.827009278]]]}},{"type":"Feature","properties":{"category":"R","category_source":"airspace_type","airspace_class":"","airspace_type":"R","local_type":"RPZ","designator":"EGR4U008C","name":"LEEMING RWY 34","source":"NATS UK ICAO AIP Dataset","airac":"2026-08-06"},"geometry":{"type":"Polygon","coordinates":[[[-1.4897167,54.2440083],[-1.5037028,54.2403222],[-1.513378333,54.252928417],[-1.53528,54.2925],[-1.499377278,54.256600944],[-1.4897167,54.2440083]]]}},{"type":"Feature","properties":{"category":"R","category_source":"airspace_type","airspace_class":"","airspace_type":"R","local_type":"RPZ","designator":"EGR5U006C","name":"CUMBERNAULD RWY 25","source":"NATS UK ICAO AIP Dataset","airac":"2026-08-06"},"geometry":{"type":"Polygon","coordinates":[[[-3.8951528,55.9934917],[-3.8903417,55.984925],[-3.916947028,55.980250167],[-3.9754333,55.9746556],[-3.921742361,55.988819444],[-3.8951528,55.9934917]]]}},{"type":"Feature","properties":{"category":"R","category_source":"airspace_type","airspace_class":"","airspace_type":"R","local_type":"RPZ","designator":"EGR4U002B","name":"BELFAST ALDERGROVE RWY 07","source":"NATS UK ICAO AIP Dataset","airac":"2026-08-06"},"geometry":{"type":"Polygon","coordinates":[[[-6.3021944,54.6292278],[-6.3087139,54.6373778],[-6.283751167,54.644122972],[-6.21583,54.6575],[-6.277207972,54.635979167],[-6.3021944,54.6292278]]]}},{"type":"Feature","properties":{"category":"R","category_source":"airspace_type","airspace_class":"","airspace_type":"R","local_type":"RPZ","designator":"EGR2U025E","name":"DUXFORD RWY 24L","source":"NATS UK ICAO AIP Dataset","airac":"2026-08-06"},"geometry":{"type":"Polygon","coordinates":[[[0.197316194,52.121093139],[0.205046694,52.113469389],[0.180800861,52.104168167],[0.1315028,52.0905194],[0.173077667,52.111794139],[0.197316194,52.121093139]]]}},{"type":"Feature","properties":{"category":"R","category_source":"airspace_type","airspace_class":"","airspace_type":"R","local_type":"RPZ","designator":"EGR2U011D","name":"DERBY RWY 10","source":"NATS UK ICAO AIP Dataset","airac":"2026-08-06"},"geometry":{"type":"Polygon","coordinates":[[[-1.692661806,52.862181361],[-1.690652111,52.871084722],[-1.670122917,52.869399111],[-1.6175,52.85972],[-1.672477056,52.860524056],[-1.692661806,52.862181361]]]}},{"type":"Feature","properties":{"category":"D","category_source":"airspace_type","airspace_class":"","airspace_type":"D","local_type":"","designator":"EGD510B","name":"SPADEADAM","source":"NATS UK ICAO AIP Dataset","airac":"2026-08-06"},"geometry":{"type":"Polygon","coordinates":[[[-2.8821306,55.25],[-2.66417,55.25],[-2.66417,55.25],[-2.29528,55.08139],[-2.28806,55.07139],[-2.27778,55.035],[-2.46444,55.0],[-2.46444,55.0],[-2.70972,55.0],[-2.70972,55.0],[-2.7480778,55.019925],[-2.8821306,55.25]]]}},{"type":"Feature","properties":{"category":"D","category_source":"airspace_type","airspace_class":"","airspace_type":"D","local_type":"","designator":"EGD601","name":"GARELOCHHEAD","source":"NATS UK ICAO AIP Dataset","airac":"2026-08-06"},"geometry":{"type":"Polygon","coordinates":[[[-4.77667,56.13472],[-4.78222,56.08472],[-4.79444,56.07778],[-4.82,56.09639],[-4.82,56.11833],[-4.77667,56.13472]]]}},{"type":"Feature","properties":{"category":"R","category_source":"airspace_type","airspace_class":"","airspace_type":"R","local_type":"RPZ","designator":"EGR3U003C","name":"WOODVALE RWY 21","source":"NATS UK ICAO AIP Dataset","airac":"2026-08-06"},"geometry":{"type":"Polygon","coordinates":[[[-3.019629389,53.629093833],[-3.006585639,53.624554417],[-3.022999306,53.607906917],[-3.0575278,53.5817222],[-3.036035611,53.612448667],[-3.019629389,53.629093833]]]}},{"type":"Feature","properties":{"category":"R","category_source":"airspace_type","airspace_class":"","airspace_type":"R","local_type":"RPZ","designator":"EGR4U002E","name":"BELFAST ALDERGROVE RWY 35","source":"NATS UK ICAO AIP Dataset","airac":"2026-08-06"},"geometry":{"type":"Polygon","coordinates":[[[-6.18867225,54.601232806],[-6.203384306,54.598450556],[-6.213187778,54.615935333],[-6.21583,54.6575],[-6.197655556,54.617265722],[-6.18867225,54.601232806]]]}},{"type":"Feature","properties":{"category":"D","category_source":"airspace_type","airspace_class":"","airspace_type":"D","local_type":"","designator":"EGD712D","name":"NORTHERN COMPLEX","source":"NATS UK ICAO AIP Dataset","airac":"2026-08-06"},"geometry":{"type":"Polygon","coordinates":[[[-2.4555083,58.7817139],[-1.907375,58.6059778],[-2.1065472,57.6666667],[-2.1065472,57.6666667],[-2.9724806,57.6666667],[-2.9724806,57.6666667],[-3.5638889,57.8074444],[-2.4555083,58.7817139]]]}},{"type":"Feature","properties":{"category":"R","category_source":"airspace_type","airspace_class":"","airspace_type":"R","local_type":"RPZ","designator":"EGR2U031F","name":"OLD BUCKENHAM RWY 07L","source":"NATS UK ICAO AIP Dataset","airac":"2026-08-06"},"geometry":{"type":"Polygon","coordinates":[[[0.9878056,52.4744639],[0.9814722,52.4825778],[0.999827556,52.487931083],[1.0520222,52.497575],[1.0059615,52.479759194],[0.9878056,52.4744639]]]}},{"type":"Feature","properties":{"category":"R","category_source":"airspace_type","airspace_class":"","airspace_type":"R","local_type":"","designator":"EGR432","name":"FRANKLAND/DURHAM","source":"NATS UK ICAO AIP Dataset","airac":"2026-08-06"},"geometry":{"type":"Polygon","coordinates":[[[-1.55028,54.80556],[-1.49583,54.79472],[-1.515,54.76222],[-1.56944,54.77306],[-1.62389,54.78389],[-1.60472,54.81639],[-1.55028,54.80556]]]}},{"type":"Feature","properties":{"category":"R","category_source":"airspace_type","airspace_class":"","airspace_type":"R","local_type":"RPZ","designator":"EGR5U003C","name":"CAMPBELTOWN RWY 29","source":"NATS UK ICAO AIP Dataset","airac":"2026-08-06"},"geometry":{"type":"Polygon","coordinates":[[[-5.591270861,55.426397889],[-5.595643778,55.417766889],[-5.63458175,55.42417125],[-5.6881,55.4376167],[-5.630200833,55.432801028],[-5.591270861,55.426397889]]]}},{"type":"Feature","properties":{"category":"R","category_source":"airspace_type","airspace_class":"","airspace_type":"R","local_type":"RPZ","designator":"EGR3U004E","name":"BLACKPOOL RWY 31","source":"NATS UK ICAO AIP Dataset","airac":"2026-08-06"},"geometry":{"type":"Polygon","coordinates":[[[-2.9668806,53.7454194],[-2.9760667,53.7382722],[-2.981597611,53.740775611],[-3.02861,53.77167],[-2.971473083,53.74749825],[-2.9668806,53.7454194]]]}},{"type":"Feature","properties":{"category":"D","category_source":"airspace_type","airspace_class":"","airspace_type":"D","local_type":"","designator":"EGD323C","name":"SOUTHERN COMPLEX","source":"NATS UK ICAO AIP Dataset","airac":"2026-08-06"},"geometry":{"type":"Polygon","coordinates":[[[2.002691667,54.849688889],[2.3526361,54.75875],[-0.0005361,54.1121806],[-0.174461111,54.24745],[2.002691667,54.849688889]]]}},{"type":"Feature","properties":{"category":"TMZ","category_source":"local_type","airspace_class":"","airspace_type":"OTHER:TMZ","local_type":"TMZ","designator":"EGTMZ031","name":"MORAY CTA 10 TMZ","source":"NATS UK ICAO AIP Dataset","airac":"2026-08-06"},"geometry":{"type":"Polygon","coordinates":[[[-4.2760389,57.2240972],[-3.9723083,57.2017917],[-4.0999472,56.6889917],[-4.3996444,56.7108278],[-4.2760389,57.2240972]]]}},{"type":"Feature","properties":{"category":"D","category_source":"airspace_type","airspace_class":"","airspace_type":"D","local_type":"","designator":"EGD801","name":"CAPE WRATH (NORTH WEST)","source":"NATS UK ICAO AIP Dataset","airac":"2026-08-06"},"geometry":{"type":"Polygon","coordinates":[[[-4.5,59.0],[-4.5,58.75],[-4.5,58.75],[-5.0,58.75],[-5.0,58.75],[-5.0,59.0],[-5.0,59.0],[-4.5,59.0]]]}},{"type":"Feature","properties":{"category":"R","category_source":"airspace_type","airspace_class":"","airspace_type":"R","local_type":"FRZ","designator":"EGR2U051","name":"HMP NOTTINGHAM","source":"NATS UK ICAO AIP Dataset","airac":"2026-08-06"},"geometry":{"type":"Polygon","coordinates":[[[-1.1597333,52.9892694],[-1.1490861,52.9902667],[-1.1467583,52.9822333],[-1.1516528,52.9804917],[-1.1615972,52.9799111],[-1.1632806,52.9847806],[-1.1628611,52.9873611],[-1.1597333,52.9892694]]]}},{"type":"Feature","properties":{"category":"R","category_source":"airspace_type","airspace_class":"","airspace_type":"R","local_type":"RPZ","designator":"EGR1U022C","name":"WYCOMBE AIR PARK/BOOKER RWY 24","source":"NATS UK ICAO AIP Dataset","airac":"2026-08-06"},"geometry":{"type":"Polygon","coordinates":[[[-0.7428694,51.6380306],[-0.7361806,51.6300639],[-0.757917167,51.623013],[-0.8082306,51.6117306],[-0.764597083,51.630982139],[-0.7428694,51.6380306]]]}},{"type":"Feature","properties":{"category":"R","category_source":"airspace_type","airspace_class":"","airspace_type":"R","local_type":"RPZ","designator":"EGR1U120D","name":"MERRYFIELD RWY 09","source":"NATS UK ICAO AIP Dataset","airac":"2026-08-06"},"geometry":{"type":"Polygon","coordinates":[[[-3.021600639,50.953874944],[-3.022882139,50.962827389],[-3.004708361,50.963876722],[-2.9388139,50.9631361],[-3.003417139,50.954924806],[-3.021600639,50.953874944]]]}},{"type":"Feature","properties":{"category":"D","category_source":"airspace_type","airspace_class":"","airspace_type":"D","local_type":"","designator":"EGD217F","name":"LLANBEDR","source":"NATS UK ICAO AIP Dataset","airac":"2026-08-06"},"geometry":{"type":"Polygon","coordinates":[[[-4.1271361,52.8047444],[-4.0916889,52.8851639],[-4.0894944,52.8395528],[-4.1271361,52.8047444],[-4.1608972,52.8409833],[-4.1630889,52.8850806],[-4.1271361,52.8047444]]]}},{"type":"Feature","properties":{"category":"R","category_source":"airspace_type","airspace_class":"","airspace_type":"R","local_type":"RPZ","designator":"EGR4U004D","name":"NEWTOWNARDS RWY 08","source":"NATS UK ICAO AIP Dataset","airac":"2026-08-06"},"geometry":{"type":"Polygon","coordinates":[[[-5.7707889,54.5655639],[-5.7742917,54.5743139],[-5.748935139,54.577755472],[-5.69194,54.58111],[-5.745307417,54.569022361],[-5.7707889,54.5655639]]]}},{"type":"Feature","properties":{"category":"R","category_source":"airspace_type","airspace_class":"","airspace_type":"R","local_type":"RPZ","designator":"EGR3U013B","name":"LEEDS EAST RWY 06","source":"NATS UK ICAO AIP Dataset","airac":"2026-08-06"},"geometry":{"type":"Polygon","coordinates":[[[-1.2626944,53.8007361],[-1.2714694,53.8080694],[-1.25688125,53.814202028],[-1.19547972,53.83446806],[-1.2527639,53.8102667],[-1.241381833,53.809693667],[-1.2626944,53.8007361]]]}},{"type":"Feature","properties":{"category":"R","category_source":"airspace_type","airspace_class":"","airspace_type":"R","local_type":"FRZ","designator":"EGR1U058","name":"HMP COLDINGLEY","source":"NATS UK ICAO AIP Dataset","airac":"2026-08-06"},"geometry":{"type":"Polygon","coordinates":[[[-0.6469389,51.3271333],[-0.6382083,51.3268528],[-0.6323444,51.3213556],[-0.6445972,51.3159917],[-0.6526472,51.3213472],[-0.6469389,51.3271333]]]}},{"type":"Feature","properties":{"category":"R","category_source":"airspace_type","airspace_class":"","airspace_type":"R","local_type":"RPZ","designator":"EGR1U117B","name":"NEWQUAY RWY 12","source":"NATS UK ICAO AIP Dataset","airac":"2026-08-06"},"geometry":{"type":"Polygon","coordinates":[[[-5.0762667,50.4659722],[-5.0691111,50.4737167],[-5.047641611,50.465652972],[-4.995375,50.440775],[-5.054786333,50.457905056],[-5.0762667,50.4659722]]]}},{"type":"Feature","properties":{"category":"R","category_source":"airspace_type","airspace_class":"","airspace_type":"R","local_type":"RPZ","designator":"EGR1U007B","name":"YEOVILTON RWY 04","source":"NATS UK ICAO AIP Dataset","airac":"2026-08-06"},"geometry":{"type":"Polygon","coordinates":[[[-2.681368167,50.965076361],[-2.692731056,50.970491194],[-2.686526278,50.975689667],[-2.6454917,51.0082694],[-2.676291333,50.971469361],[-2.673953139,50.971287361],[-2.681368167,50.965076361]]]}},{"type":"Feature","properties":{"category":"TMZ","category_source":"local_type","airspace_class":"","airspace_type":"OTHER:TMZ","local_type":"TMZ","designator":"EGTMZ020","name":"FARNBOROUGH CTA 9 TMZ","source":"NATS UK ICAO AIP Dataset","airac":"2026-08-06"},"geometry":{"type":"Polygon","coordinates":[[[-0.684444444,50.960833333],[-0.571839111,50.855216667],[-0.571839111,50.855216667],[-0.915695889,50.855216667],[-0.915695889,50.855216667],[-0.985555556,50.92],[-0.684444444,50.960833333]]]}},{"type":"Feature","properties":{"category":"D","category_source":"airspace_type","airspace_class":"","airspace_type":"D","local_type":"","designator":"EGD712A","name":"NORTHERN COMPLEX","source":"NATS UK ICAO AIP Dataset","airac":"2026-08-06"},"geometry":{"type":"Polygon","coordinates":[[[-5.4496722,58.8673306],[-5.3955861,58.2194278],[-5.8786278,58.3221667],[-5.9194528,58.7421972],[-5.4496722,58.8673306]]]}},{"type":"Feature","properties":{"category":"TMZ","category_source":"local_type","airspace_class":"","airspace_type":"OTHER:TMZ","local_type":"TMZ","designator":"EGTMZ014","name":"MORAY CTA 11 TMZ","source":"NATS UK ICAO AIP Dataset","airac":"2026-08-06"},"geometry":{"type":"Polygon","coordinates":[[[-4.3996444,56.7108278],[-4.0999472,56.6889917],[-4.1577028,56.4522083],[-4.4555333,56.4740444],[-4.3996444,56.7108278]]]}},{"type":"Feature","properties":{"category":"R","category_source":"airspace_type","airspace_class":"","airspace_type":"R","local_type":"RPZ","designator":"EGR2U019D","name":"BARKSTON HEATH RWY 10","source":"NATS UK ICAO AIP Dataset","airac":"2026-08-06"},"geometry":{"type":"Polygon","coordinates":[[[-0.6465194,52.9655111],[-0.6432944,52.9742833],[-0.614069528,52.970386139],[-0.5603222,52.9629833],[-0.615378917,52.961358333],[-0.6465194,52.9655111]]]}},{"type":"Feature","properties":{"category":"ATZ","category_source":"local_type","airspace_class":"","airspace_type":"RAS","local_type":"ATZ","designator":"EGKR001","name":"REDHILL ATZ","source":"NATS UK ICAO AIP Dataset","airac":"2026-08-06"},"geometry":{"type":"Polygon","coordinates":[[[-0.17185656441391417,51.18761594036282],[-0.16883327625656255,51.18620603390824],[-0.16565832941456043,51.184934035054255],[-0.16234769817692066,51.18380635058998],[-0.1589180351619886,51.18282866042351],[-0.15538658789090926,51.18200588897337],[-0.15177111245755237,51.181342180365306],[-0.14808978471884052,51.18084087755916],[-0.1443611094402818,51.18050450551112],[-0.14060382784042616,51.18033475845603],[-0.13683682398492303,51.18033249137388],[-0.13307903048584485,51.180497715683515],[-0.1293493339649495,51.18082959918502],[-0.12566648074057415,51.181326470251406],[-0.1220489831968868,51.18198582624824],[-0.11851502729126795,51.18280434613884],[-0.11508238165066106,51.183777907211685],[-0.11176830870082453,51.1849016058456],[-0.10858947826355383,51.18616978220831],[-0.10556188404613778,51.187576048763745],[-0.10270076343458992,51.18911332244477],[-0.10002052098758249,51.19077386032905],[-0.09753465601154085,51.19254929863858],[-0.0952556945790688,51.194430694866185],[-0.0931951263328196,51.19640857281707],[-0.0913633463951567,51.19847297033843],[-0.08976960268052651,51.20061348949667],[-0.08842194888246431,51.20281934894963],[-0.08732720338065637,51.2050794382499],[-0.08649091428557756,51.2073823738058],[-0.08591733080901504,51.209716556218126],[-0.08560938111839045,51.21207022870387],[-0.08556865680132429,51.21443153631265],[-0.08579540403448588,51.21678858563757],[-0.08628852151757953,51.21912950471984],[-0.08704556519949254,51.22144250284524],[-0.08806275978933323,51.223715929931565],[-0.08933501701049423,51.22593833520751],[-0.09085596052116757,51.228098524887855],[-0.09261795739010467,51.23018561855418],[-0.09461215598204871,51.23218910395722],[-0.09682853007337164,51.234098889964834],[-0.09925592898522309,51.23590535738893],[-0.10188213348915098,51.237599407435255],[-0.10469391720888424,51.239172507532096],[-0.10767711321198276,51.24061673430707],[-0.11081668545655085,51.24192481349543],[-0.114096804731376,51.243090156579036],[-0.11750092870287257,51.24410689397131],[-0.12101188565925827,51.244969904581104],[-0.12461196152162919,51.245674841606544],[-0.12828298967317725,51.24621815442896],[-0.13200644314184423,51.2465971064966],[-0.1357635286583444,51.246809789108084],[-0.13953528210081653,51.24685513102609],[-0.14330266482945622,51.24673290387295],[-0.1470466604094002,51.246443723281],[-0.08639,51.20833],[-0.18,51.19278],[-0.17185656441391417,51.18761594036282]]]}},{"type":"Feature","properties":{"category":"R","category_source":"airspace_type","airspace_class":"","airspace_type":"R","local_type":"RPZ","designator":"EGR1U013H","name":"BOSCOMBE RWY 17","source":"NATS UK ICAO AIP Dataset","airac":"2026-08-06"},"geometry":{"type":"Polygon","coordinates":[[[-1.757253028,51.204222583],[-1.743336,51.206311333],[-1.7387285,51.194203194],[-1.7510111,51.1533083],[-1.753699194,51.194891389],[-1.757253028,51.204222583]]]}},{"type":"Feature","properties":{"category":"R","category_source":"airspace_type","airspace_class":"","airspace_type":"R","local_type":"RPZ","designator":"EGR2U004E","name":"SLEAP RWY 36","source":"NATS UK ICAO AIP Dataset","airac":"2026-08-06"},"geometry":{"type":"Polygon","coordinates":[[[-2.7608806,52.7847417],[-2.7756972,52.7845278],[-2.776342389,52.800725083],[-2.77167,52.83389],[-2.7615295,52.801175833],[-2.7608806,52.7847417]]]}},{"type":"Feature","properties":{"category":"D","category_source":"airspace_type","airspace_class":"","airspace_type":"D","local_type":"","designator":"EGD011A","name":"OKEHAMPTON","source":"NATS UK ICAO AIP Dataset","airac":"2026-08-06"},"geometry":{"type":"Polygon","coordinates":[[[-4.02944,50.70722],[-3.98167,50.71972],[-3.93694,50.66028],[-3.95333,50.62361],[-3.96694,50.62889],[-4.01694,50.62472],[-4.06139,50.67194],[-4.02944,50.70722]]]}},{"type":"Feature","properties":{"category":"R","category_source":"airspace_type","airspace_class":"","airspace_type":"R","local_type":"RPZ","designator":"EGR3U016M","name":"SYERSTON RWY 29","source":"NATS UK ICAO AIP Dataset","airac":"2026-08-06"},"geometry":{"type":"Polygon","coordinates":[[[-0.8391278,53.0115861],[-0.8437972,53.0030528],[-0.863576944,53.007002389],[-0.91167,53.02333],[-0.858074667,53.015369556],[-0.8391278,53.0115861]]]}},{"type":"Feature","properties":{"category":"R","category_source":"airspace_type","airspace_class":"","airspace_type":"R","local_type":"RPZ","designator":"EGR2U031D","name":"OLD BUCKENHAM RWY 07","source":"NATS UK ICAO AIP Dataset","airac":"2026-08-06"},"geometry":{"type":"Polygon","coordinates":[[[0.9833472,52.4727333],[0.9770556,52.4808583],[1.000040028,52.487513083],[1.0520222,52.497575],[1.006347694,52.479392667],[0.9833472,52.4727333]]]}},{"type":"Feature","properties":{"category":"D","category_source":"airspace_type","airspace_class":"","airspace_type":"D","local_type":"","designator":"EGD201H","name":"ABERPORTH","source":"NATS UK ICAO AIP Dataset","airac":"2026-08-06"},"geometry":{"type":"Polygon","coordinates":[[[-5.3016806,52.5],[-4.2,52.5],[-4.2,52.5],[-4.2,52.2666667],[-4.495,52.1666667],[-4.4845083,52.1468],[-4.6360806,52.1171139],[-4.646375,52.14435],[-5.0158333,52.1508333],[-5.3016806,52.5]]]}},{"type":"Feature","properties":{"category":"R","category_source":"airspace_type","airspace_class":"","airspace_type":"R","local_type":"RPZ","designator":"EGR7U005C","name":"LOSSIEMOUTH RWY 23","source":"NATS UK ICAO AIP Dataset","airac":"2026-08-06"},"geometry":{"type":"Polygon","coordinates":[[[-3.270425139,57.750890528],[-3.258285056,57.74468675],[-3.278447361,57.733427889],[-3.3378889,57.7066583],[-3.290577444,57.739635194],[-3.270425139,57.750890528]]]}},{"type":"Feature","properties":{"category":"R","category_source":"airspace_type","airspace_class":"","airspace_type":"R","local_type":"RPZ","designator":"EGR1U102C","name":"SCILLY ISLES/ST MARY'S RWY 27","source":"NATS UK ICAO AIP Dataset","airac":"2026-08-06"},"geometry":{"type":"Polygon","coordinates":[[[-6.2192583,49.9202444],[-6.2185528,49.9112667],[-6.240362139,49.910565194],[-6.2917583,49.9132861],[-6.241103222,49.919542222],[-6.2192583,49.9202444]]]}},{"type":"Feature","properties":{"category":"R","category_source":"airspace_type","airspace_class":"","airspace_type":"R","local_type":"RPZ","designator":"EGR3U020D","name":"CRANWELL RWY 08","source":"NATS UK ICAO AIP Dataset","airac":"2026-08-06"},"geometry":{"type":"Polygon","coordinates":[[[-0.5786778,53.0185333],[-0.5805667,53.0274472],[-0.561749361,53.028913083],[-0.4927528,53.0297333],[-0.559841,53.020000639],[-0.5786778,53.0185333]]]}},{"type":"Feature","properties":{"category":"R","category_source":"airspace_type","airspace_class":"","airspace_type":"R","local_type":"RPZ","designator":"EGR1U020B","name":"ODIHAM RWY 09","source":"NATS UK ICAO AIP Dataset","airac":"2026-08-06"},"geometry":{"type":"Polygon","coordinates":[[[-1.0277194,51.2320944],[-1.0270639,51.241075],[-0.994981361,51.240173667],[-0.9428083,51.2341917],[-0.995623806,51.231193278],[-1.0277194,51.2320944]]]}},{"type":"Feature","properties":{"category":"R","category_source":"airspace_type","airspace_class":"","airspace_type":"R","local_type":"RPZ","designator":"EGR2U019F","name":"BARKSTON HEATH RWY 18","source":"NATS UK ICAO AIP Dataset","airac":"2026-08-06"},"geometry":{"type":"Polygon","coordinates":[[[-0.566570111,53.010190694],[-0.551683111,53.010542722],[-0.550723889,52.995758917],[-0.5603222,52.9629833],[-0.565651722,52.996111167],[-0.566570111,53.010190694]]]}},{"type":"Feature","properties":{"category":"D","category_source":"airspace_type","airspace_class":"","airspace_type":"D","local_type":"","designator":"EGD703","name":"TAIN","source":"NATS UK ICAO AIP Dataset","airac":"2026-08-06"},"geometry":{"type":"Polygon","coordinates":[[[-3.50833,57.87333],[-3.775,57.84833],[-3.91667,57.75],[-3.91667,57.75],[-4.04833,57.75],[-4.04833,57.75],[-4.13667,57.86],[-3.74333,58.05667],[-3.61667,58.11667],[-3.5,58.05],[-3.5,57.87333],[-3.5,57.87333],[-3.50833,57.87333]]]}},{"type":"Feature","properties":{"category":"R","category_source":"airspace_type","airspace_class":"","airspace_type":"R","local_type":"RPZ","designator":"EGR5U004E","name":"PRESTWICK RWY 30","source":"NATS UK ICAO AIP Dataset","airac":"2026-08-06"},"geometry":{"type":"Polygon","coordinates":[[[-4.5027611,55.4828556],[-4.5109833,55.4751833],[-4.536515111,55.484035028],[-4.5945806,55.5093917],[-4.528274,55.491701833],[-4.5027611,55.4828556]]]}},{"type":"Feature","properties":{"category":"R","category_source":"airspace_type","airspace_class":"","airspace_type":"R","local_type":"RPZ","designator":"EGR1U116C","name":"PREDANNACK RWY 23","source":"NATS UK ICAO AIP Dataset","airac":"2026-08-06"},"geometry":{"type":"Polygon","coordinates":[[[-5.179927083,50.042272417],[-5.169989694,50.035958528],[-5.19084,50.022362194],[-5.2317694,50.0020333],[-5.200771222,50.028678278],[-5.179927083,50.042272417]]]}},{"type":"Feature","properties":{"category":"R","category_source":"airspace_type","airspace_class":"","airspace_type":"R","local_type":"RPZ","designator":"EGR1U120C","name":"MERRYFIELD RWY 21","source":"NATS UK ICAO AIP Dataset","airac":"2026-08-06"},"geometry":{"type":"Polygon","coordinates":[[[-2.91223225,51.014110861],[-2.899237611,51.010422778],[-2.906978361,50.999581389],[-2.9388139,50.9631361],[-2.92012775,51.003048417],[-2.91223225,51.014110861]]]}},{"type":"Feature","properties":{"category":"R","category_source":"airspace_type","airspace_class":"","airspace_type":"R","local_type":"RPZ","designator":"EGR1U014E","name":"THRUXTON RWY 30","source":"NATS UK ICAO AIP Dataset","airac":"2026-08-06"},"geometry":{"type":"Polygon","coordinates":[[[-1.5306667,51.1876861],[-1.5384222,51.1801333],[-1.558524361,51.18830125],[-1.5969806,51.2112083],[-1.55016125,51.195607944],[-1.5306667,51.1876861]]]}},{"type":"Feature","properties":{"category":"ATZ","category_source":"local_type","airspace_class":"","airspace_type":"RAS","local_type":"ATZ","designator":"EGVF001","name":"PORTSMOUTH/FLEETLANDS ATZ","source":"NATS UK ICAO AIP Dataset","airac":"2026-08-06"},"geometry":{"type":"Polygon","coordinates":[[[-1.16944,50.83528],[-1.21778,50.84833],[-1.21778,50.84833],[-1.2065417,50.8157361],[-1.18806,50.84694],[-1.15583,50.80667],[-1.2065417,50.8157361],[-1.15806,50.80278],[-1.15806,50.80278],[-1.16944,50.83528]]]}},{"type":"Feature","properties":{"category":"R","category_source":"airspace_type","airspace_class":"","airspace_type":"R","local_type":"FRZ","designator":"EGR2U072","name":"NSA RAF FELTWELL","source":"NATS UK ICAO AIP Dataset","airac":"2026-08-06"},"geometry":{"type":"Polygon","coordinates":[[[0.5049833,52.4827444],[0.508,52.4852639],[0.5192472,52.4859028],[0.5273889,52.4824611],[0.5291194,52.4784167],[0.5178417,52.4726778],[0.5096472,52.4749806],[0.5049833,52.4827444]]]}},{"type":"Feature","properties":{"category":"R","category_source":"airspace_type","airspace_class":"","airspace_type":"R","local_type":"FRZ","designator":"EGR1U052","name":"HMP BRISTOL","source":"NATS UK ICAO AIP Dataset","airac":"2026-08-06"},"geometry":{"type":"Polygon","coordinates":[[[-2.5945583,51.4857444],[-2.5889111,51.4847722],[-2.5845861,51.4824889],[-2.5841139,51.4802306],[-2.5866972,51.4770778],[-2.5943278,51.4762111],[-2.6006528,51.4800528],[-2.5999806,51.4835722],[-2.5945583,51.4857444]]]}},{"type":"Feature","properties":{"category":"R","category_source":"airspace_type","airspace_class":"","airspace_type":"R","local_type":"RPZ","designator":"EGR1U030C","name":"LONDON LUTON RWY 25","source":"NATS UK ICAO AIP Dataset","airac":"2026-08-06"},"geometry":{"type":"Polygon","coordinates":[[[-0.2864889,51.8934306],[-0.2825806,51.884775],[-0.302110167,51.881413417],[-0.3684444,51.8746306],[-0.306004833,51.890071194],[-0.2864889,51.8934306]]]}},{"type":"Feature","properties":{"category":"R","category_source":"airspace_type","airspace_class":"","airspace_type":"R","local_type":"RPZ","designator":"EGR1U027D","name":"DENHAM RWY 12","source":"NATS UK ICAO AIP Dataset","airac":"2026-08-06"},"geometry":{"type":"Polygon","coordinates":[[[-0.5820528,51.6064472],[-0.57525,51.614375],[-0.556181444,51.608044139],[-0.5129944,51.588425],[-0.563031306,51.600132417],[-0.5820528,51.6064472]]]}},{"type":"Feature","properties":{"category":"R","category_source":"airspace_type","airspace_class":"","airspace_type":"R","local_type":"RPZ","designator":"EGR2U022C","name":"OLD WARDEN RWY 21","source":"NATS UK ICAO AIP Dataset","airac":"2026-08-06"},"geometry":{"type":"Polygon","coordinates":[[[-0.2923278,52.1314556],[-0.279125,52.1276194],[-0.289143222,52.114573694],[-0.31861,52.08667],[-0.302341167,52.118411694],[-0.2923278,52.1314556]]]}},{"type":"Feature","properties":{"category":"R","category_source":"airspace_type","airspace_class":"","airspace_type":"R","local_type":"RPZ","designator":"EGR6U001B","name":"TIREE RWY 05","source":"NATS UK ICAO AIP Dataset","airac":"2026-08-06"},"geometry":{"type":"Polygon","coordinates":[[[-6.9317583,56.4608361],[-6.9428,56.4674139],[-6.918335417,56.480019778],[-6.86917,56.49917],[-6.907286778,56.47344325],[-6.9317583,56.4608361]]]}},{"type":"Feature","properties":{"category":"R","category_source":"airspace_type","airspace_class":"","airspace_type":"R","local_type":"","designator":"EGR157","name":"HYDE PARK","source":"NATS UK ICAO AIP Dataset","airac":"2026-08-06"},"geometry":{"type":"Polygon","coordinates":[[[-0.1529333,51.5366111],[-0.1134083,51.5055861],[-0.1248944,51.4998917],[-0.1102417,51.5003194],[-0.1093139,51.4879861],[-0.1239611,51.4875556],[-0.1136111,51.4811111],[-0.1219167,51.4759889],[-0.1322222,51.4825],[-0.1468722,51.482875],[-0.1464694,51.4890389],[-0.1921806,51.4941417],[-0.1896028,51.5031556],[-0.2023722,51.5076639],[-0.1771972,51.5354222],[-0.1644222,51.5309111],[-0.1529333,51.5366111]]]}},{"type":"Feature","properties":{"category":"D","category_source":"airspace_type","airspace_class":"","airspace_type":"D","local_type":"","designator":"EGD323J","name":"SOUTHERN COMPLEX","source":"NATS UK ICAO AIP Dataset","airac":"2026-08-06"},"geometry":{"type":"Polygon","coordinates":[[[-0.174461111,54.24745],[-0.000536111,54.112180556],[-0.4349,53.9855667],[-0.596477778,54.124013889],[-0.174461111,54.24745]]]}},{"type":"Feature","properties":{"category":"R","category_source":"airspace_type","airspace_class":"","airspace_type":"R","local_type":"RPZ","designator":"EGR1U014C","name":"THRUXTON RWY 25","source":"NATS UK ICAO AIP Dataset","airac":"2026-08-06"},"geometry":{"type":"Polygon","coordinates":[[[-1.5288583,51.2342861],[-1.52325,51.2260167],[-1.545845667,51.219988111],[-1.5969806,51.2112083],[-1.551445333,51.22825975],[-1.5288583,51.2342861]]]}},{"type":"Feature","properties":{"category":"R","category_source":"airspace_type","airspace_class":"","airspace_type":"R","local_type":"RPZ","designator":"EGR3U009B","name":"MANCHESTER BARTON RWY 02","source":"NATS UK ICAO AIP Dataset","airac":"2026-08-06"},"geometry":{"type":"Polygon","coordinates":[[[-2.401275,53.4254111],[-2.4158306,53.4276778],[-2.410189444,53.440615667],[-2.3897167,53.4715722],[-2.395574,53.438475389],[-2.401275,53.4254111]]]}},{"type":"Feature","properties":{"category":"R","category_source":"airspace_type","airspace_class":"","airspace_type":"R","local_type":"RPZ","designator":"EGR1U022D","name":"WYCOMBE AIR PARK/BOOKER RWY 06G","source":"NATS UK ICAO AIP Dataset","airac":"2026-08-06"},"geometry":{"type":"Polygon","coordinates":[[[-0.8717528,51.5851333],[-0.8784278,51.5931028],[-0.858096861,51.599723972],[-0.8082306,51.6117306],[-0.851116333,51.591854],[-0.8717528,51.5851333]]]}},{"type":"Feature","properties":{"category":"ATZ","category_source":"local_type","airspace_class":"","airspace_type":"RAS","local_type":"ATZ","designator":"EGHG001","name":"YEOVIL/WESTLAND ATZ","source":"NATS UK ICAO AIP Dataset","airac":"2026-08-06"},"geometry":{"type":"Polygon","coordinates":[[[-2.676291333,50.971469361],[-2.629821528,50.967843],[-2.614746322490383,50.958366067742936],[-2.616904635393624,50.96027910424165],[-2.619271996148469,50.96209144715357],[-2.621836628533981,50.96379407525334],[-2.6245857688101504,50.96537851343853],[-2.6275057292077464,50.966836874915835],[-2.630581966129547,50.968161900458846],[-2.633799152722171,50.96934699454197],[-2.637141255453751,50.97038625817075],[-2.6405916143106003,50.97127451824502],[-2.6441330262059926,50.97200735330885],[-2.647747831176287,50.97258111555905],[-2.6514180009240826,50.97299294900267],[-2.655125229254919,50.9732408036732],[-2.6588510239434346,50.973323445834545],[-2.6625767995568186,50.973240464122185],[-2.6662839707580255,50.97299227159082],[-2.66995404560849,50.972580103658274],[-2.67356871839011,50.97200601195605],[-2.6771099614689464,50.97127285411699],[-2.680560115728518,50.970384279550956],[-2.683901979108599,50.96934471127931],[-2.687118892796075,50.96815932391862],[-2.690194824627561,50.96683401792319],[-2.6931144492790575,50.96537539021459],[-2.695863224835798,50.96379070134445],[-2.6984274653554774,50.962087839353906],[-2.700794409060164,50.960275280509606],[-2.7029522818161533,50.958362047111756],[-2.704890355586716,50.95635766258416],[-2.706599001569944,50.954272104069915],[-2.70806973776249,50.952115752768535],[-2.7092952707197906,50.94989934226191],[-2.7102695313141427,50.947633905086185],[-2.7109877043235775,50.94533071781555],[-2.7114462517166773,50.94300124493131],[-2.7116429295310827,50.940657081755596],[-2.7115767982762886,50.9383098967338],[-2.711248226824232,50.93597137335303],[-2.7106588897839408,50.933653151985695],[-2.709811758389007,50.93136677194772],[-2.708711084958664,50.929123614059726],[-2.707362381024683,50.92693484399721],[-2.705772389246953,50.924811356711594],[-2.703949049270402,50.9227637221989],[-2.7019014577046834,50.9208021328859],[-2.6996398224356746,50.918936352895685],[-2.697175411504268,50.917175669445164],[-2.6945204968129883,50.91552884661653],[-2.691688292944645,50.91400408173257],[-2.6886928913994037,50.912608964553236],[-2.6855491905772677,50.91135043949638],[-2.6822728218519627,50.91023477107085],[-2.6788800720995414,50.90926751269382],[-2.675387803060637,50.90845347904786],[-2.6718133679291545,50.90779672211504],[-2.6681745255722626,50.90730051100753],[-2.664489352796815,50.90696731569513],[-2.660776155085752,50.90679879471054],[-2.657053376234637,50.906795786893795],[-2.6533395073231714,50.906958307216776],[-2.64965299545941,50.907285546708714],[-2.6460121527353575,50.90777587648293],[-2.642435065831715,50.90842685584492],[-2.6389395067067896,50.90923524444128],[-2.6355428447998928,50.91019701838906],[-2.6322619611730755,50.911307390305346],[-2.6291131650066495,50.91256083313714],[-2.6261121128537717,50.913951107673206],[-2.6232737310473504,50.91547129360071],[-2.62061214163873,50.91711382395219],[-2.6181405922320744,50.91887052277134],[-2.6158713900610975,50.92073264581012],[-2.613815840635853,50.922690924054656],[-2.611984191266741,50.924735609863234],[-2.610385579750771,50.92685652548673],[-2.609027988481507,50.92904311372999],[-2.676291333,50.971469361]]]}},{"type":"Feature","properties":{"category":"R","category_source":"airspace_type","airspace_class":"","airspace_type":"R","local_type":"RPZ","designator":"EGR1U009B","name":"GLOUCESTERSHIRE RWY 03","source":"NATS UK ICAO AIP Dataset","airac":"2026-08-06"},"geometry":{"type":"Polygon","coordinates":[[[-2.2033861,51.8490639],[-2.2153278,51.8541694],[-2.200118,51.867827694],[-2.16722,51.89417],[-2.187493194,51.863331389],[-2.2033861,51.8490639]]]}},{"type":"Feature","properties":{"category":"R","category_source":"airspace_type","airspace_class":"","airspace_type":"R","local_type":"RPZ","designator":"EGR1U033F","name":"REDHILL RWY 18","source":"NATS UK ICAO AIP Dataset","airac":"2026-08-06"},"geometry":{"type":"Polygon","coordinates":[[[-0.1465556,51.2626111],[-0.1322333,51.2624528],[-0.132682833,51.246666833],[-0.1386694,51.2135861],[-0.147010639,51.246465222],[-0.1465556,51.2626111]]]}},{"type":"Feature","properties":{"category":"R","category_source":"airspace_type","airspace_class":"","airspace_type":"R","local_type":"FRZ","designator":"EGR1U098","name":"NSA SOUTHWICK PARK","source":"NATS UK ICAO AIP Dataset","airac":"2026-08-06"},"geometry":{"type":"Polygon","coordinates":[[[-1.104,50.8794083],[-1.0943417,50.8776306],[-1.0911417,50.8760472],[-1.0984833,50.8734694],[-1.1099,50.8732861],[-1.1120556,50.8739611],[-1.1093222,50.8767917],[-1.104,50.8794083]]]}},{"type":"Feature","properties":{"category":"R","category_source":"airspace_type","airspace_class":"","airspace_type":"R","local_type":"RPZ","designator":"EGR1U024F","name":"WHITE WALTHAM RWY 11","source":"NATS UK ICAO AIP Dataset","airac":"2026-08-06"},"geometry":{"type":"Polygon","coordinates":[[[-0.8499278,51.5107083],[-0.8450222,51.5191611],[-0.823491278,51.514309778],[-0.7748333,51.5006583],[-0.8275695,51.505671083],[-0.8499278,51.5107083]]]}},{"type":"Feature","properties":{"category":"D","category_source":"airspace_type","airspace_class":"","airspace_type":"D","local_type":"","designator":"EGD219D","name":"RPAS CORRIDOR","source":"NATS UK ICAO AIP Dataset","airac":"2026-08-06"},"geometry":{"type":"Polygon","coordinates":[[[3.481597889,54.192634389],[4.044359139,54.12934475],[4.032646472,54.094181806],[3.178271222,53.099247667],[2.220692528,52.810994333],[0.166746944,52.616146583],[-1.074376167,52.199641472],[-2.055751278,52.431932806],[-0.106554194,53.094221972],[2.035515194,53.299370083],[2.073897056,53.1393075],[2.765537611,53.348133583],[3.481597889,54.192634389]]]}},{"type":"Feature","properties":{"category":"TMZ","category_source":"local_type","airspace_class":"","airspace_type":"OTHER:TMZ","local_type":"TMZ","designator":"EGTMZ016","name":"ARGYLL CTA 2 TMZ","source":"NATS UK ICAO AIP Dataset","airac":"2026-08-06"},"geometry":{"type":"Polygon","coordinates":[[[-6.341894722,56.805370833],[-5.739778889,56.302060833],[-5.7800472,56.3123028],[-5.903003333,56.160726944],[-6.9358333,56.4169444],[-6.8130556,56.5688889],[-6.2521944,56.431075],[-6.594248611,56.713461667],[-6.341894722,56.805370833]]]}},{"type":"Feature","properties":{"category":"R","category_source":"airspace_type","airspace_class":"","airspace_type":"R","local_type":"RPZ","designator":"EGR1U015B","name":"BRIZE NORTON RWY 07","source":"NATS UK ICAO AIP Dataset","airac":"2026-08-06"},"geometry":{"type":"Polygon","coordinates":[[[-1.671453833,51.72900125],[-1.675564167,51.737619056],[-1.648903139,51.742540583],[-1.5829472,51.7499861],[-1.644784139,51.733924278],[-1.671453833,51.72900125]]]}},{"type":"Feature","properties":{"category":"R","category_source":"airspace_type","airspace_class":"","airspace_type":"R","local_type":"FRZ","designator":"EGR3U031","name":"HMP FULL SUTTON","source":"NATS UK ICAO AIP Dataset","airac":"2026-08-06"},"geometry":{"type":"Polygon","coordinates":[[[-0.8760472,53.9896139],[-0.8593111,53.9888222],[-0.8606056,53.9782],[-0.8775861,53.979075],[-0.8760472,53.9896139]]]}},{"type":"Feature","properties":{"category":"R","category_source":"airspace_type","airspace_class":"","airspace_type":"R","local_type":"FRZ","designator":"EGR2U057","name":"HMP SWINFEN HALL","source":"NATS UK ICAO AIP Dataset","airac":"2026-08-06"},"geometry":{"type":"Polygon","coordinates":[[[-1.8045694,52.6599611],[-1.7946389,52.6558528],[-1.794625,52.6522056],[-1.8028056,52.6468833],[-1.8095167,52.6490972],[-1.8159944,52.6529083],[-1.8045694,52.6599611]]]}},{"type":"Feature","properties":{"category":"TMZ","category_source":"local_type","airspace_class":"","airspace_type":"OTHER:TMZ","local_type":"TMZ","designator":"EGTMZ036","name":"EAST ANGLIA 3 TMZ","source":"NATS UK ICAO AIP Dataset","airac":"2026-08-06"},"geometry":{"type":"Polygon","coordinates":[[[2.7044667,52.7827861],[3.0556361,52.8064028],[2.7824222,52.4765056],[2.7042306,52.5075444],[2.7044667,52.7827861]]]}},{"type":"Feature","properties":{"category":"D","category_source":"airspace_type","airspace_class":"","airspace_type":"D","local_type":"","designator":"EGD202C","name":"WEST WALES","source":"NATS UK ICAO AIP Dataset","airac":"2026-08-06"},"geometry":{"type":"Polygon","coordinates":[[[-4.00111,52.2425],[-3.50056,52.17972],[-3.50417,52.1225],[-3.59222,52.08361],[-3.67194,52.03639],[-3.68139,52.00833],[-4.06194,52.05556],[-4.00111,52.2425]]]}},{"type":"Feature","properties":{"category":"D","category_source":"airspace_type","airspace_class":"","airspace_type":"D","local_type":"","designator":"EGD402A","name":"LUCE BAY (N)","source":"NATS UK ICAO AIP Dataset","airac":"2026-08-06"},"geometry":{"type":"Polygon","coordinates":[[[-5.08583,55.05889],[-4.96667,54.93333],[-4.96667,54.93333],[-4.79556,54.93333],[-4.79556,54.93333],[-4.64361,54.78056],[-4.8275,54.83556],[-4.82944,54.85],[-4.85944,54.87139],[-4.90111,54.86889],[-4.94806,54.83139],[-4.94083,54.76139],[-4.89417,54.70417],[-4.84222,54.66861],[-4.78139,54.65417],[-4.89778,54.6375],[-5.20278,54.97],[-5.1525,55.03833],[-5.08583,55.05889]]]}},{"type":"Feature","properties":{"category":"R","category_source":"airspace_type","airspace_class":"","airspace_type":"R","local_type":"RPZ","designator":"EGR7U001C","name":"BARRA RWY 25","source":"NATS UK ICAO AIP Dataset","airac":"2026-08-06"},"geometry":{"type":"Polygon","coordinates":[[[-7.3628167,57.049925],[-7.3561306,57.0417167],[-7.385982806,57.034513778],[-7.44306,57.02278],[-7.39384875,57.042436722],[-7.3628167,57.049925]]]}},{"type":"Feature","properties":{"category":"R","category_source":"airspace_type","airspace_class":"","airspace_type":"R","local_type":"RPZ","designator":"EGR3U016C","name":"SYERSTON RWY 20R","source":"NATS UK ICAO AIP Dataset","airac":"2026-08-06"},"geometry":{"type":"Polygon","coordinates":[[[-0.8865611,53.069625],[-0.8731667,53.0656694],[-0.884147111,53.052188722],[-0.91167,53.02333],[-0.897996167,53.055580611],[-0.8865611,53.069625]]]}},{"type":"Feature","properties":{"category":"R","category_source":"airspace_type","airspace_class":"","airspace_type":"R","local_type":"RPZ","designator":"EGR2U034C","name":"HONINGTON","source":"NATS UK ICAO AIP Dataset","airac":"2026-08-06"},"geometry":{"type":"Polygon","coordinates":[[[0.864239639,52.355914222],[0.866463472,52.347031167],[0.834337917,52.344036556],[0.78,52.3433333],[0.832055389,52.352914111],[0.864239639,52.355914222]]]}},{"type":"Feature","properties":{"category":"R","category_source":"airspace_type","airspace_class":"","airspace_type":"R","local_type":"RPZ","designator":"EGR5U004D","name":"PRESTWICK RWY 12","source":"NATS UK ICAO AIP Dataset","airac":"2026-08-06"},"geometry":{"type":"Polygon","coordinates":[[[-4.6832444,55.534725],[-4.675,55.5423972],[-4.652721972,55.534719667],[-4.5945806,55.5093917],[-4.660949083,55.527042444],[-4.6832444,55.534725]]]}},{"type":"Feature","properties":{"category":"R","category_source":"airspace_type","airspace_class":"","airspace_type":"R","local_type":"RPZ","designator":"EGR2U009C","name":"TATENHILL RWY 26","source":"NATS UK ICAO AIP Dataset","airac":"2026-08-06"},"geometry":{"type":"Polygon","coordinates":[[[-1.6871556,52.8324722],[-1.6829861,52.82385],[-1.710379,52.819010278],[-1.7647083,52.8140694],[-1.714535028,52.827634694],[-1.6871556,52.8324722]]]}},{"type":"Feature","properties":{"category":"R","category_source":"airspace_type","airspace_class":"","airspace_type":"R","local_type":"RPZ","designator":"EGR3U017B","name":"SANDTOFT RWY 04","source":"NATS UK ICAO AIP Dataset","airac":"2026-08-06"},"geometry":{"type":"Polygon","coordinates":[[[-0.91055,53.5216333],[-0.9213083,53.5279278],[-0.902519167,53.539347333],[-0.85833,53.55972],[-0.891758861,53.533052556],[-0.91055,53.5216333]]]}},{"type":"Feature","properties":{"category":"R","category_source":"airspace_type","airspace_class":"","airspace_type":"R","local_type":"RPZ","designator":"EGR3U011H","name":"SHERBURN-IN-ELMET RWY 10G","source":"NATS UK ICAO AIP Dataset","airac":"2026-08-06"},"geometry":{"type":"Polygon","coordinates":[[[-1.2986611,53.7915667],[-1.2951917,53.8003139],[-1.269727556,53.796789361],[-1.217675,53.7842389],[-1.273495389,53.788083528],[-1.2986611,53.7915667]]]}},{"type":"Feature","properties":{"category":"R","category_source":"airspace_type","airspace_class":"","airspace_type":"R","local_type":"RPZ","designator":"EGR2U012B","name":"WELLESBOURNE MOUNTFORD RWY 05","source":"NATS UK ICAO AIP Dataset","airac":"2026-08-06"},"geometry":{"type":"Polygon","coordinates":[[[-1.6644833,52.1525],[-1.6747361,52.1589056],[-1.655527222,52.170553278],[-1.6144,52.1922083],[-1.644577611,52.164569083],[-1.6644833,52.1525]]]}},{"type":"Feature","properties":{"category":"D","category_source":"airspace_type","airspace_class":"","airspace_type":"D","local_type":"","designator":"EGD323B","name":"SOUTHERN COMPLEX","source":"NATS UK ICAO AIP Dataset","airac":"2026-08-06"},"geometry":{"type":"Polygon","coordinates":[[[1.298075,55.028522222],[2.0026917,54.8496889],[-0.1744611,54.24745],[-0.525613889,54.517113889],[1.298075,55.028522222]]]}},{"type":"Feature","properties":{"category":"TMZ","category_source":"local_type","airspace_class":"","airspace_type":"OTHER:TMZ","local_type":"TMZ","designator":"EGTMZ033","name":"SEAGREEN TMZ (PHASE 1)","source":"NATS UK ICAO AIP Dataset","airac":"2026-08-06"},"geometry":{"type":"Polygon","coordinates":[[[-1.93934306,56.48008778],[-1.96176056,56.48241833],[-1.98036028,56.48886194],[-1.99315611,56.49812944],[-1.99885417,56.50733833],[-1.99981639,56.51673639],[-1.99758944,56.67782278],[-1.99462111,56.68787194],[-1.98776889,56.69575222],[-1.97402167,56.70393444],[-1.95613194,56.70916139],[-1.93699111,56.71085056],[-1.59515583,56.70981889],[-1.57447444,56.70627556],[-1.55747139,56.699525],[-1.53690667,56.69026222],[-1.52392,56.68122944],[-1.43190083,56.54312139],[-1.42827111,56.53210806],[-1.4330225,56.51876778],[-1.44831917,56.506925],[-1.46792389,56.50043111],[-1.49406194,56.49812611],[-1.93934306,56.48008778]]]}},{"type":"Feature","properties":{"category":"D","category_source":"airspace_type","airspace_class":"","airspace_type":"D","local_type":"","designator":"EGD509","name":"CAMPBELTOWN","source":"NATS UK ICAO AIP Dataset","airac":"2026-08-06"},"geometry":{"type":"Polygon","coordinates":[[[-5.65,55.20833],[-5.11,55.20833],[-5.11,55.20833],[-5.11667,55.11833],[-5.26167,54.99167],[-5.46667,54.93],[-5.71667,55.10833],[-5.65,55.20833]]]}},{"type":"Feature","properties":{"category":"D","category_source":"airspace_type","airspace_class":"","airspace_type":"D","local_type":"","designator":"EGD006B","name":"FALMOUTH BAY","source":"NATS UK ICAO AIP Dataset","airac":"2026-08-06"},"geometry":{"type":"Polygon","coordinates":[[[-5.084998722,49.985171167],[-4.9966667,50.0833333],[-4.9083333,50.1566667],[-4.9083333,50.0],[-4.942807417,49.946203694],[-5.084998722,49.985171167]]]}},{"type":"Feature","properties":{"category":"R","category_source":"airspace_type","airspace_class":"","airspace_type":"R","local_type":"RPZ","designator":"EGR3U016R","name":"SYERSTON RWY 15","source":"NATS UK ICAO AIP Dataset","airac":"2026-08-06"},"geometry":{"type":"Polygon","coordinates":[[[-0.9541083,53.0658667],[-0.9411,53.0702639],[-0.927125333,53.055285861],[-0.91167,53.02333],[-0.940799806,53.051607306],[-0.9541083,53.0658667]]]}},{"type":"Feature","properties":{"category":"R","category_source":"airspace_type","airspace_class":"","airspace_type":"R","local_type":"FRZ","designator":"EGR3U033","name":"HMP HINDLEY","source":"NATS UK ICAO AIP Dataset","airac":"2026-08-06"},"geometry":{"type":"Polygon","coordinates":[[[-2.5694444,53.5242806],[-2.5656389,53.5157472],[-2.5829361,53.5132917],[-2.5862361,53.5218611],[-2.5694444,53.5242806]]]}},{"type":"Feature","properties":{"category":"R","category_source":"airspace_type","airspace_class":"","airspace_type":"R","local_type":"FRZ","designator":"EGR1U121A","name":"YEOVIL/WESTLAND","source":"NATS UK ICAO AIP Dataset","airac":"2026-08-06"},"geometry":{"type":"Polygon","coordinates":[[[-2.676291333,50.971469361],[-2.629821528,50.967843],[-2.614746322490383,50.958366067742936],[-2.616904635393624,50.96027910424165],[-2.619271996148469,50.96209144715357],[-2.621836628533981,50.96379407525334],[-2.6245857688101504,50.96537851343853],[-2.6275057292077464,50.966836874915835],[-2.630581966129547,50.968161900458846],[-2.633799152722171,50.96934699454197],[-2.637141255453751,50.97038625817075],[-2.6405916143106003,50.97127451824502],[-2.6441330262059926,50.97200735330885],[-2.647747831176287,50.97258111555905],[-2.6514180009240826,50.97299294900267],[-2.655125229254919,50.9732408036732],[-2.6588510239434346,50.973323445834545],[-2.6625767995568186,50.973240464122185],[-2.6662839707580255,50.97299227159082],[-2.66995404560849,50.972580103658274],[-2.67356871839011,50.97200601195605],[-2.6771099614689464,50.97127285411699],[-2.680560115728518,50.970384279550956],[-2.683901979108599,50.96934471127931],[-2.687118892796075,50.96815932391862],[-2.690194824627561,50.96683401792319],[-2.6931144492790575,50.96537539021459],[-2.695863224835798,50.96379070134445],[-2.6984274653554774,50.962087839353906],[-2.700794409060164,50.960275280509606],[-2.7029522818161533,50.958362047111756],[-2.704890355586716,50.95635766258416],[-2.706599001569944,50.954272104069915],[-2.70806973776249,50.952115752768535],[-2.7092952707197906,50.94989934226191],[-2.7102695313141427,50.947633905086185],[-2.7109877043235775,50.94533071781555],[-2.7114462517166773,50.94300124493131],[-2.7116429295310827,50.940657081755596],[-2.7115767982762886,50.9383098967338],[-2.711248226824232,50.93597137335303],[-2.7106588897839408,50.933653151985695],[-2.709811758389007,50.93136677194772],[-2.708711084958664,50.929123614059726],[-2.707362381024683,50.92693484399721],[-2.705772389246953,50.924811356711594],[-2.703949049270402,50.9227637221989],[-2.7019014577046834,50.9208021328859],[-2.6996398224356746,50.918936352895685],[-2.697175411504268,50.917175669445164],[-2.6945204968129883,50.91552884661653],[-2.691688292944645,50.91400408173257],[-2.6886928913994037,50.912608964553236],[-2.6855491905772677,50.91135043949638],[-2.6822728218519627,50.91023477107085],[-2.6788800720995414,50.90926751269382],[-2.675387803060637,50.90845347904786],[-2.6718133679291545,50.90779672211504],[-2.6681745255722626,50.90730051100753],[-2.664489352796815,50.90696731569513],[-2.660776155085752,50.90679879471054],[-2.657053376234637,50.906795786893795],[-2.6533395073231714,50.906958307216776],[-2.64965299545941,50.907285546708714],[-2.6460121527353575,50.90777587648293],[-2.642435065831715,50.90842685584492],[-2.6389395067067896,50.90923524444128],[-2.6355428447998928,50.91019701838906],[-2.6322619611730755,50.911307390305346],[-2.6291131650066495,50.91256083313714],[-2.6261121128537717,50.913951107673206],[-2.6232737310473504,50.91547129360071],[-2.62061214163873,50.91711382395219],[-2.6181405922320744,50.91887052277134],[-2.6158713900610975,50.92073264581012],[-2.613815840635853,50.922690924054656],[-2.611984191266741,50.924735609863234],[-2.610385579750771,50.92685652548673],[-2.609027988481507,50.92904311372999],[-2.676291333,50.971469361]]]}},{"type":"Feature","properties":{"category":"R","category_source":"airspace_type","airspace_class":"","airspace_type":"R","local_type":"RPZ","designator":"EGR1U123C","name":"BOURNEMOUTH RWY 26","source":"NATS UK ICAO AIP Dataset","airac":"2026-08-06"},"geometry":{"type":"Polygon","coordinates":[[[-1.7601111,50.798375],[-1.7565111,50.7896806],[-1.777579028,50.786194639],[-1.8425139,50.7800639],[-1.781164611,50.794891278],[-1.7601111,50.798375]]]}},{"type":"Feature","properties":{"category":"R","category_source":"airspace_type","airspace_class":"","airspace_type":"R","local_type":"RPZ","designator":"EGR1U048D","name":"LITTLE RISSINGTON RWY 09","source":"NATS UK ICAO AIP Dataset","airac":"2026-08-06"},"geometry":{"type":"Polygon","coordinates":[[[-1.772554528,51.859113806],[-1.773799306,51.868068278],[-1.747826639,51.869467139],[-1.6941889,51.8670889],[-1.746893639,51.860495917],[-1.772554528,51.859113806]]]}},{"type":"Feature","properties":{"category":"R","category_source":"airspace_type","airspace_class":"","airspace_type":"R","local_type":"RPZ","designator":"EGR4U010D","name":"TOPCLIFFE RWY 13","source":"NATS UK ICAO AIP Dataset","airac":"2026-08-06"},"geometry":{"type":"Polygon","coordinates":[[[-1.4554805,54.231848694],[-1.446489611,54.239126861],[-1.422260889,54.22887125],[-1.3816278,54.2056278],[-1.431387444,54.221651472],[-1.4554805,54.231848694]]]}},{"type":"Feature","properties":{"category":"R","category_source":"airspace_type","airspace_class":"","airspace_type":"R","local_type":"RPZ","designator":"EGR3U016Q","name":"SYERSTON RWY 29L","source":"NATS UK ICAO AIP Dataset","airac":"2026-08-06"},"geometry":{"type":"Polygon","coordinates":[[[-0.8303139,53.0093083],[-0.8349806,53.000775],[-0.863992111,53.006565778],[-0.91167,53.02333],[-0.858277139,53.014890194],[-0.8303139,53.0093083]]]}},{"type":"Feature","properties":{"category":"R","category_source":"airspace_type","airspace_class":"","airspace_type":"R","local_type":"RPZ","designator":"EGR1U024C","name":"WHITE WALTHAM RWY 21","source":"NATS UK ICAO AIP Dataset","airac":"2026-08-06"},"geometry":{"type":"Polygon","coordinates":[[[-0.7432028,51.5463361],[-0.7302722,51.5423639],[-0.742364972,51.527076944],[-0.7748333,51.5006583],[-0.754902944,51.531540778],[-0.7432028,51.5463361]]]}},{"type":"Feature","properties":{"category":"R","category_source":"airspace_type","airspace_class":"","airspace_type":"R","local_type":"FRZ","designator":"EGR3U030","name":"HMP FOREST BANK","source":"NATS UK ICAO AIP Dataset","airac":"2026-08-06"},"geometry":{"type":"Polygon","coordinates":[[[-2.3030139,53.5202],[-2.2921806,53.5171639],[-2.2917778,53.5130083],[-2.3022722,53.5080278],[-2.3129333,53.5156833],[-2.3030139,53.5202]]]}},{"type":"Feature","properties":{"category":"D","category_source":"airspace_type","airspace_class":"","airspace_type":"D","local_type":"","designator":"EGD412","name":"STAXTON","source":"NATS UK ICAO AIP Dataset","airac":"2026-08-06"},"geometry":{"type":"Polygon","coordinates":[[[-0.38333,54.96667],[1.0,55.41667],[1.35,55.06667],[0.91528,54.7625],[0.91528,54.7625],[-0.15472,54.7625],[-0.15472,54.7625],[-0.38333,54.96667]]]}},{"type":"Feature","properties":{"category":"R","category_source":"airspace_type","airspace_class":"","airspace_type":"R","local_type":"RPZ","designator":"EGR2U002C","name":"WELSHPOOL RWY 22","source":"NATS UK ICAO AIP Dataset","airac":"2026-08-06"},"geometry":{"type":"Polygon","coordinates":[[[-3.1138,52.671],[-3.1016639,52.6658694],[-3.116240194,52.653143028],[-3.1532861,52.6286194],[-3.128363083,52.658282028],[-3.1138,52.671]]]}},{"type":"Feature","properties":{"category":"R","category_source":"airspace_type","airspace_class":"","airspace_type":"R","local_type":"RPZ","designator":"EGR7U006F","name":"ABERDEEN/DYCE RWY 16","source":"NATS UK ICAO AIP Dataset","airac":"2026-08-06"},"geometry":{"type":"Polygon","coordinates":[[[-2.2426722,57.2505722],[-2.2272917,57.2539111],[-2.218859861,57.2425145],[-2.19806,57.2025],[-2.234220778,57.239155528],[-2.2426722,57.2505722]]]}},{"type":"Feature","properties":{"category":"R","category_source":"airspace_type","airspace_class":"","airspace_type":"R","local_type":"FRZ","designator":"EGR3U055","name":"NSA RAF DIGBY","source":"NATS UK ICAO AIP Dataset","airac":"2026-08-06"},"geometry":{"type":"Polygon","coordinates":[[[-0.4537917,53.1065667],[-0.4371306,53.1051639],[-0.4319028,53.103925],[-0.4293556,53.0978417],[-0.4326111,53.0937944],[-0.4560917,53.0948722],[-0.4557389,53.1005333],[-0.4537917,53.1065667]]]}},{"type":"Feature","properties":{"category":"R","category_source":"airspace_type","airspace_class":"","airspace_type":"R","local_type":"RPZ","designator":"EGR1U014B","name":"THRUXTON RWY 07","source":"NATS UK ICAO AIP Dataset","airac":"2026-08-06"},"geometry":{"type":"Polygon","coordinates":[[[-1.6649139,51.1881222],[-1.6705194,51.1963917],[-1.648095722,51.202405611],[-1.5969806,51.2112083],[-1.642481417,51.194138389],[-1.6649139,51.1881222]]]}},{"type":"Feature","properties":{"category":"R","category_source":"airspace_type","airspace_class":"","airspace_type":"R","local_type":"RPZ","designator":"EGR3U016N","name":"SYERSTON RWY 11L","source":"NATS UK ICAO AIP Dataset","airac":"2026-08-06"},"geometry":{"type":"Polygon","coordinates":[[[-0.9937389,53.0334778],[-0.9890667,53.0420111],[-0.962234111,53.036691222],[-0.91167,53.02333],[-0.966315083,53.028040778],[-0.9937389,53.0334778]]]}},{"type":"Feature","properties":{"category":"D","category_source":"airspace_type","airspace_class":"","airspace_type":"D","local_type":"","designator":"EGD403B","name":"LUCE BAY","source":"NATS UK ICAO AIP Dataset","airac":"2026-08-06"},"geometry":{"type":"Polygon","coordinates":[[[-4.90111,54.86889],[-4.85944,54.87139],[-4.82944,54.85],[-4.8275,54.83556],[-4.64361,54.78056],[-4.58333,54.71778],[-4.59528,54.68056],[-4.78139,54.65417],[-4.84222,54.66861],[-4.89417,54.70417],[-4.94083,54.76139],[-4.94806,54.83139],[-4.90111,54.86889]]]}},{"type":"Feature","properties":{"category":"R","category_source":"airspace_type","airspace_class":"","airspace_type":"R","local_type":"RPZ","designator":"EGR1U102E","name":"SCILLY ISLES/ST MARY'S RWY 32","source":"NATS UK ICAO AIP Dataset","airac":"2026-08-06"},"geometry":{"type":"Polygon","coordinates":[[[-6.2384778,49.8800278],[-6.2490389,49.874175],[-6.263797944,49.885307778],[-6.2917583,49.9132861],[-6.253229806,49.891157194],[-6.2384778,49.8800278]]]}},{"type":"Feature","properties":{"category":"R","category_source":"airspace_type","airspace_class":"","airspace_type":"R","local_type":"FRZ","designator":"EGR1U071","name":"HMP SWALESIDE/ELMLEY","source":"NATS UK ICAO AIP Dataset","airac":"2026-08-06"},"geometry":{"type":"Polygon","coordinates":[[[0.8475639,51.3994278],[0.8634528,51.3958083],[0.8572611,51.3849972],[0.8501389,51.3830972],[0.8404139,51.3857028],[0.8475639,51.3994278]]]}},{"type":"Feature","properties":{"category":"R","category_source":"airspace_type","airspace_class":"","airspace_type":"R","local_type":"FRZ","designator":"EGR1U055","name":"HMP BULLINGDON","source":"NATS UK ICAO AIP Dataset","airac":"2026-08-06"},"geometry":{"type":"Polygon","coordinates":[[[-1.1007306,51.8536889],[-1.0891917,51.8538083],[-1.0848167,51.8508306],[-1.0851861,51.8468194],[-1.0904389,51.8436167],[-1.0980778,51.84375],[-1.1028972,51.8471806],[-1.1007306,51.8536889]]]}},{"type":"Feature","properties":{"category":"R","category_source":"airspace_type","airspace_class":"","airspace_type":"R","local_type":"FRZ","designator":"EGR3U050","name":"HMP WERRINGTON","source":"NATS UK ICAO AIP Dataset","airac":"2026-08-06"},"geometry":{"type":"Polygon","coordinates":[[[-2.0938417,53.0264583],[-2.0854083,53.0276389],[-2.0805333,53.0252556],[-2.0768917,53.0187611],[-2.0916583,53.0165722],[-2.094375,53.0216056],[-2.0938417,53.0264583]]]}},{"type":"Feature","properties":{"category":"D","category_source":"airspace_type","airspace_class":"","airspace_type":"D","local_type":"","designator":"EGD701N","name":"HEBRIDES","source":"NATS UK ICAO AIP Dataset","airac":"2026-08-06"},"geometry":{"type":"Polygon","coordinates":[[[-11.7529139,56.53005],[-10.0,56.0917611],[-10.0,55.7545083],[-11.0,55.8977806],[-11.7529139,56.53005]]]}},{"type":"Feature","properties":{"category":"R","category_source":"airspace_type","airspace_class":"","airspace_type":"R","local_type":"RPZ","designator":"EGR1U116J","name":"PREDANNACK RWY 36","source":"NATS UK ICAO AIP Dataset","airac":"2026-08-06"},"geometry":{"type":"Polygon","coordinates":[[[-5.222478111,49.951866139],[-5.23641025,49.951723111],[-5.236835889,49.968893222],[-5.2317694,50.0020333],[-5.222903472,49.969226944],[-5.222478111,49.951866139]]]}},{"type":"Feature","properties":{"category":"R","category_source":"airspace_type","airspace_class":"","airspace_type":"R","local_type":"RPZ","designator":"EGR1U129C","name":"LYDD RWY 21","source":"NATS UK ICAO AIP Dataset","airac":"2026-08-06"},"geometry":{"type":"Polygon","coordinates":[[[0.9771694,51.0018333],[0.9891556,50.996975],[0.97338475,50.9814985],[0.93915,50.956175],[0.961405361,50.986359528],[0.9771694,51.0018333]]]}},{"type":"Feature","properties":{"category":"R","category_source":"airspace_type","airspace_class":"","airspace_type":"R","local_type":"RPZ","designator":"EGR1U048E","name":"LITTLE RISSINGTON RWY 27","source":"NATS UK ICAO AIP Dataset","airac":"2026-08-06"},"geometry":{"type":"Polygon","coordinates":[[[-1.613618139,51.876602806],[-1.612373111,51.867648361],[-1.64043625,51.866169139],[-1.6941889,51.8670889],[-1.641993611,51.875107083],[-1.613618139,51.876602806]]]}},{"type":"Feature","properties":{"category":"R","category_source":"airspace_type","airspace_class":"","airspace_type":"R","local_type":"RPZ","designator":"EGR1U038D","name":"ANDREWSFIELD RWY 09R","source":"NATS UK ICAO AIP Dataset","airac":"2026-08-06"},"geometry":{"type":"Polygon","coordinates":[[[0.3729722,51.8861333],[0.3717417,51.8950889],[0.395402917,51.896347417],[0.44917,51.895],[0.396785056,51.887399917],[0.3729722,51.8861333]]]}},{"type":"Feature","properties":{"category":"R","category_source":"airspace_type","airspace_class":"","airspace_type":"R","local_type":"FRZ","designator":"EGR1U086","name":"NSA MOD CORSHAM","source":"NATS UK ICAO AIP Dataset","airac":"2026-08-06"},"geometry":{"type":"Polygon","coordinates":[[[-2.2214972,51.4225639],[-2.20895,51.4302333],[-2.2065833,51.4283361],[-2.2068167,51.4229861],[-2.2111333,51.4198667],[-2.213825,51.4189306],[-2.2214972,51.4225639]]]}},{"type":"Feature","properties":{"category":"R","category_source":"airspace_type","airspace_class":"","airspace_type":"R","local_type":"RPZ","designator":"EGR1U034C","name":"BIGGIN HILL RWY 21","source":"NATS UK ICAO AIP Dataset","airac":"2026-08-06"},"geometry":{"type":"Polygon","coordinates":[[[0.0627278,51.3806944],[0.0756722,51.3767972],[0.067514972,51.366204222],[0.0325,51.33083],[0.054564361,51.370088917],[0.0627278,51.3806944]]]}},{"type":"Feature","properties":{"category":"R","category_source":"airspace_type","airspace_class":"","airspace_type":"R","local_type":"RPZ","designator":"EGR2U016D","name":"LEICESTER RWY 06","source":"NATS UK ICAO AIP Dataset","airac":"2026-08-06"},"geometry":{"type":"Polygon","coordinates":[[[-1.0803583,52.5713139],[-1.090325,52.5779389],[-1.074424417,52.58682925],[-1.03194,52.60778],[-1.063640583,52.580659833],[-1.0803583,52.5713139]]]}},{"type":"Feature","properties":{"category":"D","category_source":"airspace_type","airspace_class":"","airspace_type":"D","local_type":"","designator":"EGD003","name":"PLYMOUTH","source":"NATS UK ICAO AIP Dataset","airac":"2026-08-06"},"geometry":{"type":"Polygon","coordinates":[[[-3.79444,50.16694],[-3.575,50.06083],[-3.82,49.68472],[-4.16056,49.62194],[-3.79444,50.16694]]]}},{"type":"Feature","properties":{"category":"R","category_source":"airspace_type","airspace_class":"","airspace_type":"R","local_type":"RPZ","designator":"EGR2U011G","name":"DERBY RWY 35","source":"NATS UK ICAO AIP Dataset","airac":"2026-08-06"},"geometry":{"type":"Polygon","coordinates":[[[-1.598361472,52.813658361],[-1.613021417,52.812298083],[-1.616595917,52.826442306],[-1.6175,52.85972],[-1.601930694,52.827800639],[-1.598361472,52.813658361]]]}},{"type":"Feature","properties":{"category":"D","category_source":"airspace_type","airspace_class":"","airspace_type":"D","local_type":"","designator":"EGD218D","name":"FAIRFORD","source":"NATS UK ICAO AIP Dataset","airac":"2026-08-06"},"geometry":{"type":"Polygon","coordinates":[[[-2.570515361,52.549571167],[-2.252699917,52.259276056],[-2.644907417,52.021429333],[-2.872408583,52.228400694],[-2.854989722,52.435222833],[-2.570515361,52.549571167]]]}},{"type":"Feature","properties":{"category":"R","category_source":"airspace_type","airspace_class":"","airspace_type":"R","local_type":"RPZ","designator":"EGR1U036D","name":"STAPLEFORD RWY 03R","source":"NATS UK ICAO AIP Dataset","airac":"2026-08-06"},"geometry":{"type":"Polygon","coordinates":[[[0.1154222,51.6093167],[0.1036667,51.6145361],[0.119356583,51.628251861],[0.1560083,51.6525056],[0.131119028,51.623036],[0.1154222,51.6093167]]]}},{"type":"Feature","properties":{"category":"R","category_source":"airspace_type","airspace_class":"","airspace_type":"R","local_type":"FRZ","designator":"EGR1U070","name":"HMP SEND","source":"NATS UK ICAO AIP Dataset","airac":"2026-08-06"},"geometry":{"type":"Polygon","coordinates":[[[-0.4953472,51.2797444],[-0.4863444,51.2802667],[-0.4824361,51.2694278],[-0.4950306,51.2680139],[-0.4980667,51.2721389],[-0.4993222,51.2761944],[-0.4953472,51.2797444]]]}},{"type":"Feature","properties":{"category":"D","category_source":"airspace_type","airspace_class":"","airspace_type":"D","local_type":"","designator":"EGD324B","name":"WADDINGTON MEDIUM","source":"NATS UK ICAO AIP Dataset","airac":"2026-08-06"},"geometry":{"type":"Polygon","coordinates":[[[-0.7233333,53.2286111],[-0.247825,53.1383611],[-0.3564722,52.9321694],[-0.8306333,53.0220944],[-0.7233333,53.2286111]]]}},{"type":"Feature","properties":{"category":"R","category_source":"airspace_type","airspace_class":"","airspace_type":"R","local_type":"RPZ","designator":"EGR5U007C","name":"EDINBURGH RWY 24","source":"NATS UK ICAO AIP Dataset","airac":"2026-08-06"},"geometry":{"type":"Polygon","coordinates":[[[-3.2935389,55.9819417],[-3.2852556,55.9742528],[-3.305252083,55.967496],[-3.3725,55.95],[-3.313515528,55.975190917],[-3.2935389,55.9819417]]]}},{"type":"Feature","properties":{"category":"R","category_source":"airspace_type","airspace_class":"","airspace_type":"R","local_type":"RPZ","designator":"EGR1U128B","name":"SHOREHAM RWY 02","source":"NATS UK ICAO AIP Dataset","airac":"2026-08-06"},"geometry":{"type":"Polygon","coordinates":[[[-0.3185778,50.7893028],[-0.3317639,50.7926139],[-0.323057861,50.806559139],[-0.29722,50.83556],[-0.309873806,50.803238556],[-0.3185778,50.7893028]]]}},{"type":"Feature","properties":{"category":"R","category_source":"airspace_type","airspace_class":"","airspace_type":"R","local_type":"RPZ","designator":"EGR6U007C","name":"LEUCHARS RWY 22","source":"NATS UK ICAO AIP Dataset","airac":"2026-08-06"},"geometry":{"type":"Polygon","coordinates":[[[-2.818168833,56.419097444],[-2.805187083,56.413723833],[-2.813098583,56.407860861],[-2.8587806,56.3748917],[-2.826999194,56.412551667],[-2.818168833,56.419097444]]]}},{"type":"Feature","properties":{"category":"R","category_source":"airspace_type","airspace_class":"","airspace_type":"R","local_type":"FRZ","designator":"EGR1U066","name":"HMP MAIDSTONE","source":"NATS UK ICAO AIP Dataset","airac":"2026-08-06"},"geometry":{"type":"Polygon","coordinates":[[[0.5243528,51.2857556],[0.5339417,51.2783528],[0.5232944,51.2726806],[0.5127556,51.2800194],[0.5243528,51.2857556]]]}},{"type":"Feature","properties":{"category":"R","category_source":"airspace_type","airspace_class":"","airspace_type":"R","local_type":"RPZ","designator":"EGR1U031B","name":"ELSTREE RWY 08","source":"NATS UK ICAO AIP Dataset","airac":"2026-08-06"},"geometry":{"type":"Polygon","coordinates":[[[-0.40025,51.6427944],[-0.4028417,51.6516361],[-0.379317556,51.654317667],[-0.32585,51.655825],[-0.376716278,51.645477083],[-0.40025,51.6427944]]]}},{"type":"Feature","properties":{"category":"R","category_source":"airspace_type","airspace_class":"","airspace_type":"R","local_type":"FRZ","designator":"EGR1U053","name":"HMP BRIXTON","source":"NATS UK ICAO AIP Dataset","airac":"2026-08-06"},"geometry":{"type":"Polygon","coordinates":[[[-0.1273222,51.4562194],[-0.1195583,51.4551111],[-0.1174056,51.4525472],[-0.1186333,51.4488194],[-0.1223611,51.4472389],[-0.132025,51.4481639],[-0.132775,51.4538528],[-0.1273222,51.4562194]]]}},{"type":"Feature","properties":{"category":"R","category_source":"airspace_type","airspace_class":"","airspace_type":"R","local_type":"RPZ","designator":"EGR2U019C","name":"BARKSTON HEATH RWY 24","source":"NATS UK ICAO AIP Dataset","airac":"2026-08-06"},"geometry":{"type":"Polygon","coordinates":[[[-0.490125028,52.995368028],[-0.482106111,52.987796167],[-0.510279806,52.976951389],[-0.5603222,52.9629833],[-0.51829125,52.984525389],[-0.490125028,52.995368028]]]}},{"type":"Feature","properties":{"category":"R","category_source":"airspace_type","airspace_class":"","airspace_type":"R","local_type":"FRZ","designator":"EGR6U008","name":"NSA HMNB CLYDE","source":"NATS UK ICAO AIP Dataset","airac":"2026-08-06"},"geometry":{"type":"Polygon","coordinates":[[[-4.7878528,56.16545],[-4.7396056,56.1527611],[-4.7769944,56.049125],[-4.7957667,56.0364],[-4.8589444,56.0370333],[-4.8817917,56.0525361],[-4.8750528,56.0673028],[-4.7878528,56.16545]]]}},{"type":"Feature","properties":{"category":"R","category_source":"airspace_type","airspace_class":"","airspace_type":"R","local_type":"RPZ","designator":"EGR1U033E","name":"REDHILL RWY 25L","source":"NATS UK ICAO AIP Dataset","airac":"2026-08-06"},"geometry":{"type":"Polygon","coordinates":[[[-0.0653694,51.2308889],[-0.0615722,51.2222222],[-0.086124556,51.217994083],[-0.1386694,51.2135861],[-0.089913083,51.22666225],[-0.0653694,51.2308889]]]}},{"type":"Feature","properties":{"category":"R","category_source":"airspace_type","airspace_class":"","airspace_type":"R","local_type":"FRZ","designator":"EGR1U076","name":"HMP WINCHESTER","source":"NATS UK ICAO AIP Dataset","airac":"2026-08-06"},"geometry":{"type":"Polygon","coordinates":[[[-1.3355917,51.0667639],[-1.3242,51.0690611],[-1.3214417,51.0652861],[-1.3203583,51.0595306],[-1.3336278,51.0584444],[-1.3355917,51.0667639]]]}},{"type":"Feature","properties":{"category":"TMZ","category_source":"local_type","airspace_class":"","airspace_type":"OTHER:TMZ","local_type":"TMZ","designator":"EGTMZ007","name":"ARGYLL CTA 3 TMZ","source":"NATS UK ICAO AIP Dataset","airac":"2026-08-06"},"geometry":{"type":"Polygon","coordinates":[[[-5.6152778,55.5108333],[-5.0,55.4286111],[-5.0,55.2576083],[-5.6839806,55.3490722],[-5.6152778,55.5108333]]]}},{"type":"Feature","properties":{"category":"R","category_source":"airspace_type","airspace_class":"","airspace_type":"R","local_type":"RPZ","designator":"EGR7U001F","name":"BARRA RWY 15","source":"NATS UK ICAO AIP Dataset","airac":"2026-08-06"},"geometry":{"type":"Polygon","coordinates":[[[-7.5068583,57.0565278],[-7.4943306,57.0623611],[-7.476084,57.050743417],[-7.44306,57.02278],[-7.488601111,57.044905833],[-7.5068583,57.0565278]]]}}]}