{"type":"FeatureCollection","features":[{"type":"Feature","properties":{"VRP name":"A1(M) JUNCTION 4","Latitude":"514645N","Longitude":"0001328W","Associated Aerodrome":"LONDON LUTON","ICAO Code":"EGGW","Valid From":"02/10/2025","name":"A1(M) JUNCTION 4","ident":"A1(M) JUNCTION 4"},"geometry":{"type":"Point","coordinates":[-0.22444444444444445,51.77916666666667]}},{"type":"Feature","properties":{"VRP name":"A1(M) JUNCTION 57 (A66(M))","Latitude":"543000N","Longitude":"0013736W","Associated Aerodrome":"TEESSIDE INTERNATIONAL","ICAO Code":"EGNV","Valid From":"02/10/2025","name":"A1(M) JUNCTION 57 (A66(M))","ident":"A1(M) JUNCTION 57 (A66(M))"},"geometry":{"type":"Point","coordinates":[-1.6266666666666667,54.5]}},{"type":"Feature","properties":{"VRP name":"A1/A57 CLUMBER INTERCHANGE","Latitude":"531747N","Longitude":"0010156W","Associated Aerodrome":"RETFORD/GAMSTON","ICAO Code":"EGNE","Valid From":"02/10/2025","name":"A1/A57 CLUMBER INTERCHANGE","ident":"A1/A57 CLUMBER INTERCHANGE"},"geometry":{"type":"Point","coordinates":[-1.0322222222222222,53.296388888888885]}},{"type":"Feature","properties":{"VRP name":"A140 AYLSHAM ROUNDABOUT","Latitude":"524704N","Longitude":"0011519E","Associated Aerodrome":"NORWICH","ICAO Code":"EGSH","Valid From":"02/10/2025","name":"A140 AYLSHAM ROUNDABOUT","ident":"A140 AYLSHAM ROUNDABOUT"},"geometry":{"type":"Point","coordinates":[1.2552777777777777,52.78444444444444]}},{"type":"Feature","properties":{"VRP name":"A25 (GODSTONE JUNCTION)","Latitude":"511450N","Longitude":"0000401W","Associated Aerodrome":"REDHILL","ICAO Code":"EGKR","Valid From":"02/10/2025","name":"A25 (GODSTONE JUNCTION)","ident":"A25 (GODSTONE JUNCTION)"},"geometry":{"type":"Point","coordinates":[-0.06694444444444445,51.24722222222222]}},{"type":"Feature","properties":{"VRP name":"A31 TONGHAM ROUNDABOUT","Latitude":"511342N","Longitude":"0004432W","Associated Aerodrome":"FARNBOROUGH","ICAO Code":"EGLF","Valid From":"02/10/2025","name":"A31 TONGHAM ROUNDABOUT","ident":"A31 TONGHAM ROUNDABOUT"},"geometry":{"type":"Point","coordinates":[-0.7422222222222221,51.22833333333333]}},{"type":"Feature","properties":{"VRP name":"A40 NORTHLEACH ROUNDABOUT","Latitude":"515016.7091N","Longitude":"0015009.4361W","Associated Aerodrome":"BRIZE NORTON (ENR 2.1)","ICAO Code":"EGVN","Valid From":"04/09/2025","name":"A40 NORTHLEACH ROUNDABOUT","ident":"A40 NORTHLEACH ROUNDABOUT"},"geometry":{"type":"Point","coordinates":[-1.8359544722222223,51.83797475]}},{"type":"Feature","properties":{"VRP name":"A494/A541 MOLD TOWN ROUNDABOUT","Latitude":"530954N","Longitude":"0030731W","Associated Aerodrome":"HAWARDEN","ICAO Code":"EGNR","Valid From":"02/10/2025","name":"A494/A541 MOLD TOWN ROUNDABOUT","ident":"A494/A541 MOLD TOWN ROUNDABOUT"},"geometry":{"type":"Point","coordinates":[-3.125277777777778,53.165]}},{"type":"Feature","properties":{"VRP name":"ACHMORE VILLAGE","Latitude":"581002.00N","Longitude":"0063343.00W","Associated Aerodrome":"STORNOWAY","ICAO Code":"EGPO","Valid From":"02/10/2025","name":"ACHMORE VILLAGE","ident":"ACHMORE VILLAGE"},"geometry":{"type":"Point","coordinates":[-6.561944444444444,58.16722222222222]}},{"type":"Feature","properties":{"VRP name":"AINTREE RACECOURSE","Latitude":"532836.00N","Longitude":"0025635.00W","Associated Aerodrome":"LIVERPOOL","ICAO Code":"EGGP","Valid From":"02/10/2025","name":"AINTREE RACECOURSE","ident":"AINTREE RACECOURSE"},"geometry":{"type":"Point","coordinates":[-2.943055555555556,53.47666666666667]}},{"type":"Feature","properties":{"VRP name":"ALDERLEY EDGE HILL","Latitude":"531743.00N","Longitude":"0021244.00W","Associated Aerodrome":"MANCHESTER","ICAO Code":"EGCC","Valid From":"02/10/2025","name":"ALDERLEY EDGE HILL","ident":"ALDERLEY EDGE HILL"},"geometry":{"type":"Point","coordinates":[-2.2122222222222225,53.29527777777778]}},{"type":"Feature","properties":{"VRP name":"ALDERNEY LIGHTHOUSE","Latitude":"494344.83N","Longitude":"0020951.24W","Associated Aerodrome":"GUERNSEY, JERSEY","ICAO Code":"EGJB, EGJJ","Valid From":"02/10/2025","name":"ALDERNEY LIGHTHOUSE","ident":"ALDERNEY LIGHTHOUSE"},"geometry":{"type":"Point","coordinates":[-2.1642333333333332,49.72911944444444]}},{"type":"Feature","properties":{"VRP name":"ALEXANDRIA","Latitude":"555920.00N","Longitude":"0043435.00W","Associated Aerodrome":"GLASGOW","ICAO Code":"EGPF","Valid From":"02/10/2025","name":"ALEXANDRIA","ident":"ALEXANDRIA"},"geometry":{"type":"Point","coordinates":[-4.576388888888888,55.98888888888889]}},{"type":"Feature","properties":{"VRP name":"ALLY PALLY","Latitude":"513539.79N","Longitude":"0000746.90W","Associated Aerodrome":"LONDON CITY, LONDON HEATHROW","ICAO Code":"EGLC, EGLL","Valid From":"02/10/2025","name":"ALLY PALLY","ident":"ALLY PALLY"},"geometry":{"type":"Point","coordinates":[-0.12969444444444445,51.59438611111111]}},{"type":"Feature","properties":{"VRP name":"ALTON","Latitude":"510907N","Longitude":"0005758W","Associated Aerodrome":"FARNBOROUGH","ICAO Code":"EGLF","Valid From":"02/10/2025","name":"ALTON","ident":"ALTON"},"geometry":{"type":"Point","coordinates":[-0.966111111111111,51.151944444444446]}},{"type":"Feature","properties":{"VRP name":"ARDMORE POINT","Latitude":"555817.00N","Longitude":"0044157.00W","Associated Aerodrome":"GLASGOW","ICAO Code":"EGPF","Valid From":"02/10/2025","name":"ARDMORE POINT","ident":"ARDMORE POINT"},"geometry":{"type":"Point","coordinates":[-4.699166666666667,55.97138888888889]}},{"type":"Feature","properties":{"VRP name":"ARNISH FABRICATION YARD","Latitude":"581119.00N","Longitude":"0062241.00W","Associated Aerodrome":"STORNOWAY","ICAO Code":"EGPO","Valid From":"02/10/2025","name":"ARNISH FABRICATION YARD","ident":"ARNISH FABRICATION YARD"},"geometry":{"type":"Point","coordinates":[-6.378055555555555,58.18861111111111]}},{"type":"Feature","properties":{"VRP name":"ARSENAL","Latitude":"513317.94N","Longitude":"0000630.56W","Associated Aerodrome":"LONDON CITY","ICAO Code":"EGLC","Valid From":"02/10/2025","name":"ARSENAL","ident":"ARSENAL"},"geometry":{"type":"Point","coordinates":[-0.1084888888888889,51.55498333333333]}},{"type":"Feature","properties":{"VRP name":"ARTHINGTON VIADUCT (ATH)","Latitude":"535420N","Longitude":"0013604W","Associated Aerodrome":"LEEDS BRADFORD","ICAO Code":"EGNM","Valid From":"02/10/2025","name":"ARTHINGTON VIADUCT (ATH)","ident":"ARTHINGTON VIADUCT (ATH)"},"geometry":{"type":"Point","coordinates":[-1.6011111111111112,53.90555555555555]}},{"type":"Feature","properties":{"VRP name":"ARTHUR'S SEAT","Latitude":"555638.00N","Longitude":"0030942.00W","Associated Aerodrome":"EDINBURGH","ICAO Code":"EGPH","Valid From":"02/10/2025","name":"ARTHUR'S SEAT","ident":"ARTHUR'S SEAT"},"geometry":{"type":"Point","coordinates":[-3.1616666666666666,55.943888888888885]}},{"type":"Feature","properties":{"VRP name":"ASCOT","Latitude":"512514.57N","Longitude":"0003933.07W","Associated Aerodrome":"LONDON HEATHROW","ICAO Code":"EGLL","Valid From":"02/10/2025","name":"ASCOT","ident":"ASCOT"},"geometry":{"type":"Point","coordinates":[-0.6591861111111111,51.42071388888888]}},{"type":"Feature","properties":{"VRP name":"ATTLEBRIDGE (DISUSED AD)","Latitude":"524136N","Longitude":"0010631E","Associated Aerodrome":"NORWICH","ICAO Code":"EGSH","Valid From":"02/10/2025","name":"ATTLEBRIDGE (DISUSED AD)","ident":"ATTLEBRIDGE (DISUSED AD)"},"geometry":{"type":"Point","coordinates":[1.1086111111111112,52.69333333333333]}},{"type":"Feature","properties":{"VRP name":"AUDLEY END RAILWAY STATION","Latitude":"520015N","Longitude":"0001225E","Associated Aerodrome":"LONDON STANSTED","ICAO Code":"EGSS","Valid From":"02/10/2025","name":"AUDLEY END RAILWAY STATION","ident":"AUDLEY END RAILWAY STATION"},"geometry":{"type":"Point","coordinates":[0.20694444444444446,52.00416666666667]}},{"type":"Feature","properties":{"VRP name":"AXMINSTER","Latitude":"504654N","Longitude":"0025954W","Associated Aerodrome":"EXETER","ICAO Code":"EGTE","Valid From":"02/10/2025","name":"AXMINSTER","ident":"AXMINSTER"},"geometry":{"type":"Point","coordinates":[-2.9983333333333335,50.781666666666666]}},{"type":"Feature","properties":{"VRP name":"BAGSHOT","Latitude":"512057N","Longitude":"0004157W","Associated Aerodrome":"FARNBOROUGH, LONDON HEATHROW","ICAO Code":"EGLF, EGLL","Valid From":"02/10/2025","name":"BAGSHOT","ident":"BAGSHOT"},"geometry":{"type":"Point","coordinates":[-0.6991666666666667,51.34916666666667]}},{"type":"Feature","properties":{"VRP name":"BAILLIESTON","Latitude":"555110.00N","Longitude":"0040522.00W","Associated Aerodrome":"GLASGOW","ICAO Code":"EGPF","Valid From":"02/10/2025","name":"BAILLIESTON","ident":"BAILLIESTON"},"geometry":{"type":"Point","coordinates":[-4.089444444444444,55.85277777777778]}},{"type":"Feature","properties":{"VRP name":"BALEPHETRISH BAY","Latitude":"563114N","Longitude":"0065200W","Associated Aerodrome":"TIREE","ICAO Code":"EGPU","Valid From":"02/10/2025","name":"BALEPHETRISH BAY","ident":"BALEPHETRISH BAY"},"geometry":{"type":"Point","coordinates":[-6.866666666666667,56.52055555555555]}},{"type":"Feature","properties":{"VRP name":"BALLYMENA","Latitude":"545148.00N","Longitude":"0061624.00W","Associated Aerodrome":"BELFAST ALDERGROVE","ICAO Code":"EGAA","Valid From":"02/10/2025","name":"BALLYMENA","ident":"BALLYMENA"},"geometry":{"type":"Point","coordinates":[-6.273333333333333,54.86333333333334]}},{"type":"Feature","properties":{"VRP name":"BAMPTON","Latitude":"514339.9900N","Longitude":"0013255.4900W","Associated Aerodrome":"BRIZE NORTON (ENR 2.1)","ICAO Code":"EGVN","Valid From":"04/09/2025","name":"BAMPTON","ident":"BAMPTON"},"geometry":{"type":"Point","coordinates":[-1.548747222222222,51.727775]}},{"type":"Feature","properties":{"VRP name":"BANBURY RESERVOIR","Latitude":"513616N","Longitude":"0000206W","Associated Aerodrome":"LONDON CITY","ICAO Code":"EGLC","Valid From":"02/10/2025","name":"BANBURY RESERVOIR","ident":"BANBURY RESERVOIR"},"geometry":{"type":"Point","coordinates":[-0.034999999999999996,51.60444444444445]}},{"type":"Feature","properties":{"VRP name":"BANCHORY","Latitude":"570300.00N","Longitude":"0023006.00W","Associated Aerodrome":"ABERDEEN/DYCE","ICAO Code":"EGPD","Valid From":"02/10/2025","name":"BANCHORY","ident":"BANCHORY"},"geometry":{"type":"Point","coordinates":[-2.5016666666666665,57.05]}},{"type":"Feature","properties":{"VRP name":"BARRHEAD","Latitude":"554800.00N","Longitude":"0042330.00W","Associated Aerodrome":"GLASGOW","ICAO Code":"EGPF","Valid From":"02/10/2025","name":"BARRHEAD","ident":"BARRHEAD"},"geometry":{"type":"Point","coordinates":[-4.3916666666666675,55.8]}},{"type":"Feature","properties":{"VRP name":"BARROW TANKS RESERVOIRS","Latitude":"512423.04N","Longitude":"0023945.86W","Associated Aerodrome":"BRISTOL","ICAO Code":"EGGD","Valid From":"02/10/2025","name":"BARROW TANKS RESERVOIRS","ident":"BARROW TANKS RESERVOIRS"},"geometry":{"type":"Point","coordinates":[-2.6627388888888888,51.4064]}},{"type":"Feature","properties":{"VRP name":"BATH RACECOURSE","Latitude":"512501.44N","Longitude":"0022414.51W","Associated Aerodrome":"BRISTOL","ICAO Code":"EGGD","Valid From":"02/10/2025","name":"BATH RACECOURSE","ident":"BATH RACECOURSE"},"geometry":{"type":"Point","coordinates":[-2.4040305555555554,51.41706666666666]}},{"type":"Feature","properties":{"VRP name":"BATHGATE RAILWAY STATION","Latitude":"555349N","Longitude":"0033810W","Associated Aerodrome":"EDINBURGH","ICAO Code":"EGPH","Valid From":"02/10/2025","name":"BATHGATE RAILWAY STATION","ident":"BATHGATE RAILWAY STATION"},"geometry":{"type":"Point","coordinates":[-3.636111111111111,55.89694444444444]}},{"type":"Feature","properties":{"VRP name":"BEAULIEU (DISUSED AD)","Latitude":"504815N","Longitude":"0013014W","Associated Aerodrome":"BOURNEMOUTH, SOUTHAMPTON","ICAO Code":"EGHH, EGHI","Valid From":"02/10/2025","name":"BEAULIEU (DISUSED AD)","ident":"BEAULIEU (DISUSED AD)"},"geometry":{"type":"Point","coordinates":[-1.5038888888888888,50.80416666666667]}},{"type":"Feature","properties":{"VRP name":"BEAULY RAIL BRIDGE","Latitude":"572834N","Longitude":"0042744W","Associated Aerodrome":"INVERNESS","ICAO Code":"EGPE","Valid From":"02/10/2025","name":"BEAULY RAIL BRIDGE","ident":"BEAULY RAIL BRIDGE"},"geometry":{"type":"Point","coordinates":[-4.4622222222222225,57.476111111111116]}},{"type":"Feature","properties":{"VRP name":"BECKTON ROUNDABOUT","Latitude":"513131N","Longitude":"0000424E","Associated Aerodrome":"LONDON CITY","ICAO Code":"EGLC","Valid From":"02/10/2025","name":"BECKTON ROUNDABOUT","ident":"BECKTON ROUNDABOUT"},"geometry":{"type":"Point","coordinates":[0.07333333333333333,51.525277777777774]}},{"type":"Feature","properties":{"VRP name":"BEESTON CASTLE","Latitude":"530742N","Longitude":"0024131W","Associated Aerodrome":"HAWARDEN","ICAO Code":"EGNR","Valid From":"02/10/2025","name":"BEESTON CASTLE","ident":"BEESTON CASTLE"},"geometry":{"type":"Point","coordinates":[-2.6919444444444447,53.12833333333333]}},{"type":"Feature","properties":{"VRP name":"BELAIR PARK","Latitude":"512635.83N","Longitude":"0000522.34W","Associated Aerodrome":"LONDON CITY","ICAO Code":"EGLC","Valid From":"02/10/2025","name":"BELAIR PARK","ident":"BELAIR PARK"},"geometry":{"type":"Point","coordinates":[-0.08953888888888889,51.44328611111111]}},{"type":"Feature","properties":{"VRP name":"BERNERS LAKE","Latitude":"514549.40N","Longitude":"0001810.79E","Associated Aerodrome":"LONDON STANSTED","ICAO Code":"EGSS","Valid From":"02/10/2025","name":"BERNERS LAKE","ident":"BERNERS LAKE"},"geometry":{"type":"Point","coordinates":[0.3029972222222222,51.76372222222222]}},{"type":"Feature","properties":{"VRP name":"BILLERICAY LAKE MEADOWS PARK","Latitude":"513800N","Longitude":"0002500E","Associated Aerodrome":"SOUTHEND","ICAO Code":"EGMC","Valid From":"02/10/2025","name":"BILLERICAY LAKE MEADOWS PARK","ident":"BILLERICAY LAKE MEADOWS PARK"},"geometry":{"type":"Point","coordinates":[0.4166666666666667,51.63333333333333]}},{"type":"Feature","properties":{"VRP name":"BILLINGSHURST","Latitude":"510054.00N","Longitude":"0002700.00W","Associated Aerodrome":"LONDON GATWICK","ICAO Code":"EGKK","Valid From":"02/10/2025","name":"BILLINGSHURST","ident":"BILLINGSHURST"},"geometry":{"type":"Point","coordinates":[-0.45,51.015]}},{"type":"Feature","properties":{"VRP name":"BISHOP WOOD (NORTH)","Latitude":"534833.26N","Longitude":"0010931.17W","Associated Aerodrome":"LEEDS EAST","ICAO Code":"EGCM","Valid From":"02/10/2025","name":"BISHOP WOOD (NORTH)","ident":"BISHOP WOOD (NORTH)"},"geometry":{"type":"Point","coordinates":[-1.1586583333333333,53.809238888888885]}},{"type":"Feature","properties":{"VRP name":"BISHOPS WALTHAM","Latitude":"505717.00N","Longitude":"0011235.00W","Associated Aerodrome":"SOUTHAMPTON","ICAO Code":"EGHI","Valid From":"02/10/2025","name":"BISHOPS WALTHAM","ident":"BISHOPS WALTHAM"},"geometry":{"type":"Point","coordinates":[-1.2097222222222221,50.95472222222222]}},{"type":"Feature","properties":{"VRP name":"BISHOPTON","Latitude":"555408.00N","Longitude":"0043006.00W","Associated Aerodrome":"GLASGOW","ICAO Code":"EGPF","Valid From":"02/10/2025","name":"BISHOPTON","ident":"BISHOPTON"},"geometry":{"type":"Point","coordinates":[-4.501666666666667,55.90222222222222]}},{"type":"Feature","properties":{"VRP name":"BLAGDON LAKE","Latitude":"512014.00N","Longitude":"0024247.00W","Associated Aerodrome":"BRISTOL","ICAO Code":"EGGD","Valid From":"02/10/2025","name":"BLAGDON LAKE","ident":"BLAGDON LAKE"},"geometry":{"type":"Point","coordinates":[-2.7130555555555556,51.33722222222222]}},{"type":"Feature","properties":{"VRP name":"BLAYDON","Latitude":"545806.00N","Longitude":"0014137.00W","Associated Aerodrome":"NEWCASTLE","ICAO Code":"EGNT","Valid From":"02/10/2025","name":"BLAYDON","ident":"BLAYDON"},"geometry":{"type":"Point","coordinates":[-1.6936111111111112,54.968333333333334]}},{"type":"Feature","properties":{"VRP name":"BLYTH WINDFARM","Latitude":"550724N","Longitude":"0012937W","Associated Aerodrome":"NEWCASTLE","ICAO Code":"EGNT","Valid From":"02/10/2025","name":"BLYTH WINDFARM","ident":"BLYTH WINDFARM"},"geometry":{"type":"Point","coordinates":[-1.4936111111111112,55.123333333333335]}},{"type":"Feature","properties":{"VRP name":"BOLAM LAKE","Latitude":"550753.00N","Longitude":"0015228.00W","Associated Aerodrome":"NEWCASTLE","ICAO Code":"EGNT","Valid From":"02/10/2025","name":"BOLAM LAKE","ident":"BOLAM LAKE"},"geometry":{"type":"Point","coordinates":[-1.8744444444444446,55.13138888888889]}},{"type":"Feature","properties":{"VRP name":"BORRAS QUARRY","Latitude":"530405.57N","Longitude":"0025705.71W","Associated Aerodrome":"HAWARDEN","ICAO Code":"EGNR","Valid From":"02/10/2025","name":"BORRAS QUARRY","ident":"BORRAS QUARRY"},"geometry":{"type":"Point","coordinates":[-2.9515861111111112,53.06821388888889]}},{"type":"Feature","properties":{"VRP name":"BOTTESFORD (DISUSED AD)","Latitude":"525753.00N","Longitude":"0004654.00W","Associated Aerodrome":"EAST MIDLANDS","ICAO Code":"EGNX","Valid From":"02/10/2025","name":"BOTTESFORD (DISUSED AD)","ident":"BOTTESFORD (DISUSED AD)"},"geometry":{"type":"Point","coordinates":[-0.7816666666666667,52.96472222222223]}},{"type":"Feature","properties":{"VRP name":"BRAINTREE","Latitude":"515242.00N","Longitude":"0003314.00E","Associated Aerodrome":"LONDON STANSTED","ICAO Code":"EGSS","Valid From":"02/10/2025","name":"BRAINTREE","ident":"BRAINTREE"},"geometry":{"type":"Point","coordinates":[0.553888888888889,51.87833333333333]}},{"type":"Feature","properties":{"VRP name":"BRENT RESERVOIR","Latitude":"513401.07N","Longitude":"0001521.93W","Associated Aerodrome":"LONDON CITY, LONDON HEATHROW","ICAO Code":"EGLC, EGLL","Valid From":"02/10/2025","name":"BRENT RESERVOIR","ident":"BRENT RESERVOIR"},"geometry":{"type":"Point","coordinates":[-0.25609166666666666,51.56696388888889]}},{"type":"Feature","properties":{"VRP name":"BRIGG","Latitude":"533312N","Longitude":"0002912W","Associated Aerodrome":"HUMBERSIDE","ICAO Code":"EGNJ","Valid From":"02/10/2025","name":"BRIGG","ident":"BRIGG"},"geometry":{"type":"Point","coordinates":[-0.4866666666666667,53.55333333333333]}},{"type":"Feature","properties":{"VRP name":"BRIGHTON MARINA","Latitude":"504839N","Longitude":"0000603W","Associated Aerodrome":"SHOREHAM","ICAO Code":"EGKA","Valid From":"02/10/2025","name":"BRIGHTON MARINA","ident":"BRIGHTON MARINA"},"geometry":{"type":"Point","coordinates":[-0.10083333333333334,50.81083333333333]}},{"type":"Feature","properties":{"VRP name":"BROUGHTY CASTLE","Latitude":"562745N","Longitude":"0025211W","Associated Aerodrome":"DUNDEE","ICAO Code":"EGPN","Valid From":"02/10/2025","name":"BROUGHTY CASTLE","ident":"BROUGHTY CASTLE"},"geometry":{"type":"Point","coordinates":[-2.8697222222222223,56.462500000000006]}},{"type":"Feature","properties":{"VRP name":"BRUNDALL MARINA","Latitude":"523704N","Longitude":"0012600E","Associated Aerodrome":"NORWICH","ICAO Code":"EGSH","Valid From":"02/10/2025","name":"BRUNDALL MARINA","ident":"BRUNDALL MARINA"},"geometry":{"type":"Point","coordinates":[1.4333333333333333,52.617777777777775]}},{"type":"Feature","properties":{"VRP name":"BUCKLAND","Latitude":"511424N","Longitude":"0001445W","Associated Aerodrome":"REDHILL","ICAO Code":"EGKR","Valid From":"02/10/2025","name":"BUCKLAND","ident":"BUCKLAND"},"geometry":{"type":"Point","coordinates":[-0.24583333333333335,51.24]}},{"type":"Feature","properties":{"VRP name":"BULLINGTON CROSS","Latitude":"511030.61N","Longitude":"0012021.49W","Associated Aerodrome":"SOUTHAMPTON","ICAO Code":"EGHI","Valid From":"02/10/2025","name":"BULLINGTON CROSS","ident":"BULLINGTON CROSS"},"geometry":{"type":"Point","coordinates":[-1.3393027777777777,51.17516944444444]}},{"type":"Feature","properties":{"VRP name":"BUNCRANA PIER","Latitude":"550736N","Longitude":"0072751W","Associated Aerodrome":"LONDONDERRY/EGLINTON","ICAO Code":"EGAE","Valid From":"02/10/2025","name":"BUNCRANA PIER","ident":"BUNCRANA PIER"},"geometry":{"type":"Point","coordinates":[-7.464166666666667,55.126666666666665]}},{"type":"Feature","properties":{"VRP name":"BURFORD","Latitude":"514824.0000N","Longitude":"0013812.0000W","Associated Aerodrome":"BRIZE NORTON (ENR 2.1)","ICAO Code":"EGVN","Valid From":"04/09/2025","name":"BURFORD","ident":"BURFORD"},"geometry":{"type":"Point","coordinates":[-1.6366666666666667,51.806666666666665]}},{"type":"Feature","properties":{"VRP name":"BURGESS PARK","Latitude":"512905.58N","Longitude":"0000446.37W","Associated Aerodrome":"LONDON CITY","ICAO Code":"EGLC","Valid From":"02/10/2025","name":"BURGESS PARK","ident":"BURGESS PARK"},"geometry":{"type":"Point","coordinates":[-0.07954722222222221,51.484883333333336]}},{"type":"Feature","properties":{"VRP name":"BURNHAM","Latitude":"513108.45N","Longitude":"0004037.87W","Associated Aerodrome":"LONDON HEATHROW","ICAO Code":"EGLL","Valid From":"02/10/2025","name":"BURNHAM","ident":"BURNHAM"},"geometry":{"type":"Point","coordinates":[-0.677186111111111,51.519013888888885]}},{"type":"Feature","properties":{"VRP name":"BURTONWOOD SERVICES","Latitude":"532500.00N","Longitude":"0023817.00W","Associated Aerodrome":"LIVERPOOL, MANCHESTER","ICAO Code":"EGGP, EGCC","Valid From":"02/10/2025","name":"BURTONWOOD SERVICES","ident":"BURTONWOOD SERVICES"},"geometry":{"type":"Point","coordinates":[-2.6380555555555554,53.416666666666664]}},{"type":"Feature","properties":{"VRP name":"BUTSER HILL MAST","Latitude":"505836N","Longitude":"0005856W","Associated Aerodrome":"SOUTHAMPTON","ICAO Code":"EGHI","Valid From":"02/10/2025","name":"BUTSER HILL MAST","ident":"BUTSER HILL MAST"},"geometry":{"type":"Point","coordinates":[-0.9822222222222222,50.97666666666667]}},{"type":"Feature","properties":{"VRP name":"BUTT OF LEWIS LIGHTHOUSE","Latitude":"583056.00N","Longitude":"0061539.00W","Associated Aerodrome":"STORNOWAY","ICAO Code":"EGPO","Valid From":"02/10/2025","name":"BUTT OF LEWIS LIGHTHOUSE","ident":"BUTT OF LEWIS LIGHTHOUSE"},"geometry":{"type":"Point","coordinates":[-6.260833333333333,58.51555555555556]}},{"type":"Feature","properties":{"VRP name":"BUXTON","Latitude":"531521.00N","Longitude":"0015446.00W","Associated Aerodrome":"MANCHESTER","ICAO Code":"EGCC","Valid From":"02/10/2025","name":"BUXTON","ident":"BUXTON"},"geometry":{"type":"Point","coordinates":[-1.9127777777777777,53.255833333333335]}},{"type":"Feature","properties":{"VRP name":"BYFLEET BRIDGE","Latitude":"512023.47N","Longitude":"0002906.69W","Associated Aerodrome":"LONDON HEATHROW","ICAO Code":"EGLL","Valid From":"02/10/2025","name":"BYFLEET BRIDGE","ident":"BYFLEET BRIDGE"},"geometry":{"type":"Point","coordinates":[-0.4851916666666667,51.33985277777778]}},{"type":"Feature","properties":{"VRP name":"CAISTOR","Latitude":"532946N","Longitude":"0001906W","Associated Aerodrome":"HUMBERSIDE","ICAO Code":"EGNJ","Valid From":"02/10/2025","name":"CAISTOR","ident":"CAISTOR"},"geometry":{"type":"Point","coordinates":[-0.3183333333333333,53.49611111111111]}},{"type":"Feature","properties":{"VRP name":"CALSHOT BEACH","Latitude":"504845N","Longitude":"0011839W","Associated Aerodrome":"SOUTHAMPTON","ICAO Code":"EGHI","Valid From":"02/10/2025","name":"CALSHOT BEACH","ident":"CALSHOT BEACH"},"geometry":{"type":"Point","coordinates":[-1.3108333333333333,50.8125]}},{"type":"Feature","properties":{"VRP name":"CANAL BEND","Latitude":"513902N","Longitude":"0002537W","Associated Aerodrome":"ELSTREE","ICAO Code":"EGTR","Valid From":"02/10/2025","name":"CANAL BEND","ident":"CANAL BEND"},"geometry":{"type":"Point","coordinates":[-0.42694444444444446,51.650555555555556]}},{"type":"Feature","properties":{"VRP name":"CANFIELD A120/B1256 INTERCHANGE","Latitude":"515213.72N","Longitude":"0001923.17E","Associated Aerodrome":"LONDON STANSTED","ICAO Code":"EGSS","Valid From":"02/10/2025","name":"CANFIELD A120/B1256 INTERCHANGE","ident":"CANFIELD A120/B1256 INTERCHANGE"},"geometry":{"type":"Point","coordinates":[0.32310277777777774,51.87047777777778]}},{"type":"Feature","properties":{"VRP name":"CAP DE LA HAGUE","Latitude":"494300N","Longitude":"0015600W","Associated Aerodrome":"GUERNSEY, JERSEY","ICAO Code":"EGJB, EGJJ","Valid From":"02/10/2025","name":"CAP DE LA HAGUE","ident":"CAP DE LA HAGUE"},"geometry":{"type":"Point","coordinates":[-1.9333333333333333,49.71666666666667]}},{"type":"Feature","properties":{"VRP name":"CARDIFF DOCKS","Latitude":"512724.00N","Longitude":"0030906.00W","Associated Aerodrome":"CARDIFF, ST ATHAN","ICAO Code":"EGFF, EGSY","Valid From":"02/10/2025","name":"CARDIFF DOCKS","ident":"CARDIFF DOCKS"},"geometry":{"type":"Point","coordinates":[-3.1516666666666664,51.45666666666667]}},{"type":"Feature","properties":{"VRP name":"CARROWKEEL","Latitude":"550730N","Longitude":"0071142W","Associated Aerodrome":"LONDONDERRY/EGLINTON","ICAO Code":"EGAE","Valid From":"02/10/2025","name":"CARROWKEEL","ident":"CARROWKEEL"},"geometry":{"type":"Point","coordinates":[-7.195,55.125]}},{"type":"Feature","properties":{"VRP name":"CARTERET LIGHTHOUSE","Latitude":"492224.00N","Longitude":"0014824.00W","Associated Aerodrome":"GUERNSEY, JERSEY","ICAO Code":"EGJB, EGJJ","Valid From":"02/10/2025","name":"CARTERET LIGHTHOUSE","ident":"CARTERET LIGHTHOUSE"},"geometry":{"type":"Point","coordinates":[-1.8066666666666666,49.373333333333335]}},{"type":"Feature","properties":{"VRP name":"CASQUETS LIGHTHOUSE","Latitude":"494320N","Longitude":"0022237W","Associated Aerodrome":"GUERNSEY, JERSEY","ICAO Code":"EGJB, EGJJ","Valid From":"02/10/2025","name":"CASQUETS LIGHTHOUSE","ident":"CASQUETS LIGHTHOUSE"},"geometry":{"type":"Point","coordinates":[-2.3769444444444443,49.72222222222222]}},{"type":"Feature","properties":{"VRP name":"CASTLETOWN (DISUSED AD)","Latitude":"583507N","Longitude":"0032101W","Associated Aerodrome":"WICK","ICAO Code":"EGPC","Valid From":"02/10/2025","name":"CASTLETOWN (DISUSED AD)","ident":"CASTLETOWN (DISUSED AD)"},"geometry":{"type":"Point","coordinates":[-3.350277777777778,58.58527777777778]}},{"type":"Feature","properties":{"VRP name":"CAWDOR CASTLE","Latitude":"573124N","Longitude":"0035542W","Associated Aerodrome":"INVERNESS","ICAO Code":"EGPE","Valid From":"02/10/2025","name":"CAWDOR CASTLE","ident":"CAWDOR CASTLE"},"geometry":{"type":"Point","coordinates":[-3.9283333333333332,57.52333333333333]}},{"type":"Feature","properties":{"VRP name":"CHAIN BAR ROUNDABOUT (CBR)","Latitude":"534412N","Longitude":"0014335W","Associated Aerodrome":"LEEDS BRADFORD","ICAO Code":"EGNM","Valid From":"02/10/2025","name":"CHAIN BAR ROUNDABOUT (CBR)","ident":"CHAIN BAR ROUNDABOUT (CBR)"},"geometry":{"type":"Point","coordinates":[-1.726388888888889,53.736666666666665]}},{"type":"Feature","properties":{"VRP name":"CHARLBURY RAILWAY STATION","Latitude":"515223.0000N","Longitude":"0012927.0000W","Associated Aerodrome":"BRIZE NORTON (ENR 2.1)","ICAO Code":"EGVN","Valid From":"04/09/2025","name":"CHARLBURY RAILWAY STATION","ident":"CHARLBURY RAILWAY STATION"},"geometry":{"type":"Point","coordinates":[-1.4908333333333335,51.87305555555555]}},{"type":"Feature","properties":{"VRP name":"CHEDDAR RESERVOIR","Latitude":"511647.00N","Longitude":"0024805.00W","Associated Aerodrome":"BRISTOL","ICAO Code":"EGGD","Valid From":"02/10/2025","name":"CHEDDAR RESERVOIR","ident":"CHEDDAR RESERVOIR"},"geometry":{"type":"Point","coordinates":[-2.801388888888889,51.27972222222222]}},{"type":"Feature","properties":{"VRP name":"CHELMSFORD","Latitude":"514400.00N","Longitude":"0002824.00E","Associated Aerodrome":"LONDON STANSTED","ICAO Code":"EGSS","Valid From":"02/10/2025","name":"CHELMSFORD","ident":"CHELMSFORD"},"geometry":{"type":"Point","coordinates":[0.47333333333333333,51.733333333333334]}},{"type":"Feature","properties":{"VRP name":"CHEW VALLEY","Latitude":"511930.00N","Longitude":"0023542.00W","Associated Aerodrome":"BRISTOL","ICAO Code":"EGGD","Valid From":"02/10/2025","name":"CHEW VALLEY","ident":"CHEW VALLEY"},"geometry":{"type":"Point","coordinates":[-2.595,51.325]}},{"type":"Feature","properties":{"VRP name":"CHIPPENHAM","Latitude":"512736.00N","Longitude":"0020724.00W","Associated Aerodrome":"BRISTOL","ICAO Code":"EGGD","Valid From":"02/10/2025","name":"CHIPPENHAM","ident":"CHIPPENHAM"},"geometry":{"type":"Point","coordinates":[-2.1233333333333335,51.46]}},{"type":"Feature","properties":{"VRP name":"CHIPPING ONGAR A414/B184 INTERCHANGE","Latitude":"514245.56N","Longitude":"0001442.02E","Associated Aerodrome":"LONDON STANSTED","ICAO Code":"EGSS","Valid From":"02/10/2025","name":"CHIPPING ONGAR A414/B184 INTERCHANGE","ident":"CHIPPING ONGAR A414/B184 INTERCHANGE"},"geometry":{"type":"Point","coordinates":[0.24500555555555556,51.71265555555556]}},{"type":"Feature","properties":{"VRP name":"CHURCH BROUGHTON (DISUSED AD)","Latitude":"525310.00N","Longitude":"0014154.00W","Associated Aerodrome":"EAST MIDLANDS","ICAO Code":"EGNX","Valid From":"02/10/2025","name":"CHURCH BROUGHTON (DISUSED AD)","ident":"CHURCH BROUGHTON (DISUSED AD)"},"geometry":{"type":"Point","coordinates":[-1.6983333333333333,52.88611111111111]}},{"type":"Feature","properties":{"VRP name":"CHURCHILL","Latitude":"512000.00N","Longitude":"0024736.00W","Associated Aerodrome":"BRISTOL","ICAO Code":"EGGD","Valid From":"02/10/2025","name":"CHURCHILL","ident":"CHURCHILL"},"geometry":{"type":"Point","coordinates":[-2.793333333333333,51.333333333333336]}},{"type":"Feature","properties":{"VRP name":"CLATWORTHY RESERVOIR","Latitude":"510422.78N","Longitude":"0032209.18W","Associated Aerodrome":"CARDIFF, ST ATHAN","ICAO Code":"EGFF, EGSY","Valid From":"02/10/2025","name":"CLATWORTHY RESERVOIR","ident":"CLATWORTHY RESERVOIR"},"geometry":{"type":"Point","coordinates":[-3.3692166666666665,51.07299444444445]}},{"type":"Feature","properties":{"VRP name":"CLAUDY CROSSROADS","Latitude":"545442N","Longitude":"0070912W","Associated Aerodrome":"LONDONDERRY/EGLINTON","ICAO Code":"EGAE","Valid From":"02/10/2025","name":"CLAUDY CROSSROADS","ident":"CLAUDY CROSSROADS"},"geometry":{"type":"Point","coordinates":[-7.153333333333333,54.91166666666666]}},{"type":"Feature","properties":{"VRP name":"CLEVEDON","Latitude":"512621.00N","Longitude":"0025105.00W","Associated Aerodrome":"BRISTOL","ICAO Code":"EGGD","Valid From":"02/10/2025","name":"CLEVEDON","ident":"CLEVEDON"},"geometry":{"type":"Point","coordinates":[-2.851388888888889,51.439166666666665]}},{"type":"Feature","properties":{"VRP name":"CLIFTON SUSPENSION BRIDGE","Latitude":"512718.00N","Longitude":"0023740.00W","Associated Aerodrome":"BRISTOL","ICAO Code":"EGGD","Valid From":"02/10/2025","name":"CLIFTON SUSPENSION BRIDGE","ident":"CLIFTON SUSPENSION BRIDGE"},"geometry":{"type":"Point","coordinates":[-2.6277777777777778,51.455000000000005]}},{"type":"Feature","properties":{"VRP name":"CLUNTOE (DISUSED AD)","Latitude":"543714.00N","Longitude":"0063202.00W","Associated Aerodrome":"BELFAST ALDERGROVE","ICAO Code":"EGAA","Valid From":"02/10/2025","name":"CLUNTOE (DISUSED AD)","ident":"CLUNTOE (DISUSED AD)"},"geometry":{"type":"Point","coordinates":[-6.533888888888889,54.620555555555555]}},{"type":"Feature","properties":{"VRP name":"COBBINSHAW RESERVOIR","Latitude":"554828.00N","Longitude":"0033400.00W","Associated Aerodrome":"EDINBURGH","ICAO Code":"EGPH","Valid From":"02/10/2025","name":"COBBINSHAW RESERVOIR","ident":"COBBINSHAW RESERVOIR"},"geometry":{"type":"Point","coordinates":[-3.5666666666666664,55.80777777777777]}},{"type":"Feature","properties":{"VRP name":"COLERAINE A37 BRIDGE","Latitude":"550724N","Longitude":"0064011W","Associated Aerodrome":"LONDONDERRY/EGLINTON","ICAO Code":"EGAE","Valid From":"02/10/2025","name":"COLERAINE A37 BRIDGE","ident":"COLERAINE A37 BRIDGE"},"geometry":{"type":"Point","coordinates":[-6.669722222222222,55.123333333333335]}},{"type":"Feature","properties":{"VRP name":"COLTISHALL (DISUSED AD)","Latitude":"524511N","Longitude":"0012119E","Associated Aerodrome":"NORWICH","ICAO Code":"EGSH","Valid From":"02/10/2025","name":"COLTISHALL (DISUSED AD)","ident":"COLTISHALL (DISUSED AD)"},"geometry":{"type":"Point","coordinates":[1.3552777777777778,52.753055555555555]}},{"type":"Feature","properties":{"VRP name":"COMBER","Latitude":"543303.00N","Longitude":"0054445.00W","Associated Aerodrome":"BELFAST/CITY","ICAO Code":"EGAC","Valid From":"02/10/2025","name":"COMBER","ident":"COMBER"},"geometry":{"type":"Point","coordinates":[-5.745833333333334,54.55083333333333]}},{"type":"Feature","properties":{"VRP name":"CONGLETON","Latitude":"530954.00N","Longitude":"0021051.00W","Associated Aerodrome":"MANCHESTER","ICAO Code":"EGCC","Valid From":"02/10/2025","name":"CONGLETON","ident":"CONGLETON"},"geometry":{"type":"Point","coordinates":[-2.180833333333333,53.165]}},{"type":"Feature","properties":{"VRP name":"CORBIERE LIGHTHOUSE","Latitude":"491047.00N","Longitude":"0021500.00W","Associated Aerodrome":"GUERNSEY, JERSEY","ICAO Code":"EGJB, EGJJ","Valid From":"02/10/2025","name":"CORBIERE LIGHTHOUSE","ident":"CORBIERE LIGHTHOUSE"},"geometry":{"type":"Point","coordinates":[-2.25,49.17972222222222]}},{"type":"Feature","properties":{"VRP name":"COWES","Latitude":"504541.27N","Longitude":"0011735.13W","Associated Aerodrome":"SOUTHAMPTON","ICAO Code":"EGHI","Valid From":"02/10/2025","name":"COWES","ident":"COWES"},"geometry":{"type":"Point","coordinates":[-1.2930916666666665,50.76146388888889]}},{"type":"Feature","properties":{"VRP name":"CREDITON","Latitude":"504726N","Longitude":"0033905W","Associated Aerodrome":"EXETER","ICAO Code":"EGTE","Valid From":"02/10/2025","name":"CREDITON","ident":"CREDITON"},"geometry":{"type":"Point","coordinates":[-3.651388888888889,50.79055555555556]}},{"type":"Feature","properties":{"VRP name":"CULLODEN VIADUCT","Latitude":"572840N","Longitude":"0040345W","Associated Aerodrome":"INVERNESS","ICAO Code":"EGPE","Valid From":"02/10/2025","name":"CULLODEN VIADUCT","ident":"CULLODEN VIADUCT"},"geometry":{"type":"Point","coordinates":[-4.0625,57.47777777777778]}},{"type":"Feature","properties":{"VRP name":"CULLOMPTON","Latitude":"505128N","Longitude":"0032338W","Associated Aerodrome":"EXETER","ICAO Code":"EGTE","Valid From":"02/10/2025","name":"CULLOMPTON","ident":"CULLOMPTON"},"geometry":{"type":"Point","coordinates":[-3.3938888888888887,50.85777777777778]}},{"type":"Feature","properties":{"VRP name":"CULZEAN BAY","Latitude":"552210N","Longitude":"0044605W","Associated Aerodrome":"PRESTWICK","ICAO Code":"EGPK","Valid From":"02/10/2025","name":"CULZEAN BAY","ident":"CULZEAN BAY"},"geometry":{"type":"Point","coordinates":[-4.768055555555556,55.36944444444445]}},{"type":"Feature","properties":{"VRP name":"CUMNOCK (A70 ROUNDABOUT)","Latitude":"552714N","Longitude":"0041703W","Associated Aerodrome":"PRESTWICK","ICAO Code":"EGPK","Valid From":"02/10/2025","name":"CUMNOCK (A70 ROUNDABOUT)","ident":"CUMNOCK (A70 ROUNDABOUT)"},"geometry":{"type":"Point","coordinates":[-4.284166666666667,55.45388888888889]}},{"type":"Feature","properties":{"VRP name":"DALKEITH","Latitude":"555336.00N","Longitude":"0030406.00W","Associated Aerodrome":"EDINBURGH","ICAO Code":"EGPH","Valid From":"02/10/2025","name":"DALKEITH","ident":"DALKEITH"},"geometry":{"type":"Point","coordinates":[-3.0683333333333334,55.89333333333333]}},{"type":"Feature","properties":{"VRP name":"DALMELLINGTON (B741 ROUNDABOUT)","Latitude":"551924N","Longitude":"0042350W","Associated Aerodrome":"PRESTWICK","ICAO Code":"EGPK","Valid From":"02/10/2025","name":"DALMELLINGTON (B741 ROUNDABOUT)","ident":"DALMELLINGTON (B741 ROUNDABOUT)"},"geometry":{"type":"Point","coordinates":[-4.397222222222223,55.32333333333334]}},{"type":"Feature","properties":{"VRP name":"DALRYMPLE (B742 JUNCTION)","Latitude":"552350N","Longitude":"0043533W","Associated Aerodrome":"PRESTWICK","ICAO Code":"EGPK","Valid From":"02/10/2025","name":"DALRYMPLE (B742 JUNCTION)","ident":"DALRYMPLE (B742 JUNCTION)"},"geometry":{"type":"Point","coordinates":[-4.592499999999999,55.39722222222222]}},{"type":"Feature","properties":{"VRP name":"DANESHILL LAKES","Latitude":"532137N","Longitude":"0005607W","Associated Aerodrome":"RETFORD/GAMSTON","ICAO Code":"EGNE","Valid From":"02/10/2025","name":"DANESHILL LAKES","ident":"DANESHILL LAKES"},"geometry":{"type":"Point","coordinates":[-0.9352777777777778,53.36027777777778]}},{"type":"Feature","properties":{"VRP name":"DEBDEN (DISUSED AD)","Latitude":"515931.05N","Longitude":"0001629.38E","Associated Aerodrome":"LONDON STANSTED","ICAO Code":"EGSS","Valid From":"02/10/2025","name":"DEBDEN (DISUSED AD)","ident":"DEBDEN (DISUSED AD)"},"geometry":{"type":"Point","coordinates":[0.2748277777777778,51.991958333333336]}},{"type":"Feature","properties":{"VRP name":"DERWENT RESERVOIR","Latitude":"545200N","Longitude":"0015848W","Associated Aerodrome":"NEWCASTLE","ICAO Code":"EGNT","Valid From":"02/10/2025","name":"DERWENT RESERVOIR","ident":"DERWENT RESERVOIR"},"geometry":{"type":"Point","coordinates":[-1.9800000000000002,54.86666666666667]}},{"type":"Feature","properties":{"VRP name":"DEWSBURY (DBY)","Latitude":"534130.00N","Longitude":"0013806.00W","Associated Aerodrome":"LEEDS BRADFORD","ICAO Code":"EGNM","Valid From":"02/10/2025","name":"DEWSBURY (DBY)","ident":"DEWSBURY (DBY)"},"geometry":{"type":"Point","coordinates":[-1.635,53.69166666666666]}},{"type":"Feature","properties":{"VRP name":"DIAMOND HANGAR (HANGAR 8)","Latitude":"515240N","Longitude":"0001409E","Associated Aerodrome":"LONDON STANSTED","ICAO Code":"EGSS","Valid From":"02/10/2025","name":"DIAMOND HANGAR (HANGAR 8)","ident":"DIAMOND HANGAR (HANGAR 8)"},"geometry":{"type":"Point","coordinates":[0.23583333333333334,51.87777777777778]}},{"type":"Feature","properties":{"VRP name":"DINGWALL STADIUM","Latitude":"573544N","Longitude":"0042509W","Associated Aerodrome":"INVERNESS","ICAO Code":"EGPE","Valid From":"02/10/2025","name":"DINGWALL STADIUM","ident":"DINGWALL STADIUM"},"geometry":{"type":"Point","coordinates":[-4.419166666666667,57.595555555555556]}},{"type":"Feature","properties":{"VRP name":"DIVIS","Latitude":"543627.00N","Longitude":"0060034.00W","Associated Aerodrome":"BELFAST ALDERGROVE","ICAO Code":"EGAA","Valid From":"02/10/2025","name":"DIVIS","ident":"DIVIS"},"geometry":{"type":"Point","coordinates":[-6.009444444444444,54.6075]}},{"type":"Feature","properties":{"VRP name":"DOONFOOT (MILLENNIUM BRIDGE)","Latitude":"552625N","Longitude":"0043903W","Associated Aerodrome":"PRESTWICK","ICAO Code":"EGPK","Valid From":"02/10/2025","name":"DOONFOOT (MILLENNIUM BRIDGE)","ident":"DOONFOOT (MILLENNIUM BRIDGE)"},"geometry":{"type":"Point","coordinates":[-4.650833333333334,55.44027777777777]}},{"type":"Feature","properties":{"VRP name":"DORES","Latitude":"572255N","Longitude":"0041955W","Associated Aerodrome":"INVERNESS","ICAO Code":"EGPE","Valid From":"02/10/2025","name":"DORES","ident":"DORES"},"geometry":{"type":"Point","coordinates":[-4.331944444444444,57.38194444444444]}},{"type":"Feature","properties":{"VRP name":"DORKING","Latitude":"511337.00N","Longitude":"0002006.00W","Associated Aerodrome":"LONDON GATWICK","ICAO Code":"EGKK","Valid From":"02/10/2025","name":"DORKING","ident":"DORKING"},"geometry":{"type":"Point","coordinates":[-0.33499999999999996,51.22694444444445]}},{"type":"Feature","properties":{"VRP name":"DOVESTONES RESERVOIRS","Latitude":"533215N","Longitude":"0015812W","Associated Aerodrome":"MANCHESTER","ICAO Code":"EGCC","Valid From":"02/10/2025","name":"DOVESTONES RESERVOIRS","ident":"DOVESTONES RESERVOIRS"},"geometry":{"type":"Point","coordinates":[-1.9700000000000002,53.5375]}},{"type":"Feature","properties":{"VRP name":"DRAYCOTE WATER","Latitude":"521934N","Longitude":"0011935W","Associated Aerodrome":"COVENTRY","ICAO Code":"EGBE","Valid From":"02/10/2025","name":"DRAYCOTE WATER","ident":"DRAYCOTE WATER"},"geometry":{"type":"Point","coordinates":[-1.3263888888888888,52.32611111111112]}},{"type":"Feature","properties":{"VRP name":"DRESWICK POINT LIGHTHOUSE","Latitude":"540318N","Longitude":"0043730W","Associated Aerodrome":"ISLE OF MAN","ICAO Code":"EGNS","Valid From":"02/10/2025","name":"DRESWICK POINT LIGHTHOUSE","ident":"DRESWICK POINT LIGHTHOUSE"},"geometry":{"type":"Point","coordinates":[-4.625000000000001,54.055]}},{"type":"Feature","properties":{"VRP name":"DUMBARTON","Latitude":"555640.00N","Longitude":"0043406.00W","Associated Aerodrome":"GLASGOW","ICAO Code":"EGPF","Valid From":"02/10/2025","name":"DUMBARTON","ident":"DUMBARTON"},"geometry":{"type":"Point","coordinates":[-4.568333333333333,55.94444444444444]}},{"type":"Feature","properties":{"VRP name":"DUNCANSBY HEAD LIGHTHOUSE","Latitude":"583838N","Longitude":"0030131W","Associated Aerodrome":"WICK","ICAO Code":"EGPC","Valid From":"02/10/2025","name":"DUNCANSBY HEAD LIGHTHOUSE","ident":"DUNCANSBY HEAD LIGHTHOUSE"},"geometry":{"type":"Point","coordinates":[-3.0252777777777777,58.64388888888889]}},{"type":"Feature","properties":{"VRP name":"DUNGIVEN","Latitude":"545542N","Longitude":"0065530W","Associated Aerodrome":"LONDONDERRY/EGLINTON","ICAO Code":"EGAE","Valid From":"02/10/2025","name":"DUNGIVEN","ident":"DUNGIVEN"},"geometry":{"type":"Point","coordinates":[-6.925000000000001,54.92833333333333]}},{"type":"Feature","properties":{"VRP name":"DUNMAGLASS WINDFARM","Latitude":"571432N","Longitude":"0041520W","Associated Aerodrome":"INVERNESS","ICAO Code":"EGPE","Valid From":"02/10/2025","name":"DUNMAGLASS WINDFARM","ident":"DUNMAGLASS WINDFARM"},"geometry":{"type":"Point","coordinates":[-4.2555555555555555,57.242222222222225]}},{"type":"Feature","properties":{"VRP name":"DURHAM","Latitude":"544626.00N","Longitude":"0013436.00W","Associated Aerodrome":"NEWCASTLE","ICAO Code":"EGNT","Valid From":"02/10/2025","name":"DURHAM","ident":"DURHAM"},"geometry":{"type":"Point","coordinates":[-1.5766666666666667,54.77388888888889]}},{"type":"Feature","properties":{"VRP name":"EAST KILBRIDE","Latitude":"554550.00N","Longitude":"0041020.00W","Associated Aerodrome":"GLASGOW","ICAO Code":"EGPF","Valid From":"02/10/2025","name":"EAST KILBRIDE","ident":"EAST KILBRIDE"},"geometry":{"type":"Point","coordinates":[-4.1722222222222225,55.763888888888886]}},{"type":"Feature","properties":{"VRP name":"EAST NAILSEA","Latitude":"512548.00N","Longitude":"0024406.00W","Associated Aerodrome":"BRISTOL","ICAO Code":"EGGD","Valid From":"02/10/2025","name":"EAST NAILSEA","ident":"EAST NAILSEA"},"geometry":{"type":"Point","coordinates":[-2.735,51.43]}},{"type":"Feature","properties":{"VRP name":"ECCUP RESERVOIR (ECP)","Latitude":"535216.00N","Longitude":"0013236.00W","Associated Aerodrome":"LEEDS BRADFORD","ICAO Code":"EGNM","Valid From":"02/10/2025","name":"ECCUP RESERVOIR (ECP)","ident":"ECCUP RESERVOIR (ECP)"},"geometry":{"type":"Point","coordinates":[-1.5433333333333332,53.87111111111111]}},{"type":"Feature","properties":{"VRP name":"ELLESMERE LAKE","Latitude":"525423.00N","Longitude":"0025300.00W","Associated Aerodrome":"SLEAP","ICAO Code":"EGCV","Valid From":"02/10/2025","name":"ELLESMERE LAKE","ident":"ELLESMERE LAKE"},"geometry":{"type":"Point","coordinates":[-2.8833333333333333,52.906388888888884]}},{"type":"Feature","properties":{"VRP name":"ELSHAM WOLDS","Latitude":"533631N","Longitude":"0002541W","Associated Aerodrome":"HUMBERSIDE","ICAO Code":"EGNJ","Valid From":"02/10/2025","name":"ELSHAM WOLDS","ident":"ELSHAM WOLDS"},"geometry":{"type":"Point","coordinates":[-0.4280555555555556,53.60861111111111]}},{"type":"Feature","properties":{"VRP name":"EPPING","Latitude":"514200.00N","Longitude":"0000640.00E","Associated Aerodrome":"LONDON STANSTED","ICAO Code":"EGSS","Valid From":"02/10/2025","name":"EPPING","ident":"EPPING"},"geometry":{"type":"Point","coordinates":[0.11111111111111112,51.7]}},{"type":"Feature","properties":{"VRP name":"ERSKINE BRIDGE","Latitude":"555513.00N","Longitude":"0042746.00W","Associated Aerodrome":"GLASGOW","ICAO Code":"EGPF","Valid From":"02/10/2025","name":"ERSKINE BRIDGE","ident":"ERSKINE BRIDGE"},"geometry":{"type":"Point","coordinates":[-4.462777777777778,55.92027777777778]}},{"type":"Feature","properties":{"VRP name":"EXMOUTH","Latitude":"503729N","Longitude":"0032408W","Associated Aerodrome":"EXETER","ICAO Code":"EGTE","Valid From":"02/10/2025","name":"EXMOUTH","ident":"EXMOUTH"},"geometry":{"type":"Point","coordinates":[-3.402222222222222,50.624722222222225]}},{"type":"Feature","properties":{"VRP name":"FARINGDON","Latitude":"513912.2800N","Longitude":"0013507.3000W","Associated Aerodrome":"BRIZE NORTON (ENR 2.1)","ICAO Code":"EGVN","Valid From":"04/09/2025","name":"FARINGDON","ident":"FARINGDON"},"geometry":{"type":"Point","coordinates":[-1.5853611111111112,51.65341111111111]}},{"type":"Feature","properties":{"VRP name":"FARMOOR RESERVOIR","Latitude":"514515.2000N","Longitude":"0012122.4000W","Associated Aerodrome":"BRIZE NORTON (ENR 2.1)","ICAO Code":"EGVN","Valid From":"04/09/2025","name":"FARMOOR RESERVOIR","ident":"FARMOOR RESERVOIR"},"geometry":{"type":"Point","coordinates":[-1.3562222222222222,51.754222222222225]}},{"type":"Feature","properties":{"VRP name":"FARNHAM CASTLE","Latitude":"511307N","Longitude":"0004808W","Associated Aerodrome":"FARNBOROUGH","ICAO Code":"EGLF","Valid From":"02/10/2025","name":"FARNHAM CASTLE","ident":"FARNHAM CASTLE"},"geometry":{"type":"Point","coordinates":[-0.8022222222222223,51.218611111111116]}},{"type":"Feature","properties":{"VRP name":"FIDDLERS FERRY POWER STATION","Latitude":"532218.39N","Longitude":"0024116.03W","Associated Aerodrome":"LIVERPOOL","ICAO Code":"EGGP","Valid From":"02/10/2025","name":"FIDDLERS FERRY POWER STATION","ident":"FIDDLERS FERRY POWER STATION"},"geometry":{"type":"Point","coordinates":[-2.6877861111111114,53.371775]}},{"type":"Feature","properties":{"VRP name":"FLAT HOLM LIGHTHOUSE","Latitude":"512232.00N","Longitude":"0030707.00W","Associated Aerodrome":"CARDIFF, ST ATHAN","ICAO Code":"EGFF, EGSY","Valid From":"02/10/2025","name":"FLAT HOLM LIGHTHOUSE","ident":"FLAT HOLM LIGHTHOUSE"},"geometry":{"type":"Point","coordinates":[-3.118611111111111,51.37555555555556]}},{"type":"Feature","properties":{"VRP name":"FLEET POND","Latitude":"511719N","Longitude":"0004929W","Associated Aerodrome":"FARNBOROUGH","ICAO Code":"EGLF","Valid From":"02/10/2025","name":"FLEET POND","ident":"FLEET POND"},"geometry":{"type":"Point","coordinates":[-0.8247222222222222,51.28861111111111]}},{"type":"Feature","properties":{"VRP name":"FLEETWOOD (GOLF COURSE)","Latitude":"535508N","Longitude":"0030243W","Associated Aerodrome":"BLACKPOOL","ICAO Code":"EGNH","Valid From":"02/10/2025","name":"FLEETWOOD (GOLF COURSE)","ident":"FLEETWOOD (GOLF COURSE)"},"geometry":{"type":"Point","coordinates":[-3.0452777777777778,53.91888888888889]}},{"type":"Feature","properties":{"VRP name":"FLINT BRIDGE","Latitude":"531346N","Longitude":"0030400W","Associated Aerodrome":"HAWARDEN","ICAO Code":"EGNR","Valid From":"02/10/2025","name":"FLINT BRIDGE","ident":"FLINT BRIDGE"},"geometry":{"type":"Point","coordinates":[-3.066666666666667,53.22944444444445]}},{"type":"Feature","properties":{"VRP name":"FOOT","Latitude":"590143N","Longitude":"0024823W","Associated Aerodrome":"KIRKWALL","ICAO Code":"EGPA","Valid From":"02/10/2025","name":"FOOT","ident":"FOOT"},"geometry":{"type":"Point","coordinates":[-2.806388888888889,59.02861111111111]}},{"type":"Feature","properties":{"VRP name":"FORT LE MARCHANT","Latitude":"493032.00N","Longitude":"0023107.00W","Associated Aerodrome":"GUERNSEY, JERSEY","ICAO Code":"EGJB, EGJJ","Valid From":"02/10/2025","name":"FORT LE MARCHANT","ident":"FORT LE MARCHANT"},"geometry":{"type":"Point","coordinates":[-2.518611111111111,49.50888888888889]}},{"type":"Feature","properties":{"VRP name":"FORTH ROAD BRIDGE (NORTH TOWER)","Latitude":"560022N","Longitude":"0032414W","Associated Aerodrome":"EDINBURGH","ICAO Code":"EGPH","Valid From":"02/10/2025","name":"FORTH ROAD BRIDGE (NORTH TOWER)","ident":"FORTH ROAD BRIDGE (NORTH TOWER)"},"geometry":{"type":"Point","coordinates":[-3.403888888888889,56.00611111111111]}},{"type":"Feature","properties":{"VRP name":"FRANKLEY RESERVOIRS","Latitude":"522513.00N","Longitude":"0015955.00W","Associated Aerodrome":"BIRMINGHAM","ICAO Code":"EGBB","Valid From":"02/10/2025","name":"FRANKLEY RESERVOIRS","ident":"FRANKLEY RESERVOIRS"},"geometry":{"type":"Point","coordinates":[-1.9986111111111111,52.42027777777778]}},{"type":"Feature","properties":{"VRP name":"FREMONT TV MAST","Latitude":"491506N","Longitude":"0020753W","Associated Aerodrome":"GUERNSEY, JERSEY","ICAO Code":"EGJB, EGJJ","Valid From":"02/10/2025","name":"FREMONT TV MAST","ident":"FREMONT TV MAST"},"geometry":{"type":"Point","coordinates":[-2.131388888888889,49.251666666666665]}},{"type":"Feature","properties":{"VRP name":"FRENSHAM GREAT POND","Latitude":"510916N","Longitude":"0004730W","Associated Aerodrome":"FARNBOROUGH","ICAO Code":"EGLF","Valid From":"02/10/2025","name":"FRENSHAM GREAT POND","ident":"FRENSHAM GREAT POND"},"geometry":{"type":"Point","coordinates":[-0.7916666666666666,51.154444444444444]}},{"type":"Feature","properties":{"VRP name":"FRODSHAM HILL","Latitude":"531713.75N","Longitude":"0024329.27W","Associated Aerodrome":"LIVERPOOL","ICAO Code":"EGGP","Valid From":"02/10/2025","name":"FRODSHAM HILL","ident":"FRODSHAM HILL"},"geometry":{"type":"Point","coordinates":[-2.7247972222222225,53.28715277777778]}},{"type":"Feature","properties":{"VRP name":"GAINSBOROUGH","Latitude":"532334N","Longitude":"0004615W","Associated Aerodrome":"RETFORD/GAMSTON","ICAO Code":"EGNE","Valid From":"02/10/2025","name":"GAINSBOROUGH","ident":"GAINSBOROUGH"},"geometry":{"type":"Point","coordinates":[-0.7708333333333334,53.39277777777778]}},{"type":"Feature","properties":{"VRP name":"GARSTANG MARINA","Latitude":"535419.50N","Longitude":"0024730.20W","Associated Aerodrome":"WARTON","ICAO Code":"EGNO","Valid From":"02/10/2025","name":"GARSTANG MARINA","ident":"GARSTANG MARINA"},"geometry":{"type":"Point","coordinates":[-2.791722222222222,53.90541666666667]}},{"type":"Feature","properties":{"VRP name":"GARSTON DOCKS","Latitude":"532109.96N","Longitude":"0025424.36W","Associated Aerodrome":"LIVERPOOL","ICAO Code":"EGGP","Valid From":"02/10/2025","name":"GARSTON DOCKS","ident":"GARSTON DOCKS"},"geometry":{"type":"Point","coordinates":[-2.9067666666666665,53.35276666666667]}},{"type":"Feature","properties":{"VRP name":"GLENGORMLEY M2/J4","Latitude":"544050N","Longitude":"0055854W","Associated Aerodrome":"BELFAST ALDERGROVE","ICAO Code":"EGAA","Valid From":"02/10/2025","name":"GLENGORMLEY M2/J4","ident":"GLENGORMLEY M2/J4"},"geometry":{"type":"Point","coordinates":[-5.9816666666666665,54.68055555555555]}},{"type":"Feature","properties":{"VRP name":"GLOSSOP","Latitude":"532626N","Longitude":"0015504W","Associated Aerodrome":"MANCHESTER","ICAO Code":"EGCC","Valid From":"02/10/2025","name":"GLOSSOP","ident":"GLOSSOP"},"geometry":{"type":"Point","coordinates":[-1.9177777777777776,53.440555555555555]}},{"type":"Feature","properties":{"VRP name":"GODSTONE RAILWAY STATION","Latitude":"511305N","Longitude":"0000304W","Associated Aerodrome":"REDHILL","ICAO Code":"EGKR","Valid From":"02/10/2025","name":"GODSTONE RAILWAY STATION","ident":"GODSTONE RAILWAY STATION"},"geometry":{"type":"Point","coordinates":[-0.051111111111111114,51.21805555555556]}},{"type":"Feature","properties":{"VRP name":"GOLF COURSE","Latitude":"514000N","Longitude":"0001256W","Associated Aerodrome":"ELSTREE","ICAO Code":"EGTR","Valid From":"02/10/2025","name":"GOLF COURSE","ident":"GOLF COURSE"},"geometry":{"type":"Point","coordinates":[-0.21555555555555556,51.666666666666664]}},{"type":"Feature","properties":{"VRP name":"GREENOCK","Latitude":"555650.00N","Longitude":"0044505.00W","Associated Aerodrome":"GLASGOW","ICAO Code":"EGPF","Valid From":"02/10/2025","name":"GREENOCK","ident":"GREENOCK"},"geometry":{"type":"Point","coordinates":[-4.751388888888889,55.947222222222216]}},{"type":"Feature","properties":{"VRP name":"GRIM'S TOWER","Latitude":"513722.45N","Longitude":"0002123.57W","Associated Aerodrome":"LONDON HEATHROW","ICAO Code":"EGLL","Valid From":"02/10/2025","name":"GRIM'S TOWER","ident":"GRIM'S TOWER"},"geometry":{"type":"Point","coordinates":[-0.3565472222222222,51.62290277777778]}},{"type":"Feature","properties":{"VRP name":"GROOMSPORT","Latitude":"544030.00N","Longitude":"0053705.00W","Associated Aerodrome":"BELFAST/CITY","ICAO Code":"EGAC","Valid From":"02/10/2025","name":"GROOMSPORT","ident":"GROOMSPORT"},"geometry":{"type":"Point","coordinates":[-5.618055555555556,54.675]}},{"type":"Feature","properties":{"VRP name":"GUILDFORD RAILWAY STATION","Latitude":"511414N","Longitude":"0003453W","Associated Aerodrome":"FARNBOROUGH, LONDON GATWICK","ICAO Code":"EGLF, EGKK","Valid From":"02/10/2025","name":"GUILDFORD RAILWAY STATION","ident":"GUILDFORD RAILWAY STATION"},"geometry":{"type":"Point","coordinates":[-0.5813888888888888,51.23722222222222]}},{"type":"Feature","properties":{"VRP name":"HALE HEAD LIGHTHOUSE","Latitude":"531921.00N","Longitude":"0024740.00W","Associated Aerodrome":"LIVERPOOL","ICAO Code":"EGGP","Valid From":"02/10/2025","name":"HALE HEAD LIGHTHOUSE","ident":"HALE HEAD LIGHTHOUSE"},"geometry":{"type":"Point","coordinates":[-2.7944444444444443,53.322500000000005]}},{"type":"Feature","properties":{"VRP name":"HANDCROSS","Latitude":"510310.00N","Longitude":"0001208.00W","Associated Aerodrome":"LONDON GATWICK","ICAO Code":"EGKK","Valid From":"02/10/2025","name":"HANDCROSS","ident":"HANDCROSS"},"geometry":{"type":"Point","coordinates":[-0.20222222222222222,51.05277777777778]}},{"type":"Feature","properties":{"VRP name":"HANGAR 12","Latitude":"515308N","Longitude":"0001320E","Associated Aerodrome":"LONDON STANSTED","ICAO Code":"EGSS","Valid From":"02/10/2025","name":"HANGAR 12","ident":"HANGAR 12"},"geometry":{"type":"Point","coordinates":[0.22222222222222224,51.885555555555555]}},{"type":"Feature","properties":{"VRP name":"HANOIS LIGHTHOUSE","Latitude":"492606.00N","Longitude":"0024209.00W","Associated Aerodrome":"GUERNSEY, JERSEY","ICAO Code":"EGJB, EGJJ","Valid From":"02/10/2025","name":"HANOIS LIGHTHOUSE","ident":"HANOIS LIGHTHOUSE"},"geometry":{"type":"Point","coordinates":[-2.7025,49.434999999999995]}},{"type":"Feature","properties":{"VRP name":"HARDWICK HALL","Latitude":"543927N","Longitude":"0012757W","Associated Aerodrome":"TEESSIDE INTERNATIONAL","ICAO Code":"EGNV","Valid From":"02/10/2025","name":"HARDWICK HALL","ident":"HARDWICK HALL"},"geometry":{"type":"Point","coordinates":[-1.4658333333333333,54.6575]}},{"type":"Feature","properties":{"VRP name":"HARROGATE (HGT) RAILWAY STATION","Latitude":"535933N","Longitude":"0013215W","Associated Aerodrome":"LEEDS BRADFORD","ICAO Code":"EGNM","Valid From":"02/10/2025","name":"HARROGATE (HGT) RAILWAY STATION","ident":"HARROGATE (HGT) RAILWAY STATION"},"geometry":{"type":"Point","coordinates":[-1.5374999999999999,53.9925]}},{"type":"Feature","properties":{"VRP name":"HARTLEPOOL MARINA","Latitude":"544130N","Longitude":"0011157W","Associated Aerodrome":"TEESSIDE INTERNATIONAL","ICAO Code":"EGNV","Valid From":"02/10/2025","name":"HARTLEPOOL MARINA","ident":"HARTLEPOOL MARINA"},"geometry":{"type":"Point","coordinates":[-1.1991666666666667,54.69166666666666]}},{"type":"Feature","properties":{"VRP name":"HAVERHILL","Latitude":"520457.00N","Longitude":"0002604.00E","Associated Aerodrome":"LONDON STANSTED","ICAO Code":"EGSS","Valid From":"02/10/2025","name":"HAVERHILL","ident":"HAVERHILL"},"geometry":{"type":"Point","coordinates":[0.43444444444444447,52.0825]}},{"type":"Feature","properties":{"VRP name":"HAYWARDS HEATH","Latitude":"510027.00N","Longitude":"0000546.00W","Associated Aerodrome":"LONDON GATWICK","ICAO Code":"EGKK","Valid From":"02/10/2025","name":"HAYWARDS HEATH","ident":"HAYWARDS HEATH"},"geometry":{"type":"Point","coordinates":[-0.0961111111111111,51.0075]}},{"type":"Feature","properties":{"VRP name":"HAZELEND WOOD","Latitude":"515338.88N","Longitude":"0001015.05E","Associated Aerodrome":"LONDON STANSTED","ICAO Code":"EGSS","Valid From":"02/10/2025","name":"HAZELEND WOOD","ident":"HAZELEND WOOD"},"geometry":{"type":"Point","coordinates":[0.1708472222222222,51.894133333333336]}},{"type":"Feature","properties":{"VRP name":"HEADS OF AYR","Latitude":"552558N","Longitude":"0044247W","Associated Aerodrome":"PRESTWICK","ICAO Code":"EGPK","Valid From":"02/10/2025","name":"HEADS OF AYR","ident":"HEADS OF AYR"},"geometry":{"type":"Point","coordinates":[-4.713055555555556,55.43277777777777]}},{"type":"Feature","properties":{"VRP name":"HEATON INTERCHANGE","Latitude":"533300N","Longitude":"0021540W","Associated Aerodrome":"MANCHESTER, MANCHESTER BARTON","ICAO Code":"EGCC, EGCB","Valid From":"02/10/2025","name":"HEATON INTERCHANGE","ident":"HEATON INTERCHANGE"},"geometry":{"type":"Point","coordinates":[-2.261111111111111,53.55]}},{"type":"Feature","properties":{"VRP name":"HEAUVILLE","Latitude":"493459.00N","Longitude":"0014807.00W","Associated Aerodrome":"GUERNSEY, JERSEY","ICAO Code":"EGJB, EGJJ","Valid From":"02/10/2025","name":"HEAUVILLE","ident":"HEAUVILLE"},"geometry":{"type":"Point","coordinates":[-1.8019444444444446,49.58305555555556]}},{"type":"Feature","properties":{"VRP name":"HELSBY HILL","Latitude":"531624.31N","Longitude":"0024547.64W","Associated Aerodrome":"LIVERPOOL","ICAO Code":"EGGP","Valid From":"02/10/2025","name":"HELSBY HILL","ident":"HELSBY HILL"},"geometry":{"type":"Point","coordinates":[-2.7632333333333334,53.27341944444444]}},{"type":"Feature","properties":{"VRP name":"HENGISTBURY HEAD","Latitude":"504243.00N","Longitude":"0014456.00W","Associated Aerodrome":"BOURNEMOUTH","ICAO Code":"EGHH","Valid From":"02/10/2025","name":"HENGISTBURY HEAD","ident":"HENGISTBURY HEAD"},"geometry":{"type":"Point","coordinates":[-1.748888888888889,50.71194444444445]}},{"type":"Feature","properties":{"VRP name":"HERM ISLAND","Latitude":"492818.07N","Longitude":"0022655.46W","Associated Aerodrome":"GUERNSEY, JERSEY","ICAO Code":"EGJB, EGJJ","Valid From":"02/10/2025","name":"HERM ISLAND","ident":"HERM ISLAND"},"geometry":{"type":"Point","coordinates":[-2.4487388888888892,49.47168611111111]}},{"type":"Feature","properties":{"VRP name":"HETHEL (DISUSED AD)","Latitude":"523345N","Longitude":"0011030E","Associated Aerodrome":"NORWICH","ICAO Code":"EGSH","Valid From":"02/10/2025","name":"HETHEL (DISUSED AD)","ident":"HETHEL (DISUSED AD)"},"geometry":{"type":"Point","coordinates":[1.175,52.5625]}},{"type":"Feature","properties":{"VRP name":"HEXHAM","Latitude":"545815.00N","Longitude":"0020610.00W","Associated Aerodrome":"NEWCASTLE","ICAO Code":"EGNT","Valid From":"02/10/2025","name":"HEXHAM","ident":"HEXHAM"},"geometry":{"type":"Point","coordinates":[-2.102777777777778,54.97083333333334]}},{"type":"Feature","properties":{"VRP name":"HILLEND SKI SLOPE","Latitude":"555318.00N","Longitude":"0031230.00W","Associated Aerodrome":"EDINBURGH","ICAO Code":"EGPH","Valid From":"02/10/2025","name":"HILLEND SKI SLOPE","ident":"HILLEND SKI SLOPE"},"geometry":{"type":"Point","coordinates":[-3.2083333333333335,55.888333333333335]}},{"type":"Feature","properties":{"VRP name":"HILLTOP","Latitude":"532030.00N","Longitude":"0021027.00W","Associated Aerodrome":"MANCHESTER","ICAO Code":"EGCC","Valid From":"02/10/2025","name":"HILLTOP","ident":"HILLTOP"},"geometry":{"type":"Point","coordinates":[-2.1741666666666664,53.34166666666667]}},{"type":"Feature","properties":{"VRP name":"HOOK RAILWAY STATION","Latitude":"511646N","Longitude":"0005743W","Associated Aerodrome":"FARNBOROUGH","ICAO Code":"EGLF","Valid From":"02/10/2025","name":"HOOK RAILWAY STATION","ident":"HOOK RAILWAY STATION"},"geometry":{"type":"Point","coordinates":[-0.9619444444444444,51.279444444444444]}},{"type":"Feature","properties":{"VRP name":"HULTON INDUSTRIAL ESTATE","Latitude":"533206.28N","Longitude":"0022704.56W","Associated Aerodrome":"MANCHESTER BARTON","ICAO Code":"EGCB","Valid From":"02/10/2025","name":"HULTON INDUSTRIAL ESTATE","ident":"HULTON INDUSTRIAL ESTATE"},"geometry":{"type":"Point","coordinates":[-2.4512666666666667,53.53507777777778]}},{"type":"Feature","properties":{"VRP name":"HURST CASTLE","Latitude":"504229N","Longitude":"0013301W","Associated Aerodrome":"BOURNEMOUTH","ICAO Code":"EGHH","Valid From":"02/10/2025","name":"HURST CASTLE","ident":"HURST CASTLE"},"geometry":{"type":"Point","coordinates":[-1.5502777777777779,50.70805555555556]}},{"type":"Feature","properties":{"VRP name":"HYDE","Latitude":"515039.00N","Longitude":"0002158.00W","Associated Aerodrome":"LONDON LUTON","ICAO Code":"EGGW","Valid From":"02/10/2025","name":"HYDE","ident":"HYDE"},"geometry":{"type":"Point","coordinates":[-0.3661111111111111,51.844166666666666]}},{"type":"Feature","properties":{"VRP name":"HYNISH BAY","Latitude":"562904N","Longitude":"0065245W","Associated Aerodrome":"TIREE","ICAO Code":"EGPU","Valid From":"02/10/2025","name":"HYNISH BAY","ident":"HYNISH BAY"},"geometry":{"type":"Point","coordinates":[-6.879166666666667,56.48444444444444]}},{"type":"Feature","properties":{"VRP name":"IMMINGHAM DOCKS","Latitude":"533742N","Longitude":"0001136W","Associated Aerodrome":"HUMBERSIDE","ICAO Code":"EGNJ","Valid From":"02/10/2025","name":"IMMINGHAM DOCKS","ident":"IMMINGHAM DOCKS"},"geometry":{"type":"Point","coordinates":[-0.19333333333333333,53.62833333333333]}},{"type":"Feature","properties":{"VRP name":"INSCH","Latitude":"572034.00N","Longitude":"0023651.00W","Associated Aerodrome":"ABERDEEN/DYCE","ICAO Code":"EGPD","Valid From":"02/10/2025","name":"INSCH","ident":"INSCH"},"geometry":{"type":"Point","coordinates":[-2.6141666666666667,57.34277777777778]}},{"type":"Feature","properties":{"VRP name":"INSKIP (DISUSED AD)","Latitude":"534938N","Longitude":"0025003W","Associated Aerodrome":"BLACKPOOL","ICAO Code":"EGNH","Valid From":"02/10/2025","name":"INSKIP (DISUSED AD)","ident":"INSKIP (DISUSED AD)"},"geometry":{"type":"Point","coordinates":[-2.834166666666667,53.827222222222225]}},{"type":"Feature","properties":{"VRP name":"INVERGORDON PORT","Latitude":"574106N","Longitude":"0041024W","Associated Aerodrome":"INVERNESS","ICAO Code":"EGPE","Valid From":"02/10/2025","name":"INVERGORDON PORT","ident":"INVERGORDON PORT"},"geometry":{"type":"Point","coordinates":[-4.173333333333334,57.684999999999995]}},{"type":"Feature","properties":{"VRP name":"INVERKIP POWER STATION","Latitude":"555354.00N","Longitude":"0045312.00W","Associated Aerodrome":"GLASGOW","ICAO Code":"EGPF","Valid From":"02/10/2025","name":"INVERKIP POWER STATION","ident":"INVERKIP POWER STATION"},"geometry":{"type":"Point","coordinates":[-4.886666666666666,55.89833333333333]}},{"type":"Feature","properties":{"VRP name":"IRLAM BRIDGE","Latitude":"532620N","Longitude":"0022447W","Associated Aerodrome":"MANCHESTER, MANCHESTER BARTON","ICAO Code":"EGCC, EGCB","Valid From":"02/10/2025","name":"IRLAM BRIDGE","ident":"IRLAM BRIDGE"},"geometry":{"type":"Point","coordinates":[-2.4130555555555553,53.43888888888888]}},{"type":"Feature","properties":{"VRP name":"IRVINE HARBOUR","Latitude":"553639N","Longitude":"0044155W","Associated Aerodrome":"PRESTWICK","ICAO Code":"EGPK","Valid From":"02/10/2025","name":"IRVINE HARBOUR","ident":"IRVINE HARBOUR"},"geometry":{"type":"Point","coordinates":[-4.698611111111111,55.61083333333333]}},{"type":"Feature","properties":{"VRP name":"JAGUAR CAR FACTORY","Latitude":"532112.66N","Longitude":"0025008.80W","Associated Aerodrome":"LIVERPOOL","ICAO Code":"EGGP","Valid From":"02/10/2025","name":"JAGUAR CAR FACTORY","ident":"JAGUAR CAR FACTORY"},"geometry":{"type":"Point","coordinates":[-2.835777777777778,53.35351666666667]}},{"type":"Feature","properties":{"VRP name":"JODRELL BANK","Latitude":"531411.00N","Longitude":"0021833.00W","Associated Aerodrome":"MANCHESTER","ICAO Code":"EGCC","Valid From":"02/10/2025","name":"JODRELL BANK","ident":"JODRELL BANK"},"geometry":{"type":"Point","coordinates":[-2.3091666666666666,53.23638888888889]}},{"type":"Feature","properties":{"VRP name":"KEISS VILLAGE","Latitude":"583200N","Longitude":"0030724W","Associated Aerodrome":"WICK","ICAO Code":"EGPC","Valid From":"02/10/2025","name":"KEISS VILLAGE","ident":"KEISS VILLAGE"},"geometry":{"type":"Point","coordinates":[-3.1233333333333335,58.53333333333333]}},{"type":"Feature","properties":{"VRP name":"KESWICK ROUNDABOUT","Latitude":"523517N","Longitude":"0011630E","Associated Aerodrome":"NORWICH","ICAO Code":"EGSH","Valid From":"02/10/2025","name":"KESWICK ROUNDABOUT","ident":"KESWICK ROUNDABOUT"},"geometry":{"type":"Point","coordinates":[1.275,52.588055555555556]}},{"type":"Feature","properties":{"VRP name":"KIDBROOKE FLATS","Latitude":"512741.29N","Longitude":"0000136.68E","Associated Aerodrome":"LONDON CITY","ICAO Code":"EGLC","Valid From":"02/10/2025","name":"KIDBROOKE FLATS","ident":"KIDBROOKE FLATS"},"geometry":{"type":"Point","coordinates":[136.68,51.46146944444445]}},{"type":"Feature","properties":{"VRP name":"KILMACOLM","Latitude":"555340.00N","Longitude":"0043739.00W","Associated Aerodrome":"GLASGOW","ICAO Code":"EGPF","Valid From":"02/10/2025","name":"KILMACOLM","ident":"KILMACOLM"},"geometry":{"type":"Point","coordinates":[-4.6275,55.894444444444446]}},{"type":"Feature","properties":{"VRP name":"KILMARNOCK RAILWAY STATION","Latitude":"553645.00N","Longitude":"0042954.00W","Associated Aerodrome":"GLASGOW, PRESTWICK","ICAO Code":"EGPF, EGPK","Valid From":"02/10/2025","name":"KILMARNOCK RAILWAY STATION","ident":"KILMARNOCK RAILWAY STATION"},"geometry":{"type":"Point","coordinates":[-4.498333333333333,55.612500000000004]}},{"type":"Feature","properties":{"VRP name":"KIMPTON HALL","Latitude":"515045.00N","Longitude":"0001748.00W","Associated Aerodrome":"LONDON LUTON","ICAO Code":"EGGW","Valid From":"02/10/2025","name":"KIMPTON HALL","ident":"KIMPTON HALL"},"geometry":{"type":"Point","coordinates":[-0.29666666666666663,51.84583333333334]}},{"type":"Feature","properties":{"VRP name":"KINGSTON BRIDGE","Latitude":"555122.00N","Longitude":"0041611.00W","Associated Aerodrome":"GLASGOW","ICAO Code":"EGPF","Valid From":"02/10/2025","name":"KINGSTON BRIDGE","ident":"KINGSTON BRIDGE"},"geometry":{"type":"Point","coordinates":[-4.269722222222222,55.85611111111111]}},{"type":"Feature","properties":{"VRP name":"KINLOSS (DISUSED AD)","Latitude":"573857N","Longitude":"0033342W","Associated Aerodrome":"INVERNESS","ICAO Code":"EGPE","Valid From":"02/10/2025","name":"KINLOSS (DISUSED AD)","ident":"KINLOSS (DISUSED AD)"},"geometry":{"type":"Point","coordinates":[-3.5616666666666665,57.649166666666666]}},{"type":"Feature","properties":{"VRP name":"KIRKBY","Latitude":"532848.00N","Longitude":"0025254.00W","Associated Aerodrome":"LIVERPOOL","ICAO Code":"EGGP","Valid From":"02/10/2025","name":"KIRKBY","ident":"KIRKBY"},"geometry":{"type":"Point","coordinates":[-2.881666666666667,53.480000000000004]}},{"type":"Feature","properties":{"VRP name":"KIRKCALDY HARBOUR","Latitude":"560650.00N","Longitude":"0030900.00W","Associated Aerodrome":"EDINBURGH","ICAO Code":"EGPH","Valid From":"02/10/2025","name":"KIRKCALDY HARBOUR","ident":"KIRKCALDY HARBOUR"},"geometry":{"type":"Point","coordinates":[-3.15,56.11388888888889]}},{"type":"Feature","properties":{"VRP name":"KIRKNEWTON RAILWAY STATION","Latitude":"555320.60N","Longitude":"0032600.20W","Associated Aerodrome":"EDINBURGH","ICAO Code":"EGPH","Valid From":"02/10/2025","name":"KIRKNEWTON RAILWAY STATION","ident":"KIRKNEWTON RAILWAY STATION"},"geometry":{"type":"Point","coordinates":[-3.433388888888889,55.88905555555556]}},{"type":"Feature","properties":{"VRP name":"LACEBY CROSSROADS","Latitude":"533207N","Longitude":"0001049W","Associated Aerodrome":"HUMBERSIDE","ICAO Code":"EGNJ","Valid From":"02/10/2025","name":"LACEBY CROSSROADS","ident":"LACEBY CROSSROADS"},"geometry":{"type":"Point","coordinates":[-0.18027777777777776,53.53527777777778]}},{"type":"Feature","properties":{"VRP name":"LAMALOAD RESERVOIR","Latitude":"531620N","Longitude":"0020233W","Associated Aerodrome":"MANCHESTER","ICAO Code":"EGCC","Valid From":"02/10/2025","name":"LAMALOAD RESERVOIR","ident":"LAMALOAD RESERVOIR"},"geometry":{"type":"Point","coordinates":[-2.0425,53.27222222222222]}},{"type":"Feature","properties":{"VRP name":"LAMB HOLM ISLAND","Latitude":"585314N","Longitude":"0025336W","Associated Aerodrome":"KIRKWALL","ICAO Code":"EGPA","Valid From":"02/10/2025","name":"LAMB HOLM ISLAND","ident":"LAMB HOLM ISLAND"},"geometry":{"type":"Point","coordinates":[-2.893333333333333,58.88722222222222]}},{"type":"Feature","properties":{"VRP name":"LARNE","Latitude":"545112.00N","Longitude":"0054931.00W","Associated Aerodrome":"BELFAST ALDERGROVE","ICAO Code":"EGAA","Valid From":"02/10/2025","name":"LARNE","ident":"LARNE"},"geometry":{"type":"Point","coordinates":[-5.825277777777777,54.85333333333333]}},{"type":"Feature","properties":{"VRP name":"LAVERNOCK POINT","Latitude":"512423.00N","Longitude":"0031014.00W","Associated Aerodrome":"CARDIFF, ST ATHAN","ICAO Code":"EGFF, EGSY","Valid From":"02/10/2025","name":"LAVERNOCK POINT","ident":"LAVERNOCK POINT"},"geometry":{"type":"Point","coordinates":[-3.1705555555555556,51.406388888888884]}},{"type":"Feature","properties":{"VRP name":"LAXEY HARBOUR","Latitude":"541331N","Longitude":"0042322W","Associated Aerodrome":"ISLE OF MAN","ICAO Code":"EGNS","Valid From":"02/10/2025","name":"LAXEY HARBOUR","ident":"LAXEY HARBOUR"},"geometry":{"type":"Point","coordinates":[-4.389444444444445,54.22527777777778]}},{"type":"Feature","properties":{"VRP name":"LECHLADE","Latitude":"514137.9300N","Longitude":"0014125.4500W","Associated Aerodrome":"BRIZE NORTON (ENR 2.1)","ICAO Code":"EGVN","Valid From":"04/09/2025","name":"LECHLADE","ident":"LECHLADE"},"geometry":{"type":"Point","coordinates":[-1.6904027777777777,51.69386944444444]}},{"type":"Feature","properties":{"VRP name":"LEIGH FLASH","Latitude":"532923N","Longitude":"0023335W","Associated Aerodrome":"MANCHESTER, MANCHESTER BARTON","ICAO Code":"EGCC, EGCB","Valid From":"02/10/2025","name":"LEIGH FLASH","ident":"LEIGH FLASH"},"geometry":{"type":"Point","coordinates":[-2.5597222222222222,53.48972222222222]}},{"type":"Feature","properties":{"VRP name":"LENWADE LAKES","Latitude":"524307N","Longitude":"0010609E","Associated Aerodrome":"NORWICH","ICAO Code":"EGSH","Valid From":"02/10/2025","name":"LENWADE LAKES","ident":"LENWADE LAKES"},"geometry":{"type":"Point","coordinates":[1.1025,52.718611111111116]}},{"type":"Feature","properties":{"VRP name":"LES LANDES RACECOURSE","Latitude":"491511.00N","Longitude":"0021445.00W","Associated Aerodrome":"GUERNSEY, JERSEY","ICAO Code":"EGJB, EGJJ","Valid From":"02/10/2025","name":"LES LANDES RACECOURSE","ident":"LES LANDES RACECOURSE"},"geometry":{"type":"Point","coordinates":[-2.2458333333333336,49.253055555555555]}},{"type":"Feature","properties":{"VRP name":"LETTERKENNY CATHEDRAL","Latitude":"545702N","Longitude":"0074424W","Associated Aerodrome":"LONDONDERRY/EGLINTON","ICAO Code":"EGAE","Valid From":"02/10/2025","name":"LETTERKENNY CATHEDRAL","ident":"LETTERKENNY CATHEDRAL"},"geometry":{"type":"Point","coordinates":[-7.74,54.95055555555556]}},{"type":"Feature","properties":{"VRP name":"LEWES INTERSECTION (A27(T)/A26)","Latitude":"505152N","Longitude":"0000127E","Associated Aerodrome":"SHOREHAM","ICAO Code":"EGKA","Valid From":"02/10/2025","name":"LEWES INTERSECTION (A27(T)/A26)","ident":"LEWES INTERSECTION (A27(T)/A26)"},"geometry":{"type":"Point","coordinates":[127.0,50.864444444444445]}},{"type":"Feature","properties":{"VRP name":"LICHFIELD CITY RAILWAY JUNCTION","Latitude":"524110.00N","Longitude":"0014755.00W","Associated Aerodrome":"BIRMINGHAM","ICAO Code":"EGBB","Valid From":"02/10/2025","name":"LICHFIELD CITY RAILWAY JUNCTION","ident":"LICHFIELD CITY RAILWAY JUNCTION"},"geometry":{"type":"Point","coordinates":[-1.798611111111111,52.68611111111111]}},{"type":"Feature","properties":{"VRP name":"LIFFORD BRIDGE","Latitude":"544953N","Longitude":"0072851W","Associated Aerodrome":"LONDONDERRY/EGLINTON","ICAO Code":"EGAE","Valid From":"02/10/2025","name":"LIFFORD BRIDGE","ident":"LIFFORD BRIDGE"},"geometry":{"type":"Point","coordinates":[-7.480833333333334,54.831388888888895]}},{"type":"Feature","properties":{"VRP name":"LITTLEHAMPTON","Latitude":"504846N","Longitude":"0003247W","Associated Aerodrome":"SHOREHAM","ICAO Code":"EGKA","Valid From":"02/10/2025","name":"LITTLEHAMPTON","ident":"LITTLEHAMPTON"},"geometry":{"type":"Point","coordinates":[-0.5463888888888889,50.812777777777775]}},{"type":"Feature","properties":{"VRP name":"LLANDEGFEDD RESERVOIR","Latitude":"514129.72N","Longitude":"0025814.51W","Associated Aerodrome":"CARDIFF, ST ATHAN","ICAO Code":"EGFF, EGSY","Valid From":"02/10/2025","name":"LLANDEGFEDD RESERVOIR","ident":"LLANDEGFEDD RESERVOIR"},"geometry":{"type":"Point","coordinates":[-2.9706972222222223,51.69158888888889]}},{"type":"Feature","properties":{"VRP name":"LOCH WATTEN","Latitude":"582900N","Longitude":"0032006W","Associated Aerodrome":"WICK","ICAO Code":"EGPC","Valid From":"02/10/2025","name":"LOCH WATTEN","ident":"LOCH WATTEN"},"geometry":{"type":"Point","coordinates":[-3.335,58.483333333333334]}},{"type":"Feature","properties":{"VRP name":"LOCHINDORB","Latitude":"572410N","Longitude":"0034257W","Associated Aerodrome":"INVERNESS","ICAO Code":"EGPE","Valid From":"02/10/2025","name":"LOCHINDORB","ident":"LOCHINDORB"},"geometry":{"type":"Point","coordinates":[-3.7158333333333333,57.40277777777778]}},{"type":"Feature","properties":{"VRP name":"LOCHMADDY PIER","Latitude":"573546N","Longitude":"0070924W","Associated Aerodrome":"BENBECULA","ICAO Code":"EGPL","Valid From":"02/10/2025","name":"LOCHMADDY PIER","ident":"LOCHMADDY PIER"},"geometry":{"type":"Point","coordinates":[-7.156666666666667,57.596111111111114]}},{"type":"Feature","properties":{"VRP name":"LONDON EYE","Latitude":"513012.52N","Longitude":"0000711.45W","Associated Aerodrome":"LONDON CITY, LONDON HEATHROW","ICAO Code":"EGLC, EGLL","Valid From":"02/10/2025","name":"LONDON EYE","ident":"LONDON EYE"},"geometry":{"type":"Point","coordinates":[-0.11984722222222223,51.503477777777775]}},{"type":"Feature","properties":{"VRP name":"LONDON GATEWAY PORT","Latitude":"513017N","Longitude":"0003011E","Associated Aerodrome":"SOUTHEND","ICAO Code":"EGMC","Valid From":"02/10/2025","name":"LONDON GATEWAY PORT","ident":"LONDON GATEWAY PORT"},"geometry":{"type":"Point","coordinates":[0.5030555555555556,51.50472222222222]}},{"type":"Feature","properties":{"VRP name":"LONDON STADIUM","Latitude":"513218.44N","Longitude":"0000059.34W","Associated Aerodrome":"LONDON CITY, LONDON HEATHROW","ICAO Code":"EGLC, EGLL","Valid From":"02/10/2025","name":"LONDON STADIUM","ident":"LONDON STADIUM"},"geometry":{"type":"Point","coordinates":[-59.34,51.53845555555555]}},{"type":"Feature","properties":{"VRP name":"LONGANNET POWER STATION","Latitude":"560256N","Longitude":"0034057W","Associated Aerodrome":"EDINBURGH","ICAO Code":"EGPH","Valid From":"02/10/2025","name":"LONGANNET POWER STATION","ident":"LONGANNET POWER STATION"},"geometry":{"type":"Point","coordinates":[-3.6824999999999997,56.04888888888889]}},{"type":"Feature","properties":{"VRP name":"LUSSA LOCH","Latitude":"553038N","Longitude":"0053743W","Associated Aerodrome":"CAMPBELTOWN","ICAO Code":"EGEC","Valid From":"02/10/2025","name":"LUSSA LOCH","ident":"LUSSA LOCH"},"geometry":{"type":"Point","coordinates":[-5.628611111111112,55.510555555555555]}},{"type":"Feature","properties":{"VRP name":"LYBSTER VILLAGE","Latitude":"581800N","Longitude":"0031706W","Associated Aerodrome":"WICK","ICAO Code":"EGPC","Valid From":"02/10/2025","name":"LYBSTER VILLAGE","ident":"LYBSTER VILLAGE"},"geometry":{"type":"Point","coordinates":[-3.2849999999999997,58.3]}},{"type":"Feature","properties":{"VRP name":"M1 JUNCTION 22 (MARKFIELD)","Latitude":"524144N","Longitude":"0011733W","Associated Aerodrome":"EAST MIDLANDS","ICAO Code":"EGNX","Valid From":"02/10/2025","name":"M1 JUNCTION 22 (MARKFIELD)","ident":"M1 JUNCTION 22 (MARKFIELD)"},"geometry":{"type":"Point","coordinates":[-1.2925,52.69555555555555]}},{"type":"Feature","properties":{"VRP name":"M1 JUNCTION 8","Latitude":"514522N","Longitude":"0002458W","Associated Aerodrome":"LONDON LUTON","ICAO Code":"EGGW","Valid From":"02/10/2025","name":"M1 JUNCTION 8","ident":"M1 JUNCTION 8"},"geometry":{"type":"Point","coordinates":[-0.41611111111111115,51.75611111111111]}},{"type":"Feature","properties":{"VRP name":"M1 JUNCTION 9","Latitude":"514913N","Longitude":"0002505W","Associated Aerodrome":"LONDON LUTON","ICAO Code":"EGGW","Valid From":"02/10/2025","name":"M1 JUNCTION 9","ident":"M1 JUNCTION 9"},"geometry":{"type":"Point","coordinates":[-0.41805555555555557,51.82027777777778]}},{"type":"Feature","properties":{"VRP name":"M1/A1(M) JUNCTION","Latitude":"534851.75N","Longitude":"0012025.27W","Associated Aerodrome":"LEEDS BRADFORD, LEEDS EAST","ICAO Code":"EGNM, EGCM","Valid From":"02/10/2025","name":"M1/A1(M) JUNCTION","ident":"M1/A1(M) JUNCTION"},"geometry":{"type":"Point","coordinates":[-1.3403527777777777,53.814375]}},{"type":"Feature","properties":{"VRP name":"M11 JUNCTION 4","Latitude":"513538N","Longitude":"0000213E","Associated Aerodrome":"LONDON CITY","ICAO Code":"EGLC","Valid From":"02/10/2025","name":"M11 JUNCTION 4","ident":"M11 JUNCTION 4"},"geometry":{"type":"Point","coordinates":[0.036944444444444446,51.59388888888889]}},{"type":"Feature","properties":{"VRP name":"M25 JUNCTION 13","Latitude":"512639.89N","Longitude":"0003145.82W","Associated Aerodrome":"LONDON HEATHROW","ICAO Code":"EGLL","Valid From":"02/10/2025","name":"M25 JUNCTION 13","ident":"M25 JUNCTION 13"},"geometry":{"type":"Point","coordinates":[-0.5293944444444445,51.44441388888889]}},{"type":"Feature","properties":{"VRP name":"M25 JUNCTION 4","Latitude":"512049.00N","Longitude":"0000923.00E","Associated Aerodrome":"BIGGIN HILL","ICAO Code":"EGKB","Valid From":"19/02/2026","name":"M25 JUNCTION 4","ident":"M25 JUNCTION 4"},"geometry":{"type":"Point","coordinates":[0.15638888888888888,51.346944444444446]}},{"type":"Feature","properties":{"VRP name":"M25 JUNCTION 7/M23 JUNCTION 8","Latitude":"511550N","Longitude":"0000741W","Associated Aerodrome":"REDHILL","ICAO Code":"EGKR","Valid From":"02/10/2025","name":"M25 JUNCTION 7/M23 JUNCTION 8","ident":"M25 JUNCTION 7/M23 JUNCTION 8"},"geometry":{"type":"Point","coordinates":[-0.12805555555555556,51.263888888888886]}},{"type":"Feature","properties":{"VRP name":"M27 JUNCTION 2 (OWER)","Latitude":"505645.12N","Longitude":"0013146.65W","Associated Aerodrome":"SOUTHAMPTON","ICAO Code":"EGHI","Valid From":"02/10/2025","name":"M27 JUNCTION 2 (OWER)","ident":"M27 JUNCTION 2 (OWER)"},"geometry":{"type":"Point","coordinates":[-1.529625,50.94586666666666]}},{"type":"Feature","properties":{"VRP name":"M3 JUNCTION 3","Latitude":"512121.06N","Longitude":"0004050.40W","Associated Aerodrome":"FARNBOROUGH, LONDON HEATHROW","ICAO Code":"EGLF, EGLL","Valid From":"02/10/2025","name":"M3 JUNCTION 3","ident":"M3 JUNCTION 3"},"geometry":{"type":"Point","coordinates":[-0.6806666666666666,51.355850000000004]}},{"type":"Feature","properties":{"VRP name":"M3 JUNCTION 4","Latitude":"511859N","Longitude":"0004525W","Associated Aerodrome":"FARNBOROUGH","ICAO Code":"EGLF","Valid From":"02/10/2025","name":"M3 JUNCTION 4","ident":"M3 JUNCTION 4"},"geometry":{"type":"Point","coordinates":[-0.7569444444444444,51.31638888888889]}},{"type":"Feature","properties":{"VRP name":"M4 JUNCTION 18","Latitude":"513007N","Longitude":"0022100W","Associated Aerodrome":"BRISTOL","ICAO Code":"EGGD","Valid From":"02/10/2025","name":"M4 JUNCTION 18","ident":"M4 JUNCTION 18"},"geometry":{"type":"Point","coordinates":[-2.35,51.50194444444445]}},{"type":"Feature","properties":{"VRP name":"M4 JUNCTION 24","Latitude":"513607N","Longitude":"0025532W","Associated Aerodrome":"CARDIFF, ST ATHAN","ICAO Code":"EGFF, EGSY","Valid From":"02/10/2025","name":"M4 JUNCTION 24","ident":"M4 JUNCTION 24"},"geometry":{"type":"Point","coordinates":[-2.9255555555555555,51.60194444444445]}},{"type":"Feature","properties":{"VRP name":"M4 JUNCTION 36 (SERVICES)","Latitude":"513156N","Longitude":"0033424W","Associated Aerodrome":"CARDIFF, ST ATHAN","ICAO Code":"EGFF, EGSY","Valid From":"02/10/2025","name":"M4 JUNCTION 36 (SERVICES)","ident":"M4 JUNCTION 36 (SERVICES)"},"geometry":{"type":"Point","coordinates":[-3.5733333333333333,51.532222222222224]}},{"type":"Feature","properties":{"VRP name":"M40 JUNCTION 2","Latitude":"513539.70N","Longitude":"0003739.12W","Associated Aerodrome":"LONDON HEATHROW","ICAO Code":"EGLL","Valid From":"02/10/2025","name":"M40 JUNCTION 2","ident":"M40 JUNCTION 2"},"geometry":{"type":"Point","coordinates":[-0.6275333333333334,51.59436111111111]}},{"type":"Feature","properties":{"VRP name":"M40/M42 INTERCHANGE","Latitude":"522055.00N","Longitude":"0014835.00W","Associated Aerodrome":"BIRMINGHAM","ICAO Code":"EGBB","Valid From":"02/10/2025","name":"M40/M42 INTERCHANGE","ident":"M40/M42 INTERCHANGE"},"geometry":{"type":"Point","coordinates":[-1.8097222222222222,52.34861111111111]}},{"type":"Feature","properties":{"VRP name":"M42 JUNCTION 10 (TAMWORTH)","Latitude":"523612.00N","Longitude":"0013833.00W","Associated Aerodrome":"BIRMINGHAM","ICAO Code":"EGBB","Valid From":"02/10/2025","name":"M42 JUNCTION 10 (TAMWORTH)","ident":"M42 JUNCTION 10 (TAMWORTH)"},"geometry":{"type":"Point","coordinates":[-1.6425,52.60333333333333]}},{"type":"Feature","properties":{"VRP name":"M42 JUNCTION 11 (MEASHAM)","Latitude":"524120.00N","Longitude":"0013253.00W","Associated Aerodrome":"EAST MIDLANDS","ICAO Code":"EGNX","Valid From":"02/10/2025","name":"M42 JUNCTION 11 (MEASHAM)","ident":"M42 JUNCTION 11 (MEASHAM)"},"geometry":{"type":"Point","coordinates":[-1.5480555555555555,52.68888888888888]}},{"type":"Feature","properties":{"VRP name":"M48 OLD SEVERN BRIDGE","Latitude":"513640.00N","Longitude":"0023837.00W","Associated Aerodrome":"BRISTOL, CARDIFF, ST ATHAN","ICAO Code":"EGGD, EGFF, EGSY","Valid From":"02/10/2025","name":"M48 OLD SEVERN BRIDGE","ident":"M48 OLD SEVERN BRIDGE"},"geometry":{"type":"Point","coordinates":[-2.643611111111111,51.611111111111114]}},{"type":"Feature","properties":{"VRP name":"M5 AVON BRIDGE","Latitude":"512920.06N","Longitude":"0024134.59W","Associated Aerodrome":"BRISTOL","ICAO Code":"EGGD","Valid From":"02/10/2025","name":"M5 AVON BRIDGE","ident":"M5 AVON BRIDGE"},"geometry":{"type":"Point","coordinates":[-2.692941666666667,51.488905555555554]}},{"type":"Feature","properties":{"VRP name":"M5 SEDGEMOOR SERVICES","Latitude":"511608.11N","Longitude":"0025516.58W","Associated Aerodrome":"BRISTOL","ICAO Code":"EGGD","Valid From":"02/10/2025","name":"M5 SEDGEMOOR SERVICES","ident":"M5 SEDGEMOOR SERVICES"},"geometry":{"type":"Point","coordinates":[-2.921272222222222,51.26891944444444]}},{"type":"Feature","properties":{"VRP name":"M53 JUNCTION 11 (STOAK INTERCHANGE)","Latitude":"531503.00N","Longitude":"0025222.00W","Associated Aerodrome":"LIVERPOOL","ICAO Code":"EGGP","Valid From":"02/10/2025","name":"M53 JUNCTION 11 (STOAK INTERCHANGE)","ident":"M53 JUNCTION 11 (STOAK INTERCHANGE)"},"geometry":{"type":"Point","coordinates":[-2.872777777777778,53.25083333333333]}},{"type":"Feature","properties":{"VRP name":"M55 JUNCTION 3","Latitude":"534825.00N","Longitude":"0025323.00W","Associated Aerodrome":"BLACKPOOL, WARTON","ICAO Code":"EGNH, EGNO","Valid From":"02/10/2025","name":"M55 JUNCTION 3","ident":"M55 JUNCTION 3"},"geometry":{"type":"Point","coordinates":[-2.8897222222222223,53.80694444444444]}},{"type":"Feature","properties":{"VRP name":"M55 JUNCTION 4","Latitude":"534737.98N","Longitude":"0025905.26W","Associated Aerodrome":"BLACKPOOL","ICAO Code":"EGNH","Valid From":"02/10/2025","name":"M55 JUNCTION 4","ident":"M55 JUNCTION 4"},"geometry":{"type":"Point","coordinates":[-2.9847944444444443,53.79388333333333]}},{"type":"Feature","properties":{"VRP name":"M56 JUNCTION 10","Latitude":"532004N","Longitude":"0023417W","Associated Aerodrome":"MANCHESTER","ICAO Code":"EGCC","Valid From":"02/10/2025","name":"M56 JUNCTION 10","ident":"M56 JUNCTION 10"},"geometry":{"type":"Point","coordinates":[-2.5713888888888885,53.33444444444444]}},{"type":"Feature","properties":{"VRP name":"M56 JUNCTION 11","Latitude":"531938N","Longitude":"0023837W","Associated Aerodrome":"LIVERPOOL, MANCHESTER","ICAO Code":"EGGP, EGCC","Valid From":"02/10/2025","name":"M56 JUNCTION 11","ident":"M56 JUNCTION 11"},"geometry":{"type":"Point","coordinates":[-2.643611111111111,53.327222222222225]}},{"type":"Feature","properties":{"VRP name":"M6 HILTON PARK SERVICES","Latitude":"523838.00N","Longitude":"0020323.00W","Associated Aerodrome":"BIRMINGHAM","ICAO Code":"EGBB","Valid From":"02/10/2025","name":"M6 HILTON PARK SERVICES","ident":"M6 HILTON PARK SERVICES"},"geometry":{"type":"Point","coordinates":[-2.056388888888889,52.64388888888889]}},{"type":"Feature","properties":{"VRP name":"M6 JUNCTION 3 (BEDWORTH)","Latitude":"522745.00N","Longitude":"0012939.00W","Associated Aerodrome":"BIRMINGHAM","ICAO Code":"EGBB","Valid From":"02/10/2025","name":"M6 JUNCTION 3 (BEDWORTH)","ident":"M6 JUNCTION 3 (BEDWORTH)"},"geometry":{"type":"Point","coordinates":[-1.4941666666666666,52.462500000000006]}},{"type":"Feature","properties":{"VRP name":"M6 JUNCTION 30/M61","Latitude":"534408.10N","Longitude":"0023856.10W","Associated Aerodrome":"WARTON","ICAO Code":"EGNO","Valid From":"02/10/2025","name":"M6 JUNCTION 30/M61","ident":"M6 JUNCTION 30/M61"},"geometry":{"type":"Point","coordinates":[-2.6489166666666666,53.73558333333333]}},{"type":"Feature","properties":{"VRP name":"M6 JUNCTION 32/M55","Latitude":"534827.40N","Longitude":"0024158.80W","Associated Aerodrome":"WARTON","ICAO Code":"EGNO","Valid From":"02/10/2025","name":"M6 JUNCTION 32/M55","ident":"M6 JUNCTION 32/M55"},"geometry":{"type":"Point","coordinates":[-2.699666666666667,53.80761111111111]}},{"type":"Feature","properties":{"VRP name":"M6 SANDBACH SERVICES","Latitude":"530822.00N","Longitude":"0022011.00W","Associated Aerodrome":"MANCHESTER","ICAO Code":"EGCC","Valid From":"02/10/2025","name":"M6 SANDBACH SERVICES","ident":"M6 SANDBACH SERVICES"},"geometry":{"type":"Point","coordinates":[-2.336388888888889,53.13944444444444]}},{"type":"Feature","properties":{"VRP name":"M8 JUNCTION 1 (HERMISTON)","Latitude":"555530N","Longitude":"0031843W","Associated Aerodrome":"EDINBURGH","ICAO Code":"EGPH","Valid From":"02/10/2025","name":"M8 JUNCTION 1 (HERMISTON)","ident":"M8 JUNCTION 1 (HERMISTON)"},"geometry":{"type":"Point","coordinates":[-3.3119444444444444,55.925]}},{"type":"Feature","properties":{"VRP name":"M9 JUNCTION 1A (KIRKLISTON)","Latitude":"555718N","Longitude":"0032508W","Associated Aerodrome":"EDINBURGH","ICAO Code":"EGPH","Valid From":"02/10/2025","name":"M9 JUNCTION 1A (KIRKLISTON)","ident":"M9 JUNCTION 1A (KIRKLISTON)"},"geometry":{"type":"Point","coordinates":[-3.4188888888888886,55.955000000000005]}},{"type":"Feature","properties":{"VRP name":"M9 JUNCTION 2 (PHILPSTOUN)","Latitude":"555854N","Longitude":"0033043W","Associated Aerodrome":"EDINBURGH","ICAO Code":"EGPH","Valid From":"02/10/2025","name":"M9 JUNCTION 2 (PHILPSTOUN)","ident":"M9 JUNCTION 2 (PHILPSTOUN)"},"geometry":{"type":"Point","coordinates":[-3.5119444444444445,55.98166666666667]}},{"type":"Feature","properties":{"VRP name":"M9 JUNCTION 4 (POLMONT)","Latitude":"555920.00N","Longitude":"0034100.00W","Associated Aerodrome":"EDINBURGH","ICAO Code":"EGPH","Valid From":"02/10/2025","name":"M9 JUNCTION 4 (POLMONT)","ident":"M9 JUNCTION 4 (POLMONT)"},"geometry":{"type":"Point","coordinates":[-3.6833333333333336,55.98888888888889]}},{"type":"Feature","properties":{"VRP name":"M90 JUNCTION 4 (KELTY)","Latitude":"560747N","Longitude":"0032339W","Associated Aerodrome":"EDINBURGH","ICAO Code":"EGPH","Valid From":"02/10/2025","name":"M90 JUNCTION 4 (KELTY)","ident":"M90 JUNCTION 4 (KELTY)"},"geometry":{"type":"Point","coordinates":[-3.3941666666666666,56.12972222222222]}},{"type":"Feature","properties":{"VRP name":"MACCLESFIELD SOUTH","Latitude":"531410N","Longitude":"0020805W","Associated Aerodrome":"MANCHESTER","ICAO Code":"EGCC","Valid From":"02/10/2025","name":"MACCLESFIELD SOUTH","ident":"MACCLESFIELD SOUTH"},"geometry":{"type":"Point","coordinates":[-2.1347222222222224,53.236111111111114]}},{"type":"Feature","properties":{"VRP name":"MAPLE CROSS","Latitude":"513746.00N","Longitude":"0003015.00W","Associated Aerodrome":"DENHAM","ICAO Code":"EGLD","Valid From":"02/10/2025","name":"MAPLE CROSS","ident":"MAPLE CROSS"},"geometry":{"type":"Point","coordinates":[-0.5041666666666667,51.629444444444445]}},{"type":"Feature","properties":{"VRP name":"MAUCHLINE (A76 JUNCTION)","Latitude":"553057N","Longitude":"0042245W","Associated Aerodrome":"PRESTWICK","ICAO Code":"EGPK","Valid From":"02/10/2025","name":"MAUCHLINE (A76 JUNCTION)","ident":"MAUCHLINE (A76 JUNCTION)"},"geometry":{"type":"Point","coordinates":[-4.379166666666666,55.51583333333333]}},{"type":"Feature","properties":{"VRP name":"MELDRUM TV MAST","Latitude":"572309.20N","Longitude":"0022403.10W","Associated Aerodrome":"ABERDEEN/DYCE","ICAO Code":"EGPD","Valid From":"02/10/2025","name":"MELDRUM TV MAST","ident":"MELDRUM TV MAST"},"geometry":{"type":"Point","coordinates":[-2.400861111111111,57.385888888888886]}},{"type":"Feature","properties":{"VRP name":"MELTON MOWBRAY (DISUSED AD)","Latitude":"524422.00N","Longitude":"0005334.00W","Associated Aerodrome":"EAST MIDLANDS","ICAO Code":"EGNX","Valid From":"02/10/2025","name":"MELTON MOWBRAY (DISUSED AD)","ident":"MELTON MOWBRAY (DISUSED AD)"},"geometry":{"type":"Point","coordinates":[-0.8927777777777778,52.739444444444445]}},{"type":"Feature","properties":{"VRP name":"MIDDLEBROOK STADIUM","Latitude":"533450N","Longitude":"0023208W","Associated Aerodrome":"MANCHESTER, MANCHESTER BARTON","ICAO Code":"EGCC, EGCB","Valid From":"02/10/2025","name":"MIDDLEBROOK STADIUM","ident":"MIDDLEBROOK STADIUM"},"geometry":{"type":"Point","coordinates":[-2.5355555555555553,53.580555555555556]}},{"type":"Feature","properties":{"VRP name":"MINEHEAD","Latitude":"511221.00N","Longitude":"0032830.00W","Associated Aerodrome":"CARDIFF, ST ATHAN","ICAO Code":"EGFF, EGSY","Valid From":"02/10/2025","name":"MINEHEAD","ident":"MINEHEAD"},"geometry":{"type":"Point","coordinates":[-3.475,51.20583333333334]}},{"type":"Feature","properties":{"VRP name":"MINQUIES","Latitude":"485800N","Longitude":"0020800W","Associated Aerodrome":"GUERNSEY, JERSEY","ICAO Code":"EGJB, EGJJ","Valid From":"02/10/2025","name":"MINQUIES","ident":"MINQUIES"},"geometry":{"type":"Point","coordinates":[-2.1333333333333333,48.96666666666667]}},{"type":"Feature","properties":{"VRP name":"MONACH ISLANDS LIGHTHOUSE","Latitude":"573135N","Longitude":"0074139W","Associated Aerodrome":"BENBECULA","ICAO Code":"EGPL","Valid From":"02/10/2025","name":"MONACH ISLANDS LIGHTHOUSE","ident":"MONACH ISLANDS LIGHTHOUSE"},"geometry":{"type":"Point","coordinates":[-7.694166666666667,57.52638888888889]}},{"type":"Feature","properties":{"VRP name":"MONTFORD BRIDGE (DISUSED AD)","Latitude":"524455.00N","Longitude":"0025037.00W","Associated Aerodrome":"SLEAP","ICAO Code":"EGCV","Valid From":"02/10/2025","name":"MONTFORD BRIDGE (DISUSED AD)","ident":"MONTFORD BRIDGE (DISUSED AD)"},"geometry":{"type":"Point","coordinates":[-2.843611111111111,52.74861111111111]}},{"type":"Feature","properties":{"VRP name":"MORPETH RAILWAY STATION","Latitude":"550945N","Longitude":"0014058W","Associated Aerodrome":"NEWCASTLE","ICAO Code":"EGNT","Valid From":"02/10/2025","name":"MORPETH RAILWAY STATION","ident":"MORPETH RAILWAY STATION"},"geometry":{"type":"Point","coordinates":[-1.6827777777777777,55.1625]}},{"type":"Feature","properties":{"VRP name":"MOUSA LIGHTHOUSE","Latitude":"595949N","Longitude":"0010927W","Associated Aerodrome":"SUMBURGH","ICAO Code":"EGPB","Valid From":"02/10/2025","name":"MOUSA LIGHTHOUSE","ident":"MOUSA LIGHTHOUSE"},"geometry":{"type":"Point","coordinates":[-1.1575,59.996944444444445]}},{"type":"Feature","properties":{"VRP name":"MOVILLE QUAY","Latitude":"551111N","Longitude":"0070231W","Associated Aerodrome":"LONDONDERRY/EGLINTON","ICAO Code":"EGAE","Valid From":"02/10/2025","name":"MOVILLE QUAY","ident":"MOVILLE QUAY"},"geometry":{"type":"Point","coordinates":[-7.041944444444444,55.186388888888885]}},{"type":"Feature","properties":{"VRP name":"MULL OF KINTYRE LIGHTHOUSE","Latitude":"551841N","Longitude":"0054812W","Associated Aerodrome":"CAMPBELTOWN","ICAO Code":"EGEC","Valid From":"02/10/2025","name":"MULL OF KINTYRE LIGHTHOUSE","ident":"MULL OF KINTYRE LIGHTHOUSE"},"geometry":{"type":"Point","coordinates":[-5.803333333333333,55.311388888888885]}},{"type":"Feature","properties":{"VRP name":"MULL OF OA","Latitude":"553530N","Longitude":"0062018W","Associated Aerodrome":"ISLAY","ICAO Code":"EGPI","Valid From":"02/10/2025","name":"MULL OF OA","ident":"MULL OF OA"},"geometry":{"type":"Point","coordinates":[-6.338333333333333,55.59166666666667]}},{"type":"Feature","properties":{"VRP name":"MUNLOCHY BAY POINT","Latitude":"573231N","Longitude":"0041239W","Associated Aerodrome":"INVERNESS","ICAO Code":"EGPE","Valid From":"02/10/2025","name":"MUNLOCHY BAY POINT","ident":"MUNLOCHY BAY POINT"},"geometry":{"type":"Point","coordinates":[-4.210833333333333,57.54194444444444]}},{"type":"Feature","properties":{"VRP name":"MUSSELBURGH RACECOURSE","Latitude":"555650.00N","Longitude":"0030225.00W","Associated Aerodrome":"EDINBURGH","ICAO Code":"EGPH","Valid From":"02/10/2025","name":"MUSSELBURGH RACECOURSE","ident":"MUSSELBURGH RACECOURSE"},"geometry":{"type":"Point","coordinates":[-3.040277777777778,55.947222222222216]}},{"type":"Feature","properties":{"VRP name":"NABURN MARINA","Latitude":"535433.85N","Longitude":"0010522.80W","Associated Aerodrome":"LEEDS EAST","ICAO Code":"EGCM","Valid From":"02/10/2025","name":"NABURN MARINA","ident":"NABURN MARINA"},"geometry":{"type":"Point","coordinates":[-1.0896666666666666,53.90940277777778]}},{"type":"Feature","properties":{"VRP name":"NASH POINT LIGHTHOUSE","Latitude":"512403.00N","Longitude":"0033308.00W","Associated Aerodrome":"CARDIFF, ST ATHAN","ICAO Code":"EGFF, EGSY","Valid From":"02/10/2025","name":"NASH POINT LIGHTHOUSE","ident":"NASH POINT LIGHTHOUSE"},"geometry":{"type":"Point","coordinates":[-3.552222222222222,51.40083333333333]}},{"type":"Feature","properties":{"VRP name":"NEEDLES LIGHTHOUSE","Latitude":"503945N","Longitude":"0013529W","Associated Aerodrome":"BOURNEMOUTH, SOUTHAMPTON","ICAO Code":"EGHH, EGHI","Valid From":"02/10/2025","name":"NEEDLES LIGHTHOUSE","ident":"NEEDLES LIGHTHOUSE"},"geometry":{"type":"Point","coordinates":[-1.591388888888889,50.6625]}},{"type":"Feature","properties":{"VRP name":"NESTON","Latitude":"531730.00N","Longitude":"0030336.00W","Associated Aerodrome":"LIVERPOOL","ICAO Code":"EGGP","Valid From":"02/10/2025","name":"NESTON","ident":"NESTON"},"geometry":{"type":"Point","coordinates":[-3.0599999999999996,53.291666666666664]}},{"type":"Feature","properties":{"VRP name":"NEW ALRESFORD","Latitude":"510519.70N","Longitude":"0010859.10W","Associated Aerodrome":"SOUTHAMPTON","ICAO Code":"EGHI","Valid From":"02/10/2025","name":"NEW ALRESFORD","ident":"NEW ALRESFORD"},"geometry":{"type":"Point","coordinates":[-1.14975,51.08880555555556]}},{"type":"Feature","properties":{"VRP name":"NEW BUILDINGS","Latitude":"545730N","Longitude":"0072130W","Associated Aerodrome":"LONDONDERRY/EGLINTON","ICAO Code":"EGAE","Valid From":"02/10/2025","name":"NEW BUILDINGS","ident":"NEW BUILDINGS"},"geometry":{"type":"Point","coordinates":[-7.358333333333333,54.958333333333336]}},{"type":"Feature","properties":{"VRP name":"NEWTON CUNNINGHAM","Latitude":"545954N","Longitude":"0073024W","Associated Aerodrome":"LONDONDERRY/EGLINTON","ICAO Code":"EGAE","Valid From":"02/10/2025","name":"NEWTON CUNNINGHAM","ident":"NEWTON CUNNINGHAM"},"geometry":{"type":"Point","coordinates":[-7.506666666666667,54.998333333333335]}},{"type":"Feature","properties":{"VRP name":"NOIRMONT POINT LIGHTHOUSE","Latitude":"490955N","Longitude":"0021005W","Associated Aerodrome":"GUERNSEY, JERSEY","ICAO Code":"EGJB, EGJJ","Valid From":"02/10/2025","name":"NOIRMONT POINT LIGHTHOUSE","ident":"NOIRMONT POINT LIGHTHOUSE"},"geometry":{"type":"Point","coordinates":[-2.1680555555555556,49.165277777777774]}},{"type":"Feature","properties":{"VRP name":"NORFOLK SHOWGROUND","Latitude":"523901N","Longitude":"0011107E","Associated Aerodrome":"NORWICH","ICAO Code":"EGSH","Valid From":"02/10/2025","name":"NORFOLK SHOWGROUND","ident":"NORFOLK SHOWGROUND"},"geometry":{"type":"Point","coordinates":[1.1852777777777779,52.650277777777774]}},{"type":"Feature","properties":{"VRP name":"NORTH COAST","Latitude":"555600N","Longitude":"0060954W","Associated Aerodrome":"ISLAY","ICAO Code":"EGPI","Valid From":"02/10/2025","name":"NORTH COAST","ident":"NORTH COAST"},"geometry":{"type":"Point","coordinates":[-6.165,55.93333333333333]}},{"type":"Feature","properties":{"VRP name":"NORTH TERMINAL","Latitude":"510940.00N","Longitude":"0001043.28W","Associated Aerodrome":"LONDON GATWICK","ICAO Code":"EGKK","Valid From":"02/10/2025","name":"NORTH TERMINAL","ident":"NORTH TERMINAL"},"geometry":{"type":"Point","coordinates":[-0.17868888888888887,51.16111111111111]}},{"type":"Feature","properties":{"VRP name":"NORTH TOWER HUMBER BRIDGE","Latitude":"534251N","Longitude":"0002702W","Associated Aerodrome":"HUMBERSIDE","ICAO Code":"EGNJ","Valid From":"02/10/2025","name":"NORTH TOWER HUMBER BRIDGE","ident":"NORTH TOWER HUMBER BRIDGE"},"geometry":{"type":"Point","coordinates":[-0.45055555555555554,53.71416666666667]}},{"type":"Feature","properties":{"VRP name":"NORTHALLERTON","Latitude":"542020.00N","Longitude":"0012555.00W","Associated Aerodrome":"TEESSIDE INTERNATIONAL","ICAO Code":"EGNV","Valid From":"02/10/2025","name":"NORTHALLERTON","ident":"NORTHALLERTON"},"geometry":{"type":"Point","coordinates":[-1.4319444444444445,54.33888888888889]}},{"type":"Feature","properties":{"VRP name":"NORTHEY ISLAND","Latitude":"514320N","Longitude":"0004319E","Associated Aerodrome":"SOUTHEND","ICAO Code":"EGMC","Valid From":"02/10/2025","name":"NORTHEY ISLAND","ident":"NORTHEY ISLAND"},"geometry":{"type":"Point","coordinates":[0.7219444444444445,51.72222222222222]}},{"type":"Feature","properties":{"VRP name":"NUNEATON (DISUSED AD)","Latitude":"523354N","Longitude":"0012653W","Associated Aerodrome":"COVENTRY","ICAO Code":"EGBE","Valid From":"02/10/2025","name":"NUNEATON (DISUSED AD)","ident":"NUNEATON (DISUSED AD)"},"geometry":{"type":"Point","coordinates":[-1.4480555555555557,52.565]}},{"type":"Feature","properties":{"VRP name":"NUTHAMPSTEAD AD","Latitude":"515924.00N","Longitude":"0000343.00E","Associated Aerodrome":"LONDON STANSTED","ICAO Code":"EGSS","Valid From":"02/10/2025","name":"NUTHAMPSTEAD AD","ident":"NUTHAMPSTEAD AD"},"geometry":{"type":"Point","coordinates":[0.06194444444444445,51.99]}},{"type":"Feature","properties":{"VRP name":"OFFLEY","Latitude":"515601.00N","Longitude":"0002030.00W","Associated Aerodrome":"LONDON LUTON","ICAO Code":"EGGW","Valid From":"02/10/2025","name":"OFFLEY","ident":"OFFLEY"},"geometry":{"type":"Point","coordinates":[-0.3416666666666667,51.933611111111105]}},{"type":"Feature","properties":{"VRP name":"OLNEY TOWN","Latitude":"520912N","Longitude":"0004206W","Associated Aerodrome":"CRANFIELD","ICAO Code":"EGTC","Valid From":"02/10/2025","name":"OLNEY TOWN","ident":"OLNEY TOWN"},"geometry":{"type":"Point","coordinates":[-0.7016666666666667,52.15333333333333]}},{"type":"Feature","properties":{"VRP name":"OUSTON (DISUSED AD)","Latitude":"550130.00N","Longitude":"0015231.00W","Associated Aerodrome":"NEWCASTLE","ICAO Code":"EGNT","Valid From":"02/10/2025","name":"OUSTON (DISUSED AD)","ident":"OUSTON (DISUSED AD)"},"geometry":{"type":"Point","coordinates":[-1.8752777777777778,55.025]}},{"type":"Feature","properties":{"VRP name":"PADESWOOD CEMENT FACTORY","Latitude":"530916N","Longitude":"0030342W","Associated Aerodrome":"HAWARDEN","ICAO Code":"EGNR","Valid From":"02/10/2025","name":"PADESWOOD CEMENT FACTORY","ident":"PADESWOOD CEMENT FACTORY"},"geometry":{"type":"Point","coordinates":[-3.0616666666666665,53.154444444444444]}},{"type":"Feature","properties":{"VRP name":"PEEL CASTLE","Latitude":"541335N","Longitude":"0044156W","Associated Aerodrome":"ISLE OF MAN","ICAO Code":"EGNS","Valid From":"02/10/2025","name":"PEEL CASTLE","ident":"PEEL CASTLE"},"geometry":{"type":"Point","coordinates":[-4.698888888888889,54.22638888888889]}},{"type":"Feature","properties":{"VRP name":"PENDEEN LIGHTHOUSE","Latitude":"500955N","Longitude":"0054019W","Associated Aerodrome":"LAND'S END, SCILLY ISLES/ST MARY'S","ICAO Code":"EGHC, EGHE","Valid From":"02/10/2025","name":"PENDEEN LIGHTHOUSE","ident":"PENDEEN LIGHTHOUSE"},"geometry":{"type":"Point","coordinates":[-5.671944444444445,50.165277777777774]}},{"type":"Feature","properties":{"VRP name":"PENICUIK","Latitude":"554955.00N","Longitude":"0031325.00W","Associated Aerodrome":"EDINBURGH","ICAO Code":"EGPH","Valid From":"02/10/2025","name":"PENICUIK","ident":"PENICUIK"},"geometry":{"type":"Point","coordinates":[-3.2236111111111114,55.831944444444446]}},{"type":"Feature","properties":{"VRP name":"PETERHEAD","Latitude":"573025.00N","Longitude":"0014636.00W","Associated Aerodrome":"ABERDEEN/DYCE","ICAO Code":"EGPD","Valid From":"02/10/2025","name":"PETERHEAD","ident":"PETERHEAD"},"geometry":{"type":"Point","coordinates":[-1.7766666666666666,57.50694444444444]}},{"type":"Feature","properties":{"VRP name":"PIRTON","Latitude":"515818.00N","Longitude":"0001954.00W","Associated Aerodrome":"LONDON LUTON","ICAO Code":"EGGW","Valid From":"02/10/2025","name":"PIRTON","ident":"PIRTON"},"geometry":{"type":"Point","coordinates":[-0.33166666666666667,51.97166666666667]}},{"type":"Feature","properties":{"VRP name":"PLADDA","Latitude":"552535N","Longitude":"0050704W","Associated Aerodrome":"CAMPBELTOWN, PRESTWICK","ICAO Code":"EGEC, EGPK","Valid From":"02/10/2025","name":"PLADDA","ident":"PLADDA"},"geometry":{"type":"Point","coordinates":[-5.1177777777777775,55.42638888888889]}},{"type":"Feature","properties":{"VRP name":"POINT OF AYR LIGHTHOUSE","Latitude":"532125.24N","Longitude":"0031919.85W","Associated Aerodrome":"HAWARDEN","ICAO Code":"EGNR","Valid From":"02/10/2025","name":"POINT OF AYR LIGHTHOUSE","ident":"POINT OF AYR LIGHTHOUSE"},"geometry":{"type":"Point","coordinates":[-3.3221805555555552,53.35701111111111]}},{"type":"Feature","properties":{"VRP name":"POINTE DE ROZEL","Latitude":"492859.00N","Longitude":"0015059.00W","Associated Aerodrome":"GUERNSEY, JERSEY","ICAO Code":"EGJB, EGJJ","Valid From":"02/10/2025","name":"POINTE DE ROZEL","ident":"POINTE DE ROZEL"},"geometry":{"type":"Point","coordinates":[-1.8497222222222223,49.48305555555556]}},{"type":"Feature","properties":{"VRP name":"PORT ELLEN","Latitude":"553800N","Longitude":"0061124W","Associated Aerodrome":"ISLAY","ICAO Code":"EGPI","Valid From":"02/10/2025","name":"PORT ELLEN","ident":"PORT ELLEN"},"geometry":{"type":"Point","coordinates":[-6.19,55.63333333333333]}},{"type":"Feature","properties":{"VRP name":"PORTADOWN","Latitude":"542530.00N","Longitude":"0062651.00W","Associated Aerodrome":"BELFAST ALDERGROVE","ICAO Code":"EGAA","Valid From":"02/10/2025","name":"PORTADOWN","ident":"PORTADOWN"},"geometry":{"type":"Point","coordinates":[-6.447500000000001,54.425]}},{"type":"Feature","properties":{"VRP name":"POULTON (DISUSED AD)","Latitude":"530756N","Longitude":"0025330W","Associated Aerodrome":"HAWARDEN","ICAO Code":"EGNR","Valid From":"02/10/2025","name":"POULTON (DISUSED AD)","ident":"POULTON (DISUSED AD)"},"geometry":{"type":"Point","coordinates":[-2.8916666666666666,53.132222222222225]}},{"type":"Feature","properties":{"VRP name":"POULTON (RAILWAY STATION)","Latitude":"535054N","Longitude":"0025925W","Associated Aerodrome":"BLACKPOOL","ICAO Code":"EGNH","Valid From":"02/10/2025","name":"POULTON (RAILWAY STATION)","ident":"POULTON (RAILWAY STATION)"},"geometry":{"type":"Point","coordinates":[-2.990277777777778,53.848333333333336]}},{"type":"Feature","properties":{"VRP name":"PUCKERIDGE A10/A120 INTERCHANGE","Latitude":"515306.00N","Longitude":"0000016.00E","Associated Aerodrome":"LONDON STANSTED","ICAO Code":"EGSS","Valid From":"02/10/2025","name":"PUCKERIDGE A10/A120 INTERCHANGE","ident":"PUCKERIDGE A10/A120 INTERCHANGE"},"geometry":{"type":"Point","coordinates":[16.0,51.885]}},{"type":"Feature","properties":{"VRP name":"QEII","Latitude":"512754.51N","Longitude":"0001532.85E","Associated Aerodrome":"LONDON CITY","ICAO Code":"EGLC","Valid From":"02/10/2025","name":"QEII","ident":"QEII"},"geometry":{"type":"Point","coordinates":[0.259125,51.46514166666667]}},{"type":"Feature","properties":{"VRP name":"RADSTOCK","Latitude":"511732.00N","Longitude":"0022655.00W","Associated Aerodrome":"BRISTOL","ICAO Code":"EGGD","Valid From":"02/10/2025","name":"RADSTOCK","ident":"RADSTOCK"},"geometry":{"type":"Point","coordinates":[-2.4486111111111115,51.29222222222222]}},{"type":"Feature","properties":{"VRP name":"REDCAR RACECOURSE","Latitude":"543626N","Longitude":"0010351W","Associated Aerodrome":"TEESSIDE INTERNATIONAL","ICAO Code":"EGNV","Valid From":"02/10/2025","name":"REDCAR RACECOURSE","ident":"REDCAR RACECOURSE"},"geometry":{"type":"Point","coordinates":[-1.0641666666666667,54.60722222222223]}},{"type":"Feature","properties":{"VRP name":"RHINNS POINT","Latitude":"554024N","Longitude":"0062906W","Associated Aerodrome":"ISLAY","ICAO Code":"EGPI","Valid From":"02/10/2025","name":"RHINNS POINT","ident":"RHINNS POINT"},"geometry":{"type":"Point","coordinates":[-6.485,55.67333333333333]}},{"type":"Feature","properties":{"VRP name":"ROCHES DOUVRES LIGHTHOUSE","Latitude":"490615N","Longitude":"0024848W","Associated Aerodrome":"GUERNSEY, JERSEY","ICAO Code":"EGJB, EGJJ","Valid From":"02/10/2025","name":"ROCHES DOUVRES LIGHTHOUSE","ident":"ROCHES DOUVRES LIGHTHOUSE"},"geometry":{"type":"Point","coordinates":[-2.813333333333333,49.10416666666667]}},{"type":"Feature","properties":{"VRP name":"ROMSEY","Latitude":"505927.00N","Longitude":"0012945.00W","Associated Aerodrome":"SOUTHAMPTON","ICAO Code":"EGHI","Valid From":"02/10/2025","name":"ROMSEY","ident":"ROMSEY"},"geometry":{"type":"Point","coordinates":[-1.4958333333333333,50.990833333333335]}},{"type":"Feature","properties":{"VRP name":"ROSEMARKIE MAST","Latitude":"573802N","Longitude":"0040422W","Associated Aerodrome":"INVERNESS","ICAO Code":"EGPE","Valid From":"02/10/2025","name":"ROSEMARKIE MAST","ident":"ROSEMARKIE MAST"},"geometry":{"type":"Point","coordinates":[-4.072777777777778,57.63388888888889]}},{"type":"Feature","properties":{"VRP name":"ROSTHERNE","Latitude":"532114.00N","Longitude":"0022307.00W","Associated Aerodrome":"MANCHESTER","ICAO Code":"EGCC","Valid From":"02/10/2025","name":"ROSTHERNE","ident":"ROSTHERNE"},"geometry":{"type":"Point","coordinates":[-2.3852777777777776,53.35388888888889]}},{"type":"Feature","properties":{"VRP name":"RUNCORN BRIDGE","Latitude":"532046.82N","Longitude":"0024416.41W","Associated Aerodrome":"LIVERPOOL","ICAO Code":"EGGP","Valid From":"02/10/2025","name":"RUNCORN BRIDGE","ident":"RUNCORN BRIDGE"},"geometry":{"type":"Point","coordinates":[-2.7378916666666666,53.346338888888894]}},{"type":"Feature","properties":{"VRP name":"SAINTFIELD","Latitude":"542737.00N","Longitude":"0054958.00W","Associated Aerodrome":"BELFAST/CITY","ICAO Code":"EGAC","Valid From":"02/10/2025","name":"SAINTFIELD","ident":"SAINTFIELD"},"geometry":{"type":"Point","coordinates":[-5.832777777777777,54.46027777777778]}},{"type":"Feature","properties":{"VRP name":"SALE WATER PARK","Latitude":"532600.00N","Longitude":"0021810.00W","Associated Aerodrome":"MANCHESTER","ICAO Code":"EGCC","Valid From":"02/10/2025","name":"SALE WATER PARK","ident":"SALE WATER PARK"},"geometry":{"type":"Point","coordinates":[-2.3027777777777776,53.43333333333333]}},{"type":"Feature","properties":{"VRP name":"SALTS MILL (SML)","Latitude":"535019N","Longitude":"0014720W","Associated Aerodrome":"LEEDS BRADFORD","ICAO Code":"EGNM","Valid From":"02/10/2025","name":"SALTS MILL (SML)","ident":"SALTS MILL (SML)"},"geometry":{"type":"Point","coordinates":[-1.7888888888888888,53.83861111111111]}},{"type":"Feature","properties":{"VRP name":"SANDA","Latitude":"551650N","Longitude":"0053453W","Associated Aerodrome":"CAMPBELTOWN","ICAO Code":"EGEC","Valid From":"02/10/2025","name":"SANDA","ident":"SANDA"},"geometry":{"type":"Point","coordinates":[-5.581388888888888,55.28055555555555]}},{"type":"Feature","properties":{"VRP name":"SANDBANKS","Latitude":"504100.00N","Longitude":"0015650.00W","Associated Aerodrome":"BOURNEMOUTH","ICAO Code":"EGHH","Valid From":"02/10/2025","name":"SANDBANKS","ident":"SANDBANKS"},"geometry":{"type":"Point","coordinates":[-1.9472222222222222,50.68333333333333]}},{"type":"Feature","properties":{"VRP name":"SCALPAY ISLAND","Latitude":"575157.00N","Longitude":"0064025.00W","Associated Aerodrome":"STORNOWAY","ICAO Code":"EGPO","Valid From":"02/10/2025","name":"SCALPAY ISLAND","ident":"SCALPAY ISLAND"},"geometry":{"type":"Point","coordinates":[-6.673611111111112,57.865833333333335]}},{"type":"Feature","properties":{"VRP name":"SCARP ISLAND","Latitude":"580127.00N","Longitude":"0070801.00W","Associated Aerodrome":"STORNOWAY","ICAO Code":"EGPO","Valid From":"02/10/2025","name":"SCARP ISLAND","ident":"SCARP ISLAND"},"geometry":{"type":"Point","coordinates":[-7.133611111111112,58.024166666666666]}},{"type":"Feature","properties":{"VRP name":"SEAFORTH DOCK","Latitude":"532741.00N","Longitude":"0030205.00W","Associated Aerodrome":"LIVERPOOL","ICAO Code":"EGGP","Valid From":"02/10/2025","name":"SEAFORTH DOCK","ident":"SEAFORTH DOCK"},"geometry":{"type":"Point","coordinates":[-3.0347222222222223,53.46138888888889]}},{"type":"Feature","properties":{"VRP name":"SEYMOUR TOWER","Latitude":"490927.00N","Longitude":"0020028.00W","Associated Aerodrome":"GUERNSEY, JERSEY","ICAO Code":"EGJB, EGJJ","Valid From":"02/10/2025","name":"SEYMOUR TOWER","ident":"SEYMOUR TOWER"},"geometry":{"type":"Point","coordinates":[-2.0077777777777777,49.1575]}},{"type":"Feature","properties":{"VRP name":"SHEERNESS DOCKS","Latitude":"512649N","Longitude":"0004441E","Associated Aerodrome":"SOUTHEND","ICAO Code":"EGMC","Valid From":"02/10/2025","name":"SHEERNESS DOCKS","ident":"SHEERNESS DOCKS"},"geometry":{"type":"Point","coordinates":[0.7447222222222222,51.44694444444444]}},{"type":"Feature","properties":{"VRP name":"SHIANT ISLES","Latitude":"575334.00N","Longitude":"0062117.00W","Associated Aerodrome":"STORNOWAY","ICAO Code":"EGPO","Valid From":"02/10/2025","name":"SHIANT ISLES","ident":"SHIANT ISLES"},"geometry":{"type":"Point","coordinates":[-6.354722222222222,57.89277777777778]}},{"type":"Feature","properties":{"VRP name":"SOUTH WOODHAM FERRERS SEWAGE WORKS","Latitude":"513841N","Longitude":"0003606E","Associated Aerodrome":"SOUTHEND","ICAO Code":"EGMC","Valid From":"02/10/2025","name":"SOUTH WOODHAM FERRERS SEWAGE WORKS","ident":"SOUTH WOODHAM FERRERS SEWAGE WORKS"},"geometry":{"type":"Point","coordinates":[0.6016666666666667,51.64472222222222]}},{"type":"Feature","properties":{"VRP name":"SOUTHAM","Latitude":"521621N","Longitude":"0012304W","Associated Aerodrome":"COVENTRY","ICAO Code":"EGBE","Valid From":"02/10/2025","name":"SOUTHAM","ident":"SOUTHAM"},"geometry":{"type":"Point","coordinates":[-1.3844444444444444,52.2725]}},{"type":"Feature","properties":{"VRP name":"SOUTHEND PIER SEAWARD END","Latitude":"513054N","Longitude":"0004319E","Associated Aerodrome":"SOUTHEND","ICAO Code":"EGMC","Valid From":"02/10/2025","name":"SOUTHEND PIER SEAWARD END","ident":"SOUTHEND PIER SEAWARD END"},"geometry":{"type":"Point","coordinates":[0.7219444444444445,51.515]}},{"type":"Feature","properties":{"VRP name":"SOUTHERN HANGAR","Latitude":"510847.83N","Longitude":"0001022.28W","Associated Aerodrome":"LONDON GATWICK","ICAO Code":"EGKK","Valid From":"02/10/2025","name":"SOUTHERN HANGAR","ident":"SOUTHERN HANGAR"},"geometry":{"type":"Point","coordinates":[-0.17285555555555554,51.14661944444445]}},{"type":"Feature","properties":{"VRP name":"SOUTHMINSTER LAKES","Latitude":"513928.00N","Longitude":"0004949.00E","Associated Aerodrome":"SOUTHEND","ICAO Code":"EGMC","Valid From":"02/10/2025","name":"SOUTHMINSTER LAKES","ident":"SOUTHMINSTER LAKES"},"geometry":{"type":"Point","coordinates":[0.8302777777777778,51.657777777777774]}},{"type":"Feature","properties":{"VRP name":"SOUTHPORT PIER","Latitude":"533919.10N","Longitude":"0030116.40W","Associated Aerodrome":"WARTON","ICAO Code":"EGNO","Valid From":"02/10/2025","name":"SOUTHPORT PIER","ident":"SOUTHPORT PIER"},"geometry":{"type":"Point","coordinates":[-3.0212222222222223,53.65530555555556]}},{"type":"Feature","properties":{"VRP name":"SPINNAKER TOWER","Latitude":"504744N","Longitude":"0010631W","Associated Aerodrome":"SOUTHAMPTON","ICAO Code":"EGHI","Valid From":"02/10/2025","name":"SPINNAKER TOWER","ident":"SPINNAKER TOWER"},"geometry":{"type":"Point","coordinates":[-1.1086111111111112,50.79555555555555]}},{"type":"Feature","properties":{"VRP name":"SPRIGGS SOLAR FARM","Latitude":"515802.63N","Longitude":"0002208.49E","Associated Aerodrome":"LONDON STANSTED","ICAO Code":"EGSS","Valid From":"02/10/2025","name":"SPRIGGS SOLAR FARM","ident":"SPRIGGS SOLAR FARM"},"geometry":{"type":"Point","coordinates":[0.369025,51.967397222222225]}},{"type":"Feature","properties":{"VRP name":"ST ANNE'S PIER","Latitude":"534456.75N","Longitude":"0030209.11W","Associated Aerodrome":"BLACKPOOL","ICAO Code":"EGNH","Valid From":"02/10/2025","name":"ST ANNE'S PIER","ident":"ST ANNE'S PIER"},"geometry":{"type":"Point","coordinates":[-3.0358638888888887,53.749097222222225]}},{"type":"Feature","properties":{"VRP name":"ST CATHERINE'S POINT","Latitude":"503435N","Longitude":"0011753W","Associated Aerodrome":"BOURNEMOUTH, SOUTHAMPTON","ICAO Code":"EGHH, EGHI","Valid From":"02/10/2025","name":"ST CATHERINE'S POINT","ident":"ST CATHERINE'S POINT"},"geometry":{"type":"Point","coordinates":[-1.2980555555555555,50.57638888888889]}},{"type":"Feature","properties":{"VRP name":"ST GERMAIN","Latitude":"491400N","Longitude":"0013800W","Associated Aerodrome":"GUERNSEY, JERSEY","ICAO Code":"EGJB, EGJJ","Valid From":"02/10/2025","name":"ST GERMAIN","ident":"ST GERMAIN"},"geometry":{"type":"Point","coordinates":[-1.6333333333333333,49.233333333333334]}},{"type":"Feature","properties":{"VRP name":"ST GILES","Latitude":"513802N","Longitude":"0003401W","Associated Aerodrome":"DENHAM","ICAO Code":"EGLD","Valid From":"02/10/2025","name":"ST GILES","ident":"ST GILES"},"geometry":{"type":"Point","coordinates":[-0.5669444444444445,51.63388888888889]}},{"type":"Feature","properties":{"VRP name":"ST HILARY TV MAST","Latitude":"512727N","Longitude":"0032411W","Associated Aerodrome":"CARDIFF, ST ATHAN","ICAO Code":"EGFF, EGSY","Valid From":"02/10/2025","name":"ST HILARY TV MAST","ident":"ST HILARY TV MAST"},"geometry":{"type":"Point","coordinates":[-3.4030555555555555,51.4575]}},{"type":"Feature","properties":{"VRP name":"ST MARTINS HEAD","Latitude":"495759.44N","Longitude":"0061558.06W","Associated Aerodrome":"SCILLY ISLES/ST MARY'S","ICAO Code":"EGHE","Valid From":"02/10/2025","name":"ST MARTINS HEAD","ident":"ST MARTINS HEAD"},"geometry":{"type":"Point","coordinates":[-6.266127777777778,49.96651111111112]}},{"type":"Feature","properties":{"VRP name":"ST MARTINS POINT","Latitude":"492517.97N","Longitude":"0023141.94W","Associated Aerodrome":"GUERNSEY, JERSEY","ICAO Code":"EGJB, EGJJ","Valid From":"02/10/2025","name":"ST MARTINS POINT","ident":"ST MARTINS POINT"},"geometry":{"type":"Point","coordinates":[-2.5283166666666665,49.42165833333333]}},{"type":"Feature","properties":{"VRP name":"ST NINIANS","Latitude":"595822N","Longitude":"0012148W","Associated Aerodrome":"SUMBURGH","ICAO Code":"EGPB","Valid From":"02/10/2025","name":"ST NINIANS","ident":"ST NINIANS"},"geometry":{"type":"Point","coordinates":[-1.3633333333333335,59.97277777777778]}},{"type":"Feature","properties":{"VRP name":"STAGSHAW MASTS","Latitude":"550200.00N","Longitude":"0020125.00W","Associated Aerodrome":"NEWCASTLE","ICAO Code":"EGNT","Valid From":"02/10/2025","name":"STAGSHAW MASTS","ident":"STAGSHAW MASTS"},"geometry":{"type":"Point","coordinates":[-2.0236111111111112,55.03333333333333]}},{"type":"Feature","properties":{"VRP name":"STEWARTBY BRICKWORKS","Latitude":"520424N","Longitude":"0003103W","Associated Aerodrome":"CRANFIELD","ICAO Code":"EGTC","Valid From":"02/10/2025","name":"STEWARTBY BRICKWORKS","ident":"STEWARTBY BRICKWORKS"},"geometry":{"type":"Point","coordinates":[-0.5175000000000001,52.07333333333334]}},{"type":"Feature","properties":{"VRP name":"STOKE HOLY CROSS MASTS","Latitude":"523430N","Longitude":"0011953E","Associated Aerodrome":"NORWICH","ICAO Code":"EGSH","Valid From":"02/10/2025","name":"STOKE HOLY CROSS MASTS","ident":"STOKE HOLY CROSS MASTS"},"geometry":{"type":"Point","coordinates":[1.331388888888889,52.575]}},{"type":"Feature","properties":{"VRP name":"STOKENCHURCH TOWER","Latitude":"513955.40N","Longitude":"0005525.73W","Associated Aerodrome":"WYCOMBE AIR PARK/BOOKER","ICAO Code":"EGTB","Valid From":"02/10/2025","name":"STOKENCHURCH TOWER","ident":"STOKENCHURCH TOWER"},"geometry":{"type":"Point","coordinates":[-0.9238138888888888,51.665388888888884]}},{"type":"Feature","properties":{"VRP name":"STOKESLEY","Latitude":"542811.00N","Longitude":"0011141.00W","Associated Aerodrome":"TEESSIDE INTERNATIONAL","ICAO Code":"EGNV","Valid From":"02/10/2025","name":"STOKESLEY","ident":"STOKESLEY"},"geometry":{"type":"Point","coordinates":[-1.1947222222222222,54.469722222222224]}},{"type":"Feature","properties":{"VRP name":"STONEHAVEN","Latitude":"565745.00N","Longitude":"0021236.00W","Associated Aerodrome":"ABERDEEN/DYCE","ICAO Code":"EGPD","Valid From":"02/10/2025","name":"STONEHAVEN","ident":"STONEHAVEN"},"geometry":{"type":"Point","coordinates":[-2.21,56.962500000000006]}},{"type":"Feature","properties":{"VRP name":"STONEY CROSS (DISUSED AD)","Latitude":"505442.00N","Longitude":"0013925.00W","Associated Aerodrome":"BOURNEMOUTH","ICAO Code":"EGHH","Valid From":"02/10/2025","name":"STONEY CROSS (DISUSED AD)","ident":"STONEY CROSS (DISUSED AD)"},"geometry":{"type":"Point","coordinates":[-1.6569444444444443,50.91166666666666]}},{"type":"Feature","properties":{"VRP name":"STRETTON (DISUSED AD)","Latitude":"532046.00N","Longitude":"0023135.00W","Associated Aerodrome":"LIVERPOOL, MANCHESTER","ICAO Code":"EGGP, EGCC","Valid From":"02/10/2025","name":"STRETTON (DISUSED AD)","ident":"STRETTON (DISUSED AD)"},"geometry":{"type":"Point","coordinates":[-2.526388888888889,53.346111111111114]}},{"type":"Feature","properties":{"VRP name":"STROMBERRY","Latitude":"590149N","Longitude":"0025601W","Associated Aerodrome":"KIRKWALL","ICAO Code":"EGPA","Valid From":"02/10/2025","name":"STROMBERRY","ident":"STROMBERRY"},"geometry":{"type":"Point","coordinates":[-2.9336111111111114,59.030277777777776]}},{"type":"Feature","properties":{"VRP name":"STUDLEY","Latitude":"521604.00N","Longitude":"0015353.00W","Associated Aerodrome":"BIRMINGHAM","ICAO Code":"EGBB","Valid From":"02/10/2025","name":"STUDLEY","ident":"STUDLEY"},"geometry":{"type":"Point","coordinates":[-1.8980555555555556,52.26777777777777]}},{"type":"Feature","properties":{"VRP name":"SUNDERLAND HARBOUR","Latitude":"545506N","Longitude":"0012130W","Associated Aerodrome":"NEWCASTLE","ICAO Code":"EGNT","Valid From":"02/10/2025","name":"SUNDERLAND HARBOUR","ident":"SUNDERLAND HARBOUR"},"geometry":{"type":"Point","coordinates":[-1.3583333333333334,54.91833333333333]}},{"type":"Feature","properties":{"VRP name":"SWINTON INTERCHANGE","Latitude":"533124.00N","Longitude":"0022136.00W","Associated Aerodrome":"MANCHESTER, MANCHESTER BARTON","ICAO Code":"EGCC, EGCB","Valid From":"02/10/2025","name":"SWINTON INTERCHANGE","ident":"SWINTON INTERCHANGE"},"geometry":{"type":"Point","coordinates":[-2.36,53.52333333333333]}},{"type":"Feature","properties":{"VRP name":"TADCASTER JUNCTION","Latitude":"535325.83N","Longitude":"0011405.94W","Associated Aerodrome":"LEEDS EAST","ICAO Code":"EGCM","Valid From":"02/10/2025","name":"TADCASTER JUNCTION","ident":"TADCASTER JUNCTION"},"geometry":{"type":"Point","coordinates":[-1.2349833333333333,53.89050833333333]}},{"type":"Feature","properties":{"VRP name":"TAFF ELY WIND FARM","Latitude":"513403.06N","Longitude":"0032815.70W","Associated Aerodrome":"CARDIFF, ST ATHAN","ICAO Code":"EGFF, EGSY","Valid From":"02/10/2025","name":"TAFF ELY WIND FARM","ident":"TAFF ELY WIND FARM"},"geometry":{"type":"Point","coordinates":[-3.471027777777778,51.56751666666667]}},{"type":"Feature","properties":{"VRP name":"TALL TOWER","Latitude":"534856.95N","Longitude":"0030318.88W","Associated Aerodrome":"BLACKPOOL","ICAO Code":"EGNH","Valid From":"02/10/2025","name":"TALL TOWER","ident":"TALL TOWER"},"geometry":{"type":"Point","coordinates":[-3.0552444444444444,53.81581944444444]}},{"type":"Feature","properties":{"VRP name":"TARBOCK ISLAND","Latitude":"532353.86N","Longitude":"0024830.41W","Associated Aerodrome":"LIVERPOOL","ICAO Code":"EGGP","Valid From":"02/10/2025","name":"TARBOCK ISLAND","ident":"TARBOCK ISLAND"},"geometry":{"type":"Point","coordinates":[-2.808447222222222,53.398294444444446]}},{"type":"Feature","properties":{"VRP name":"TARPORLEY ROUNDABOUT","Latitude":"530951.00N","Longitude":"0024034.00W","Associated Aerodrome":"LIVERPOOL","ICAO Code":"EGGP","Valid From":"02/10/2025","name":"TARPORLEY ROUNDABOUT","ident":"TARPORLEY ROUNDABOUT"},"geometry":{"type":"Point","coordinates":[-2.676111111111111,53.16416666666667]}},{"type":"Feature","properties":{"VRP name":"TARRANT RUSHTON (DISUSED AD)","Latitude":"505100.00N","Longitude":"0020442.00W","Associated Aerodrome":"BOURNEMOUTH","ICAO Code":"EGHH","Valid From":"02/10/2025","name":"TARRANT RUSHTON (DISUSED AD)","ident":"TARRANT RUSHTON (DISUSED AD)"},"geometry":{"type":"Point","coordinates":[-2.0783333333333336,50.85]}},{"type":"Feature","properties":{"VRP name":"TARVIN ROUNDABOUT","Latitude":"531141.96N","Longitude":"0024637.80W","Associated Aerodrome":"LIVERPOOL","ICAO Code":"EGGP","Valid From":"02/10/2025","name":"TARVIN ROUNDABOUT","ident":"TARVIN ROUNDABOUT"},"geometry":{"type":"Point","coordinates":[-2.7771666666666666,53.194988888888886]}},{"type":"Feature","properties":{"VRP name":"THAMES BARRIER","Latitude":"512950N","Longitude":"0000213E","Associated Aerodrome":"LONDON CITY","ICAO Code":"EGLC","Valid From":"02/10/2025","name":"THAMES BARRIER","ident":"THAMES BARRIER"},"geometry":{"type":"Point","coordinates":[0.036944444444444446,51.49722222222222]}},{"type":"Feature","properties":{"VRP name":"THE BRAIGHE","Latitude":"581222.00N","Longitude":"0061745.00W","Associated Aerodrome":"STORNOWAY","ICAO Code":"EGPO","Valid From":"02/10/2025","name":"THE BRAIGHE","ident":"THE BRAIGHE"},"geometry":{"type":"Point","coordinates":[-6.295833333333333,58.20611111111111]}},{"type":"Feature","properties":{"VRP name":"THE LIVER BUILDING (PIER HEAD)","Latitude":"532420.73N","Longitude":"0025945.19W","Associated Aerodrome":"LIVERPOOL","ICAO Code":"EGGP","Valid From":"02/10/2025","name":"THE LIVER BUILDING (PIER HEAD)","ident":"THE LIVER BUILDING (PIER HEAD)"},"geometry":{"type":"Point","coordinates":[-2.995886111111111,53.40575833333333]}},{"type":"Feature","properties":{"VRP name":"THELWALL VIADUCT","Latitude":"532326.00N","Longitude":"0023021.00W","Associated Aerodrome":"MANCHESTER, MANCHESTER BARTON","ICAO Code":"EGCC, EGCB","Valid From":"02/10/2025","name":"THELWALL VIADUCT","ident":"THELWALL VIADUCT"},"geometry":{"type":"Point","coordinates":[-2.5058333333333334,53.39055555555556]}},{"type":"Feature","properties":{"VRP name":"THORPE ROUNDABOUTS","Latitude":"523737N","Longitude":"0012242E","Associated Aerodrome":"NORWICH","ICAO Code":"EGSH","Valid From":"02/10/2025","name":"THORPE ROUNDABOUTS","ident":"THORPE ROUNDABOUTS"},"geometry":{"type":"Point","coordinates":[1.3783333333333334,52.62694444444445]}},{"type":"Feature","properties":{"VRP name":"THORSBY LAKE","Latitude":"531338N","Longitude":"0010320W","Associated Aerodrome":"RETFORD/GAMSTON","ICAO Code":"EGNE","Valid From":"02/10/2025","name":"THORSBY LAKE","ident":"THORSBY LAKE"},"geometry":{"type":"Point","coordinates":[-1.0555555555555556,53.227222222222224]}},{"type":"Feature","properties":{"VRP name":"THRUMSTER MASTS","Latitude":"582337.9071N","Longitude":"0030727.5276W","Associated Aerodrome":"WICK","ICAO Code":"EGPC","Valid From":"02/10/2025","name":"THRUMSTER MASTS","ident":"THRUMSTER MASTS"},"geometry":{"type":"Point","coordinates":[-3.1243132222222223,58.393863083333336]}},{"type":"Feature","properties":{"VRP name":"TIUMPAN HEAD LIGHTHOUSE","Latitude":"581539.00N","Longitude":"0060819.00W","Associated Aerodrome":"STORNOWAY","ICAO Code":"EGPO","Valid From":"02/10/2025","name":"TIUMPAN HEAD LIGHTHOUSE","ident":"TIUMPAN HEAD LIGHTHOUSE"},"geometry":{"type":"Point","coordinates":[-6.1386111111111115,58.26083333333333]}},{"type":"Feature","properties":{"VRP name":"TOLSTA BEACH","Latitude":"582118.00N","Longitude":"0061200.00W","Associated Aerodrome":"STORNOWAY","ICAO Code":"EGPO","Valid From":"02/10/2025","name":"TOLSTA BEACH","ident":"TOLSTA BEACH"},"geometry":{"type":"Point","coordinates":[-6.2,58.355000000000004]}},{"type":"Feature","properties":{"VRP name":"TOMATIN A9 BRIDGE","Latitude":"572011N","Longitude":"0035853W","Associated Aerodrome":"INVERNESS","ICAO Code":"EGPE","Valid From":"02/10/2025","name":"TOMATIN A9 BRIDGE","ident":"TOMATIN A9 BRIDGE"},"geometry":{"type":"Point","coordinates":[-3.981388888888889,57.33638888888889]}},{"type":"Feature","properties":{"VRP name":"TOOME (DISUSED AD)","Latitude":"544528.00N","Longitude":"0062940.00W","Associated Aerodrome":"BELFAST ALDERGROVE","ICAO Code":"EGAA","Valid From":"02/10/2025","name":"TOOME (DISUSED AD)","ident":"TOOME (DISUSED AD)"},"geometry":{"type":"Point","coordinates":[-6.4944444444444445,54.757777777777775]}},{"type":"Feature","properties":{"VRP name":"TOPSHAM","Latitude":"504123N","Longitude":"0032849W","Associated Aerodrome":"EXETER","ICAO Code":"EGTE","Valid From":"02/10/2025","name":"TOPSHAM","ident":"TOPSHAM"},"geometry":{"type":"Point","coordinates":[-3.480277777777778,50.689722222222215]}},{"type":"Feature","properties":{"VRP name":"TROWELL (M1 SERVICE AREA)","Latitude":"525742.00N","Longitude":"0011603.00W","Associated Aerodrome":"EAST MIDLANDS","ICAO Code":"EGNX","Valid From":"02/10/2025","name":"TROWELL (M1 SERVICE AREA)","ident":"TROWELL (M1 SERVICE AREA)"},"geometry":{"type":"Point","coordinates":[-1.2674999999999998,52.961666666666666]}},{"type":"Feature","properties":{"VRP name":"TUNBRIDGE WELLS","Latitude":"510800.00N","Longitude":"0001554.00E","Associated Aerodrome":"LONDON GATWICK","ICAO Code":"EGKK","Valid From":"02/10/2025","name":"TUNBRIDGE WELLS","ident":"TUNBRIDGE WELLS"},"geometry":{"type":"Point","coordinates":[0.265,51.13333333333333]}},{"type":"Feature","properties":{"VRP name":"TURRIFF","Latitude":"573219N","Longitude":"0022736W","Associated Aerodrome":"ABERDEEN/DYCE","ICAO Code":"EGPD","Valid From":"02/10/2025","name":"TURRIFF","ident":"TURRIFF"},"geometry":{"type":"Point","coordinates":[-2.46,57.53861111111111]}},{"type":"Feature","properties":{"VRP name":"TYNE BRIDGES","Latitude":"545803.00N","Longitude":"0013625.00W","Associated Aerodrome":"NEWCASTLE","ICAO Code":"EGNT","Valid From":"02/10/2025","name":"TYNE BRIDGES","ident":"TYNE BRIDGES"},"geometry":{"type":"Point","coordinates":[-1.6069444444444445,54.9675]}},{"type":"Feature","properties":{"VRP name":"VICARS CROSS ROUNDABOUT","Latitude":"531142N","Longitude":"0025038W","Associated Aerodrome":"HAWARDEN, LIVERPOOL","ICAO Code":"EGNR, EGGP","Valid From":"02/10/2025","name":"VICARS CROSS ROUNDABOUT","ident":"VICARS CROSS ROUNDABOUT"},"geometry":{"type":"Point","coordinates":[-2.843888888888889,53.19499999999999]}},{"type":"Feature","properties":{"VRP name":"WARE","Latitude":"514842.00N","Longitude":"0000136.00W","Associated Aerodrome":"LONDON STANSTED","ICAO Code":"EGSS","Valid From":"02/10/2025","name":"WARE","ident":"WARE"},"geometry":{"type":"Point","coordinates":[-136.0,51.81166666666666]}},{"type":"Feature","properties":{"VRP name":"WASHINGTON INTERSECTION (A24/A283)","Latitude":"505434N","Longitude":"0002428W","Associated Aerodrome":"SHOREHAM","ICAO Code":"EGKA","Valid From":"02/10/2025","name":"WASHINGTON INTERSECTION (A24/A283)","ident":"WASHINGTON INTERSECTION (A24/A283)"},"geometry":{"type":"Point","coordinates":[-0.4077777777777778,50.909444444444446]}},{"type":"Feature","properties":{"VRP name":"WATCHET HARBOUR","Latitude":"511055.02N","Longitude":"0031939.83W","Associated Aerodrome":"CARDIFF, ST ATHAN","ICAO Code":"EGFF, EGSY","Valid From":"02/10/2025","name":"WATCHET HARBOUR","ident":"WATCHET HARBOUR"},"geometry":{"type":"Point","coordinates":[-3.327730555555555,51.18195]}},{"type":"Feature","properties":{"VRP name":"WELLS MAST","Latitude":"511413.44N","Longitude":"0023731.36W","Associated Aerodrome":"BRISTOL","ICAO Code":"EGGD","Valid From":"02/10/2025","name":"WELLS MAST","ident":"WELLS MAST"},"geometry":{"type":"Point","coordinates":[-2.6253777777777776,51.23706666666667]}},{"type":"Feature","properties":{"VRP name":"WEMBLEY","Latitude":"513321.85N","Longitude":"0001646.42W","Associated Aerodrome":"LONDON HEATHROW","ICAO Code":"EGLL","Valid From":"02/10/2025","name":"WEMBLEY","ident":"WEMBLEY"},"geometry":{"type":"Point","coordinates":[-0.2795611111111111,51.55606944444444]}},{"type":"Feature","properties":{"VRP name":"WENVOE TV MAST","Latitude":"512733.48N","Longitude":"0031653.65W","Associated Aerodrome":"CARDIFF, ST ATHAN","ICAO Code":"EGFF, EGSY","Valid From":"02/10/2025","name":"WENVOE TV MAST","ident":"WENVOE TV MAST"},"geometry":{"type":"Point","coordinates":[-3.2815694444444445,51.459300000000006]}},{"type":"Feature","properties":{"VRP name":"WEST KILBRIDE BEACH","Latitude":"554108N","Longitude":"0045205W","Associated Aerodrome":"PRESTWICK","ICAO Code":"EGPK","Valid From":"02/10/2025","name":"WEST KILBRIDE BEACH","ident":"WEST KILBRIDE BEACH"},"geometry":{"type":"Point","coordinates":[-4.868055555555556,55.68555555555555]}},{"type":"Feature","properties":{"VRP name":"WEST LINTON GOLF COURSE","Latitude":"554509N","Longitude":"0032244W","Associated Aerodrome":"EDINBURGH","ICAO Code":"EGPH","Valid From":"02/10/2025","name":"WEST LINTON GOLF COURSE","ident":"WEST LINTON GOLF COURSE"},"geometry":{"type":"Point","coordinates":[-3.378888888888889,55.7525]}},{"type":"Feature","properties":{"VRP name":"WEST MEON CROSS ROADS","Latitude":"510152.90N","Longitude":"0010430.22W","Associated Aerodrome":"SOUTHAMPTON","ICAO Code":"EGHI","Valid From":"02/10/2025","name":"WEST MEON CROSS ROADS","ident":"WEST MEON CROSS ROADS"},"geometry":{"type":"Point","coordinates":[-1.075061111111111,51.03136111111111]}},{"type":"Feature","properties":{"VRP name":"WHALEY BRIDGE","Latitude":"531935N","Longitude":"0015930W","Associated Aerodrome":"MANCHESTER","ICAO Code":"EGCC","Valid From":"02/10/2025","name":"WHALEY BRIDGE","ident":"WHALEY BRIDGE"},"geometry":{"type":"Point","coordinates":[-1.9916666666666667,53.32638888888889]}},{"type":"Feature","properties":{"VRP name":"WHITEHEAD","Latitude":"544510.00N","Longitude":"0054234.00W","Associated Aerodrome":"BELFAST/CITY","ICAO Code":"EGAC","Valid From":"02/10/2025","name":"WHITEHEAD","ident":"WHITEHEAD"},"geometry":{"type":"Point","coordinates":[-5.709444444444444,54.75277777777778]}},{"type":"Feature","properties":{"VRP name":"WHITSTABLE HARBOUR","Latitude":"512148N","Longitude":"0010136E","Associated Aerodrome":"SOUTHEND","ICAO Code":"EGMC","Valid From":"02/10/2025","name":"WHITSTABLE HARBOUR","ident":"WHITSTABLE HARBOUR"},"geometry":{"type":"Point","coordinates":[1.0266666666666666,51.36333333333334]}},{"type":"Feature","properties":{"VRP name":"WICKHAM","Latitude":"505400.03N","Longitude":"0011114.80W","Associated Aerodrome":"SOUTHAMPTON","ICAO Code":"EGHI","Valid From":"02/10/2025","name":"WICKHAM","ident":"WICKHAM"},"geometry":{"type":"Point","coordinates":[-1.1874444444444445,50.90000833333333]}},{"type":"Feature","properties":{"VRP name":"WIGAN LAKES","Latitude":"533116.81N","Longitude":"0023740.26W","Associated Aerodrome":"LIVERPOOL, MANCHESTER, MANCHESTER BARTON","ICAO Code":"EGGP, EGCC, EGCB","Valid From":"02/10/2025","name":"WIGAN LAKES","ident":"WIGAN LAKES"},"geometry":{"type":"Point","coordinates":[-2.62785,53.52133611111111]}},{"type":"Feature","properties":{"VRP name":"WINSFORD FLASH","Latitude":"531106N","Longitude":"0023044W","Associated Aerodrome":"MANCHESTER","ICAO Code":"EGCC","Valid From":"02/10/2025","name":"WINSFORD FLASH","ident":"WINSFORD FLASH"},"geometry":{"type":"Point","coordinates":[-2.5122222222222224,53.184999999999995]}},{"type":"Feature","properties":{"VRP name":"WINTER HILL MAST","Latitude":"533732.01N","Longitude":"0023053.74W","Associated Aerodrome":"LIVERPOOL, MANCHESTER, MANCHESTER BARTON","ICAO Code":"EGGP, EGCC, EGCB","Valid From":"02/10/2025","name":"WINTER HILL MAST","ident":"WINTER HILL MAST"},"geometry":{"type":"Point","coordinates":[-2.514927777777778,53.62555833333333]}},{"type":"Feature","properties":{"VRP name":"WOBURN TOWN","Latitude":"515924N","Longitude":"0003709W","Associated Aerodrome":"CRANFIELD","ICAO Code":"EGTC","Valid From":"02/10/2025","name":"WOBURN TOWN","ident":"WOBURN TOWN"},"geometry":{"type":"Point","coordinates":[-0.6191666666666666,51.99]}},{"type":"Feature","properties":{"VRP name":"WORPLESDON RAILWAY STATION","Latitude":"511716N","Longitude":"0003457W","Associated Aerodrome":"FARNBOROUGH","ICAO Code":"EGLF","Valid From":"02/10/2025","name":"WORPLESDON RAILWAY STATION","ident":"WORPLESDON RAILWAY STATION"},"geometry":{"type":"Point","coordinates":[-0.5825,51.28777777777778]}}]}